tick,timestamp,actual_d_yaw,pred_d_yaw,actual_d_pitch,pred_d_pitch,actual_jump,actual_sneak,actual_attack,actual_place,pred_jump_prob,pred_sneak_prob,pred_attack_prob,pred_place_prob,actual_place_block_type,pred_place_block_type_top1
0,2026-08-04T18:31:49.786Z,0.0,nan,0.0,nan,0,0,0,0,nan,nan,nan,nan,,
1,2026-08-04T18:31:49.800Z,0.0,nan,0.0,nan,0,0,0,0,nan,nan,nan,nan,,
2,2026-08-04T18:31:49.804Z,0.0,nan,0.0,nan,0,0,0,0,nan,nan,nan,nan,,
3,2026-08-04T18:31:49.809Z,0.0,nan,0.0,nan,0,0,0,0,nan,nan,nan,nan,,
4,2026-08-04T18:31:49.813Z,0.0,nan,0.0,nan,0,0,0,0,nan,nan,nan,nan,,
5,2026-08-04T18:31:49.880Z,0.0,nan,0.0,nan,0,0,0,0,nan,nan,nan,nan,,
6,2026-08-04T18:31:49.883Z,0.0,nan,0.0,nan,0,0,0,0,nan,nan,nan,nan,,
7,2026-08-04T18:31:49.886Z,0.0,nan,0.0,nan,0,0,0,0,nan,nan,nan,nan,,
8,2026-08-04T18:31:49.920Z,0.0,nan,0.0,nan,0,0,0,0,nan,nan,nan,nan,,
9,2026-08-04T18:31:49.989Z,0.0,nan,0.0,nan,0,0,0,0,nan,nan,nan,nan,,
10,2026-08-04T18:31:50.021Z,0.0,nan,0.0,nan,0,0,0,0,nan,nan,nan,nan,,
11,2026-08-04T18:31:50.083Z,-0.18838501,nan,0.0,nan,0,0,0,0,nan,nan,nan,nan,,
12,2026-08-04T18:31:50.156Z,-3.7677917,nan,1.9780908,nan,0,0,0,0,nan,nan,nan,nan,,
13,2026-08-04T18:31:50.196Z,-0.47097778,nan,0.18838954,nan,0,0,0,0,nan,nan,nan,nan,,
14,2026-08-04T18:31:50.251Z,-3.3910217,nan,0.28258443,nan,0,0,0,0,nan,nan,nan,nan,,
15,2026-08-04T18:31:50.281Z,-3.5794067,nan,-0.6593636,nan,0,0,0,0,nan,nan,nan,nan,,
16,2026-08-04T18:31:50.330Z,-4.332962,nan,-1.0361428,nan,0,0,0,0,nan,nan,nan,nan,,
17,2026-08-04T18:31:50.402Z,0.0,nan,0.0,nan,0,0,0,0,nan,nan,nan,nan,,
18,2026-08-04T18:31:50.446Z,0.0,nan,0.0,nan,0,0,0,0,nan,nan,nan,nan,,
19,2026-08-04T18:31:50.492Z,0.0,nan,0.0,nan,0,0,0,0,nan,nan,nan,nan,,
20,2026-08-04T18:31:50.555Z,0.0,nan,0.0,nan,0,0,0,0,nan,nan,nan,nan,,
21,2026-08-04T18:31:50.623Z,0.0,nan,0.0,nan,0,0,0,0,nan,nan,nan,nan,,
22,2026-08-04T18:31:50.643Z,0.0,nan,0.0,nan,0,0,0,0,nan,nan,nan,nan,,
23,2026-08-04T18:31:50.702Z,0.0,nan,0.0,nan,0,0,0,0,nan,nan,nan,nan,,
24,2026-08-04T18:31:50.762Z,0.0,nan,0.0,nan,0,0,0,0,nan,nan,nan,nan,,
25,2026-08-04T18:31:50.809Z,0.0,nan,0.0,nan,0,0,0,0,nan,nan,nan,nan,,
26,2026-08-04T18:31:50.867Z,0.0,nan,0.0,nan,0,1,0,0,nan,nan,nan,nan,,
27,2026-08-04T18:31:50.909Z,0.0,nan,0.0,nan,0,1,0,0,nan,nan,nan,nan,,
28,2026-08-04T18:31:50.957Z,0.0,nan,0.0,nan,0,1,0,0,nan,nan,nan,nan,,
29,2026-08-04T18:31:51.007Z,0.0,nan,0.0,nan,0,1,0,0,nan,nan,nan,nan,,
30,2026-08-04T18:31:51.067Z,0.0,nan,0.0,nan,0,1,0,0,nan,nan,nan,nan,,
31,2026-08-04T18:31:51.113Z,0.0,-0.10131632,0.0,-0.17887568,0,1,0,0,0.10705584,0.2662593,0.28568992,0.21513797,,minecraft:stained_hardened_clay
32,2026-08-04T18:31:51.171Z,0.0,-0.10254939,0.0,-0.17058924,0,1,0,0,0.09756608,0.26030916,0.28416643,0.21370132,,minecraft:stained_hardened_clay
33,2026-08-04T18:31:51.222Z,0.0,-0.094853185,0.0,-0.1633336,0,1,0,0,0.092448056,0.2570965,0.28432223,0.21389234,,minecraft:stained_hardened_clay
34,2026-08-04T18:31:51.278Z,0.0,-0.038366664,0.0,-0.16154322,0,0,0,0,0.0484963,0.16930911,0.20129097,0.13029782,,minecraft:stained_hardened_clay
35,2026-08-04T18:31:51.329Z,0.0,-0.017218646,0.0,-0.09524117,0,0,0,0,0.024543315,0.06262931,0.084685266,0.05760246,,minecraft:stained_hardened_clay
36,2026-08-04T18:31:51.382Z,0.0,-0.056771085,0.0,0.16032937,0,0,0,0,0.01354,0.019753454,0.029783875,0.027014915,,minecraft:stained_hardened_clay
37,2026-08-04T18:31:51.428Z,0.0,-0.055908028,0.0,0.26044366,0,0,0,0,0.009914284,0.008982813,0.01544013,0.016398825,,minecraft:stained_hardened_clay
38,2026-08-04T18:31:51.484Z,0.0,-0.033856165,0.0,0.36917633,0,0,0,0,0.009849708,0.005734002,0.010843895,0.01354542,,minecraft:stained_hardened_clay
39,2026-08-04T18:31:51.530Z,-3.3910065,-0.011239164,1.6013116,0.37605068,0,0,0,0,0.011009992,0.004444565,0.009036431,0.01224263,,minecraft:stained_hardened_clay
40,2026-08-04T18:31:51.581Z,-4.332962,0.004494719,2.4490647,0.33768094,0,0,0,0,0.012456233,0.003864382,0.008204418,0.011484647,,minecraft:stained_hardened_clay
41,2026-08-04T18:31:51.629Z,-0.094192505,0.012144923,0.09419489,0.2698472,0,0,0,0,0.014317214,0.00375487,0.00800089,0.01139648,,minecraft:stained_hardened_clay
42,2026-08-04T18:31:51.682Z,0.0,0.009433433,0.0,0.19868425,0,0,0,0,0.016281135,0.0036614602,0.007844083,0.011244593,,minecraft:stained_hardened_clay
43,2026-08-04T18:31:51.735Z,0.0,-0.021423358,0.0,0.7196572,1,0,0,0,0.12252308,0.003600199,0.0066015385,0.01973795,,minecraft:stained_hardened_clay
44,2026-08-04T18:31:51.788Z,0.0,-0.03254988,0.0,0.6521246,1,0,0,0,0.5575242,0.0033591571,0.005799606,0.026839841,,minecraft:stained_hardened_clay
45,2026-08-04T18:31:51.837Z,0.0,-0.026952755,0.47097397,0.63803595,0,0,0,0,0.8318182,0.0018489523,0.00362823,0.02970419,,minecraft:stained_hardened_clay
46,2026-08-04T18:31:51.887Z,0.6593628,-0.029085115,2.0722857,0.7504715,0,0,0,0,0.84826744,0.0012468756,0.0027652225,0.025847469,,minecraft:stained_hardened_clay
47,2026-08-04T18:31:51.939Z,1.3187103,-0.062302615,1.5071163,0.8575458,0,0,0,0,0.8311666,0.0010082312,0.0023654317,0.021607561,,minecraft:stained_hardened_clay
48,2026-08-04T18:31:51.997Z,2.072281,-0.09463478,6.8762197,1.1115198,1,0,0,0,0.8720216,0.00088510546,0.0020208545,0.02207257,,minecraft:stained_hardened_clay
49,2026-08-04T18:31:52.048Z,0.0,-0.11627881,0.0,1.1896187,1,0,0,0,0.9129434,0.0007888502,0.0018032993,0.023714675,,minecraft:stained_hardened_clay
50,2026-08-04T18:31:52.093Z,0.0,-0.12549171,0.0,1.082264,1,0,0,0,0.941909,0.0006546866,0.0015765708,0.025154736,,minecraft:stained_hardened_clay
51,2026-08-04T18:31:52.149Z,0.0,-0.11496904,0.0,0.542012,1,0,0,0,0.9263932,0.0006193157,0.0018115607,0.022984495,,minecraft:stained_hardened_clay
52,2026-08-04T18:31:52.200Z,0.0,-0.145691,0.0,0.2295256,1,0,0,0,0.9135991,0.00066795584,0.0020620448,0.022483606,,minecraft:stained_hardened_clay
53,2026-08-04T18:31:52.253Z,0.0,-0.18016145,0.0,0.1596992,1,0,0,0,0.9087555,0.00074298884,0.0022605935,0.023174968,,minecraft:stained_hardened_clay
54,2026-08-04T18:31:52.300Z,0.0,-0.21252036,0.0,0.18930364,1,0,0,0,0.9087393,0.0008205625,0.0024144368,0.024281718,,minecraft:stained_hardened_clay
55,2026-08-04T18:31:52.353Z,0.0,-0.23899043,0.0,0.22780016,1,0,0,0,0.91135025,0.0008889616,0.0025329553,0.025490621,,minecraft:stained_hardened_clay
56,2026-08-04T18:31:52.403Z,0.0,-0.25982013,0.0,0.24476853,1,0,0,0,0.9154643,0.00094761717,0.0026322862,0.026727727,,minecraft:stained_hardened_clay
57,2026-08-04T18:31:52.453Z,0.0,-0.2798649,0.0,-0.08492789,1,0,0,0,0.8945429,0.0008550623,0.0025329166,0.02338292,,minecraft:stained_hardened_clay
58,2026-08-04T18:31:52.505Z,0.0,-0.29368442,0.0,-0.31837517,1,0,0,0,0.8685756,0.0008522576,0.0026469685,0.02133612,,minecraft:stained_hardened_clay
59,2026-08-04T18:31:52.557Z,-0.6593628,-0.30535078,-0.5651684,-0.4293674,1,0,0,0,0.8513138,0.0008779445,0.0027676956,0.020609835,,minecraft:stained_hardened_clay
60,2026-08-04T18:31:52.612Z,-0.094192505,-0.2600516,-0.8477535,0.058718883,1,0,0,0,0.90574247,0.00084121793,0.0026417985,0.024417564,,minecraft:stained_hardened_clay
61,2026-08-04T18:31:52.660Z,-0.65934753,-0.25584778,1.1303377,0.27027357,1,0,0,0,0.88075876,0.00081523356,0.0025331092,0.022927143,,minecraft:stained_hardened_clay
62,2026-08-04T18:31:52.711Z,-1.5071259,-0.267245,2.166481,0.27943054,1,0,0,0,0.8289639,0.0008189486,0.0025606176,0.020434752,,minecraft:stained_hardened_clay
63,2026-08-04T18:31:52.764Z,-0.565155,-0.282379,0.94194794,0.12640318,0,0,0,0,0.7354266,0.00082738814,0.0026920098,0.017504768,,minecraft:stained_hardened_clay
64,2026-08-04T18:31:52.820Z,0.0,-0.3001974,0.0,0.05614879,1,0,0,0,0.6541415,0.0008823549,0.0028909661,0.016091025,,minecraft:stained_hardened_clay
65,2026-08-04T18:31:52.862Z,-0.18838501,-0.31755504,0.5651684,0.07925544,1,0,0,0,0.60164505,0.00095917244,0.0030786928,0.01571254,,minecraft:stained_hardened_clay
66,2026-08-04T18:31:52.920Z,-3.485199,-0.33884966,3.4852085,0.21783414,1,0,0,0,0.5162329,0.0010878127,0.0032912116,0.015219029,,minecraft:stained_hardened_clay
67,2026-08-04T18:31:52.975Z,-17.331833,-0.35955566,9.7020645,0.54201627,1,0,0,0,0.4837655,0.001210808,0.0033004421,0.015711294,,minecraft:stained_hardened_clay
68,2026-08-04T18:31:53.017Z,-22.889343,-0.35140374,4.6155434,0.6273084,0,0,0,0,0.52108383,0.0010985694,0.0029760452,0.015777823,,minecraft:stained_hardened_clay
69,2026-08-04T18:31:53.073Z,-13.469856,-0.33145466,-1.2245331,0.4489784,0,0,0,0,0.48256096,0.00097482925,0.0028306406,0.014173233,,minecraft:stained_hardened_clay
70,2026-08-04T18:31:53.121Z,0.0,-0.31489646,0.0,0.27096707,0,0,0,0,0.41804308,0.0009204719,0.002845862,0.012740695,,minecraft:stained_hardened_clay
71,2026-08-04T18:31:53.171Z,0.0,-0.302906,0.0,0.18282986,0,0,0,0,0.36134556,0.0009167538,0.0029242518,0.011849261,,minecraft:stained_hardened_clay
72,2026-08-04T18:31:53.226Z,-2.4490662,-0.28887618,-1.5071144,0.13087371,0,0,0,0,0.30826697,0.0009407314,0.0030519092,0.011199846,,minecraft:stained_hardened_clay
73,2026-08-04T18:31:53.279Z,-29.012001,-0.281134,4.050377,0.2773357,0,0,0,0,0.32485542,0.0009850698,0.0030767107,0.011694365,,minecraft:stained_hardened_clay
74,2026-08-04T18:31:53.330Z,-60.661453,-0.25944617,-2.3548698,0.3335481,0,0,0,0,0.30496335,0.0010546473,0.0032298802,0.011866108,,minecraft:stained_hardened_clay
75,2026-08-04T18:31:53.380Z,-43.517998,-0.22248128,-8.66592,0.12597227,1,0,0,0,0.20357679,0.0012461067,0.0038670243,0.01113698,,minecraft:stained_hardened_clay
76,2026-08-04T18:31:53.430Z,0.0,-0.23896503,0.28258514,0.3932527,1,0,0,0,0.38367623,0.0011298868,0.003433821,0.0135076,,minecraft:stained_hardened_clay
77,2026-08-04T18:31:53.477Z,0.0,-0.23209077,0.0,0.39212397,0,0,0,0,0.3262766,0.0011582463,0.0035350227,0.01291516,,minecraft:stained_hardened_clay
78,2026-08-04T18:31:53.533Z,0.94194794,-0.22499341,0.0,0.33279034,1,0,0,0,0.2293044,0.0012057143,0.0037202046,0.011592444,,minecraft:stained_hardened_clay
79,2026-08-04T18:31:53.587Z,-8.383331,-0.222132,1.6013107,0.31376147,1,0,0,0,0.12907079,0.0013370883,0.0040671895,0.010128279,,minecraft:stained_hardened_clay
80,2026-08-04T18:31:53.640Z,-27.78746,-0.21500817,1.6955051,0.28212488,1,0,0,0,0.0577929,0.001553545,0.00462538,0.008662172,,minecraft:stained_hardened_clay
81,2026-08-04T18:31:53.688Z,-16.578285,-0.20468044,2.5432568,0.27613217,0,0,0,0,0.024033748,0.0018750617,0.005368138,0.007518675,,minecraft:stained_hardened_clay
82,2026-08-04T18:31:53.737Z,-0.18839264,-0.18446755,0.09419632,0.22461548,0,0,0,0,0.011832117,0.002159549,0.0060163033,0.0067914375,,minecraft:stained_hardened_clay
83,2026-08-04T18:31:53.788Z,0.0,-0.15885767,0.0,0.15532455,0,0,0,0,0.0072377953,0.0023704728,0.0064527504,0.0064418614,,minecraft:stained_hardened_clay
84,2026-08-04T18:31:53.844Z,-2.7316513,-0.12860999,-0.18838882,0.09328515,0,0,0,0,0.0052419286,0.0024950411,0.0068456833,0.0062003783,,minecraft:stained_hardened_clay
85,2026-08-04T18:31:53.886Z,-2.2606735,-0.10406725,-0.5651741,0.02635669,0,0,0,0,0.0041246144,0.0026115729,0.007229286,0.00603842,,minecraft:stained_hardened_clay
86,2026-08-04T18:31:53.942Z,-0.18839264,-0.09198321,0.0,-0.009870708,0,0,0,0,0.0035247796,0.0027106314,0.007564025,0.0059151584,,minecraft:stained_hardened_clay
87,2026-08-04T18:31:53.995Z,0.0,-0.08275895,0.0,-0.039301798,0,0,0,0,0.0031656723,0.0027904357,0.0078292005,0.0058231135,,minecraft:stained_hardened_clay
88,2026-08-04T18:31:54.039Z,0.0,-0.07329928,-0.09419632,-0.069056325,0,0,0,0,0.0029269294,0.0028355373,0.008022184,0.0057152915,,minecraft:stained_hardened_clay
89,2026-08-04T18:31:54.095Z,0.94194794,-0.062924355,-1.41292,-0.1081594,0,0,0,0,0.0027326439,0.002862398,0.008215752,0.0055722604,,minecraft:stained_hardened_clay
90,2026-08-04T18:31:54.146Z,-0.18839264,-0.053553697,-1.2245312,-0.14026721,0,0,0,0,0.0026130849,0.0028700707,0.00834004,0.0054508667,,minecraft:stained_hardened_clay
91,2026-08-04T18:31:54.192Z,-0.84775543,-0.042669784,-6.499441,-0.10274088,0,0,0,0,0.0026919944,0.0028029694,0.007930754,0.00539911,,minecraft:stained_hardened_clay
92,2026-08-04T18:31:54.248Z,-0.094192505,-0.01376709,-8.100753,-0.32146242,0,0,0,0,0.0026193536,0.0026550284,0.008352219,0.00491528,,minecraft:stained_hardened_clay
93,2026-08-04T18:31:54.297Z,0.094192505,0.019472621,-0.37677956,-0.7596346,0,0,0,0,0.0064820326,0.0024520047,0.008716545,0.0058822366,,minecraft:stained_hardened_clay
94,2026-08-04T18:31:54.351Z,0.47097015,0.021658726,-2.3548698,-1.0147016,0,0,0,0,0.02432854,0.0025607818,0.008933783,0.008801116,,minecraft:stained_hardened_clay
95,2026-08-04T18:31:54.398Z,0.94194794,0.02643641,-3.7677917,-1.1523702,0,0,0,0,0.058852304,0.0022853296,0.0081261955,0.011022143,,minecraft:stained_hardened_clay
96,2026-08-04T18:31:54.450Z,0.18838501,-0.027777255,-1.2245326,-0.7455226,1,0,0,0,0.16115671,0.00213451,0.0069111455,0.0141637875,,minecraft:stained_hardened_clay
97,2026-08-04T18:31:54.506Z,0.0,-0.047586203,0.0,-0.2759356,1,0,0,0,0.31227562,0.0017261312,0.005264719,0.015849035,,minecraft:stained_hardened_clay
98,2026-08-04T18:31:54.557Z,-0.84775543,-0.042871587,3.2968183,0.6948255,0,0,0,0,0.5620379,0.0013950174,0.0035178629,0.018202502,,minecraft:stained_hardened_clay
99,2026-08-04T18:31:54.605Z,-4.4271545,-0.081568226,7.629778,1.6330433,0,0,0,0,0.59772444,0.0010458621,0.0023574142,0.01652393,,minecraft:stained_hardened_clay
100,2026-08-04T18:31:54.654Z,-1.7897034,-0.090379484,5.463297,1.6424285,0,0,0,0,0.38555968,0.00083624094,0.0020311794,0.0120114805,,minecraft:stained_hardened_clay
101,2026-08-04T18:31:54.704Z,-0.28258514,-0.08743012,0.5651684,1.2276821,0,0,0,0,0.12560935,0.0007992008,0.002172274,0.007814566,,minecraft:stained_hardened_clay
102,2026-08-04T18:31:54.758Z,0.0,-0.08238197,0.0,0.86364794,0,0,0,0,0.03216279,0.0008884882,0.0025665944,0.005547817,,minecraft:stained_hardened_clay
103,2026-08-04T18:31:54.808Z,0.0,-0.059588913,0.0,0.39738983,0,0,0,0,0.006767773,0.0011308005,0.0034293563,0.004262537,,minecraft:stained_hardened_clay
104,2026-08-04T18:31:54.856Z,0.0,-0.040295005,0.0,0.07999805,0,0,0,0,0.0025334803,0.0013911222,0.004312548,0.0038830948,,minecraft:stained_hardened_clay
105,2026-08-04T18:31:54.911Z,0.0,-0.03329281,0.0,0.006344676,0,0,0,0,0.0019253488,0.0016790942,0.0052254815,0.0040344084,,minecraft:stained_hardened_clay
106,2026-08-04T18:31:54.974Z,0.0,-0.052028924,0.0,0.1051641,0,0,0,0,0.002042825,0.0018417229,0.0054169865,0.0044204723,,minecraft:stained_hardened_clay
107,2026-08-04T18:31:55.009Z,0.0,-0.060681306,0.0,0.15699649,0,0,0,0,0.0021153945,0.0018919702,0.005395084,0.004589664,,minecraft:stained_hardened_clay
108,2026-08-04T18:31:55.067Z,0.0,-0.010591682,0.0,0.052417807,0,0,0,0,0.0026263325,0.0019321357,0.005499368,0.0047159423,,minecraft:stained_hardened_clay
109,2026-08-04T18:31:55.110Z,0.0,0.019347295,0.0,0.019843854,0,0,0,0,0.003950762,0.0020122381,0.005540115,0.0051332903,,minecraft:stained_hardened_clay
110,2026-08-04T18:31:55.162Z,0.0,0.031317674,0.0,0.05595138,0,0,0,0,0.0063168965,0.0018923673,0.005179528,0.0053565037,,minecraft:stained_hardened_clay
111,2026-08-04T18:31:55.212Z,0.0,0.035258994,0.0,0.07694223,0,0,0,0,0.009531182,0.0016750498,0.0046987534,0.00536711,,minecraft:stained_hardened_clay
112,2026-08-04T18:31:55.264Z,0.0,0.101090066,0.0,0.092879824,0,0,0,0,0.0078627635,0.0014788419,0.004193294,0.005783278,,minecraft:stained_hardened_clay
113,2026-08-04T18:31:55.315Z,0.0,0.119880475,0.0,0.008397371,0,0,0,0,0.0055505224,0.0014078096,0.00400539,0.0056033316,,minecraft:stained_hardened_clay
114,2026-08-04T18:31:55.363Z,0.0,0.11259588,0.0,-0.08010996,0,0,0,0,0.0033631457,0.0014637525,0.004233728,0.005280948,,minecraft:stained_hardened_clay
115,2026-08-04T18:31:55.419Z,0.0,0.108277835,0.0,-0.084641665,0,0,0,0,0.002549378,0.0015561684,0.004523398,0.0052604303,,minecraft:stained_hardened_clay
116,2026-08-04T18:31:55.468Z,0.0,0.104127206,0.0,-0.047216434,0,0,0,0,0.0022259757,0.0016556547,0.0047644726,0.005436105,,minecraft:stained_hardened_clay
117,2026-08-04T18:31:55.519Z,0.0,0.09691162,0.0,-0.01565352,0,0,0,0,0.0020856122,0.0017350387,0.004925529,0.0056496793,,minecraft:stained_hardened_clay
118,2026-08-04T18:31:55.565Z,0.0,0.09117263,0.0,0.009326465,0,0,0,0,0.0020115746,0.0018011155,0.005045756,0.0058392663,,minecraft:stained_hardened_clay
119,2026-08-04T18:31:55.614Z,0.0,0.086663105,0.0,0.028685652,0,0,0,0,0.0019663665,0.0018557144,0.00514004,0.005997498,,minecraft:stained_hardened_clay
120,2026-08-04T18:31:55.670Z,0.0,0.08293859,0.0,0.044944517,0,0,0,0,0.0019373972,0.0019006594,0.005213427,0.006130693,,minecraft:stained_hardened_clay
121,2026-08-04T18:31:55.721Z,0.0,0.078870006,0.0,0.058653645,0,0,0,0,0.0019160742,0.0019399899,0.0052771945,0.006244396,,minecraft:stained_hardened_clay
122,2026-08-04T18:31:56.660Z,-170.995,0.09483848,-24.679031,-0.32300884,0,0,0,0,0.0026690506,0.002452006,0.007073568,0.0055662314,,minecraft:stained_hardened_clay
123,2026-08-04T18:31:56.661Z,0.0,0.095367424,0.0,-0.029321104,0,0,0,0,0.001924439,0.00179522,0.004989854,0.0043230583,,minecraft:stained_hardened_clay
124,2026-08-04T18:31:56.662Z,0.0,0.08345068,0.0,0.04046791,0,0,0,0,0.0014135351,0.0015143617,0.004387139,0.0037234663,,minecraft:stained_hardened_clay
125,2026-08-04T18:31:56.663Z,0.0,0.0734409,0.0,0.04103484,0,0,0,0,0.0011940758,0.0014817689,0.004387414,0.003550381,,minecraft:stained_hardened_clay
126,2026-08-04T18:31:56.664Z,0.0,0.06623653,0.0,0.019552164,0,0,0,0,0.0010961739,0.0015310205,0.0045670457,0.003530004,,minecraft:stained_hardened_clay
127,2026-08-04T18:31:56.664Z,0.0,0.026167944,0.0,0.05765935,0,0,0,0,0.001292759,0.0018248109,0.005057893,0.004158255,,minecraft:stained_hardened_clay
128,2026-08-04T18:31:56.665Z,0.0,0.012181416,0.0,0.10774001,0,0,0,0,0.0016670472,0.0019572414,0.005175127,0.0046583014,,minecraft:stained_hardened_clay
129,2026-08-04T18:31:56.666Z,0.0,0.0055220425,0.0,0.037568502,0,0,0,0,0.0017691583,0.0020891402,0.00568605,0.004741483,,minecraft:stained_hardened_clay
130,2026-08-04T18:31:56.667Z,0.0,-0.0060224906,0.0,0.030163981,0,0,0,0,0.0019978923,0.0021903617,0.005910119,0.0049285498,,minecraft:stained_hardened_clay
131,2026-08-04T18:31:56.669Z,0.0,-0.013346516,0.0,0.034402035,0,0,0,0,0.0022176607,0.0022105554,0.0059179068,0.0050195637,,minecraft:stained_hardened_clay
132,2026-08-04T18:31:56.685Z,0.18839264,-0.018315352,-0.8477532,0.03923393,0,0,0,0,0.0024069704,0.0021917764,0.0058389064,0.0050405096,,minecraft:stained_hardened_clay
133,2026-08-04T18:31:56.724Z,0.0,-0.007656507,0.0,0.029736377,0,0,0,0,0.002050483,0.00184806,0.0051735565,0.004475128,,minecraft:stained_hardened_clay
134,2026-08-04T18:31:56.776Z,0.0,0.0028061867,0.0,0.0059072524,0,0,0,0,0.0019325467,0.0017361845,0.0049563604,0.004199814,,minecraft:stained_hardened_clay
135,2026-08-04T18:31:56.828Z,0.0,0.00970272,0.0,0.0032784268,0,0,0,0,0.0019436299,0.0016891346,0.0048320806,0.0041267225,,minecraft:stained_hardened_clay
136,2026-08-04T18:31:56.878Z,0.0,0.04518973,0.0,0.06307944,0,0,0,0,0.0027003633,0.0014915271,0.0042130346,0.003922999,,minecraft:stained_hardened_clay
137,2026-08-04T18:31:56.928Z,0.0,0.04932724,0.0,0.12336647,0,0,0,0,0.002143849,0.001275291,0.0037012468,0.0034834738,,minecraft:stained_hardened_clay
138,2026-08-04T18:31:56.980Z,0.0,0.04943528,0.0,0.06814871,0,0,0,0,0.0016940007,0.0012115638,0.0036852101,0.0031812084,,minecraft:stained_hardened_clay
139,2026-08-04T18:31:57.032Z,0.0,0.01950796,0.0,0.11572061,0,0,0,0,0.002009113,0.0014501784,0.0040655476,0.0038406628,,minecraft:stained_hardened_clay
140,2026-08-04T18:31:57.079Z,0.0,0.016768359,0.0,0.062421538,0,0,0,0,0.0027329687,0.0016829032,0.004635252,0.004385115,,minecraft:stained_hardened_clay
141,2026-08-04T18:31:57.129Z,0.0,0.0004998818,0.0,0.063995816,0,0,0,0,0.0032079557,0.0018072383,0.004865667,0.0047233766,,minecraft:stained_hardened_clay
142,2026-08-04T18:31:57.184Z,0.0,-0.014512118,0.0,0.07324306,0,0,0,0,0.003592204,0.0018435426,0.004908495,0.004876836,,minecraft:stained_hardened_clay
143,2026-08-04T18:31:57.230Z,0.0,-0.025239684,0.0,0.09106103,0,0,0,0,0.0040023667,0.0018418928,0.004870268,0.004971469,,minecraft:stained_hardened_clay
144,2026-08-04T18:31:57.285Z,0.0,-0.017200053,0.0,-0.024793789,0,0,0,0,0.00395964,0.0016503219,0.004596082,0.004425696,,minecraft:stained_hardened_clay
145,2026-08-04T18:31:57.335Z,0.0,-0.0116616115,0.0,-0.1440672,0,0,0,0,0.0040793503,0.0016312778,0.0046493514,0.004172798,,minecraft:stained_hardened_clay
146,2026-08-04T18:31:57.389Z,0.0,-0.011719044,0.0,-0.18725535,0,0,0,0,0.0043876283,0.0016338862,0.004667667,0.0041630426,,minecraft:stained_hardened_clay
147,2026-08-04T18:31:57.437Z,0.0,-0.014713965,0.0,-0.19915818,0,0,0,0,0.0047676596,0.0016245656,0.00462845,0.0041865534,,minecraft:stained_hardened_clay
148,2026-08-04T18:31:57.485Z,0.0,-0.017182186,0.0,-0.19468524,0,0,0,0,0.005242988,0.001593979,0.0045445063,0.0042086374,,minecraft:stained_hardened_clay
149,2026-08-04T18:31:57.537Z,0.0,-0.019903384,0.0,-0.18470478,0,0,0,0,0.0057653524,0.0015571631,0.004446399,0.0042305025,,minecraft:stained_hardened_clay
150,2026-08-04T18:31:57.586Z,0.0,-0.022862263,0.0,-0.17424239,0,0,0,0,0.0063625094,0.0015184865,0.0043465295,0.004253145,,minecraft:stained_hardened_clay
151,2026-08-04T18:31:57.641Z,0.0,-0.010563284,0.0,-0.15703508,0,0,0,0,0.004539735,0.001449321,0.004233362,0.004147421,,minecraft:stained_hardened_clay
152,2026-08-04T18:31:57.691Z,0.0,-0.0061466843,0.0,0.07739476,1,0,0,0,0.013050563,0.0014283375,0.0038836594,0.005290392,,minecraft:stained_hardened_clay
153,2026-08-04T18:31:57.738Z,0.0,0.00043160468,0.0,0.07956486,1,0,0,0,0.03426002,0.0012614778,0.0034751445,0.0062951623,,minecraft:stained_hardened_clay
154,2026-08-04T18:31:57.786Z,0.0,0.020979032,0.0,0.50112766,1,0,0,0,0.24562892,0.0009678399,0.0024180734,0.009299947,,minecraft:stained_hardened_clay
155,2026-08-04T18:31:57.838Z,0.0,0.035010807,0.0,0.50449896,1,0,0,0,0.28514498,0.0007156115,0.0019740644,0.008668942,,minecraft:stained_hardened_clay
156,2026-08-04T18:31:57.891Z,0.0,0.033843733,0.0,0.3054363,0,0,0,0,0.15469134,0.0006486468,0.0019707633,0.006811166,,minecraft:stained_hardened_clay
157,2026-08-04T18:31:57.944Z,0.0,0.025500365,0.0,0.16168237,0,0,0,0,0.057602596,0.0007091056,0.0022225059,0.0053938245,,minecraft:stained_hardened_clay
158,2026-08-04T18:31:57.990Z,0.0,0.039474487,0.0,-0.27272874,0,0,0,0,0.008622201,0.0008867655,0.0030122518,0.0037661311,,minecraft:stained_hardened_clay
159,2026-08-04T18:31:58.041Z,0.0,0.023003995,0.0,-0.25737476,0,0,0,0,0.003858606,0.001165441,0.0037623942,0.0036180841,,minecraft:stained_hardened_clay
160,2026-08-04T18:31:58.093Z,0.0,0.032660715,0.0,-0.40553948,0,0,0,0,0.003752703,0.0013943984,0.0045948075,0.003932666,,minecraft:stained_hardened_clay
161,2026-08-04T18:31:58.142Z,0.0,0.014364421,0.0,-0.3887868,0,0,0,0,0.007388952,0.0020679925,0.0057807285,0.005713338,,minecraft:stained_hardened_clay
162,2026-08-04T18:31:58.191Z,0.0,-0.0036598444,0.0,-0.39881262,0,0,0,0,0.0108416,0.0024289698,0.0063448953,0.0068025333,,minecraft:stained_hardened_clay
163,2026-08-04T18:31:58.240Z,0.0,-0.009953067,0.0,-0.42057306,0,0,0,0,0.0106935715,0.002705762,0.006815761,0.0071995216,,minecraft:stained_hardened_clay
164,2026-08-04T18:31:58.289Z,0.0,-0.030874465,0.0,-0.05833259,0,0,0,0,0.0124496,0.0024214068,0.0059273904,0.007553133,,minecraft:stained_hardened_clay
165,2026-08-04T18:31:58.347Z,0.0,-0.020674083,0.0,0.11880345,0,0,0,0,0.016032826,0.0021123046,0.0050641648,0.007583738,,minecraft:stained_hardened_clay
166,2026-08-04T18:31:58.391Z,0.0,-0.008812472,0.0,0.17208469,0,0,0,0,0.018317372,0.0018739856,0.004539233,0.00739238,,minecraft:stained_hardened_clay
167,2026-08-04T18:31:58.442Z,0.0,-0.0015704483,0.0,0.19894207,0,0,0,0,0.020727148,0.0017245075,0.0042089773,0.007289347,,minecraft:stained_hardened_clay
168,2026-08-04T18:31:58.492Z,0.0,0.023473524,0.0,0.0748884,0,0,0,0,0.01713519,0.0017086684,0.0043656924,0.006329762,,minecraft:stained_hardened_clay
169,2026-08-04T18:31:58.541Z,0.0,0.034908406,0.0,0.0644593,0,0,0,0,0.014781414,0.0017791511,0.0045662,0.0062052226,,minecraft:stained_hardened_clay
170,2026-08-04T18:31:58.597Z,0.0,0.03562502,0.0,0.08710527,0,0,0,0,0.013678286,0.0019078735,0.004820087,0.0063069104,,minecraft:stained_hardened_clay
171,2026-08-04T18:31:58.643Z,0.0,0.07006463,0.0,0.115270786,0,0,0,0,0.030016318,0.0016935249,0.0044380124,0.007374348,,minecraft:stained_hardened_clay
172,2026-08-04T18:31:58.694Z,0.0,0.1129278,0.0,0.03661809,0,0,0,0,0.040428795,0.0015009285,0.004043105,0.0076734414,,minecraft:stained_hardened_clay
173,2026-08-04T18:31:58.747Z,0.0,0.15284905,0.0,-0.034858465,0,0,0,0,0.02254605,0.0016272501,0.0045882612,0.0073082214,,minecraft:stained_hardened_clay
174,2026-08-04T18:31:58.794Z,0.0,0.14865568,0.0,-0.2735357,0,0,0,0,0.012026236,0.0018175599,0.0054421155,0.00633851,,minecraft:stained_hardened_clay
175,2026-08-04T18:31:58.843Z,0.0,0.14231214,0.0,-0.6702781,0,0,0,0,0.01141009,0.0018360696,0.0060912133,0.005750933,,minecraft:stained_hardened_clay
176,2026-08-04T18:31:58.897Z,0.0,0.12802765,0.0,-0.75614643,0,0,0,0,0.0118819345,0.0019964657,0.0068504643,0.0059349784,,minecraft:stained_hardened_clay
177,2026-08-04T18:31:58.946Z,0.0,0.12813589,0.0,-0.37097055,0,0,0,0,0.011489899,0.0022967162,0.006798555,0.00647668,,minecraft:stained_hardened_clay
178,2026-08-04T18:31:58.996Z,0.0,0.10986329,0.0,-0.3642929,0,0,0,0,0.008811412,0.002395241,0.007200974,0.006116366,,minecraft:stained_hardened_clay
179,2026-08-04T18:31:59.044Z,0.0,0.071947806,0.0,-0.7046095,0,0,0,0,0.005739972,0.0021283966,0.007172796,0.0050442293,,minecraft:stained_hardened_clay
180,2026-08-04T18:31:59.094Z,0.0,0.04011236,0.0,-0.5687149,0,0,0,0,0.0038506126,0.002028662,0.006880645,0.0045445496,,minecraft:stained_hardened_clay
181,2026-08-04T18:31:59.149Z,0.0,-0.038671166,0.0,-0.59574294,0,0,0,0,0.0064565795,0.002225426,0.007335674,0.005788026,,minecraft:stained_hardened_clay
182,2026-08-04T18:31:59.196Z,0.0,-0.07283797,0.0,-0.4105162,0,0,0,0,0.015882457,0.0026243061,0.007584592,0.008626673,,minecraft:stained_hardened_clay
183,2026-08-04T18:31:59.246Z,0.0,-0.07777441,0.0,-0.24209347,0,0,0,0,0.036350638,0.002387154,0.006791205,0.010928104,,minecraft:stained_hardened_clay
184,2026-08-04T18:31:59.300Z,0.0,-0.09008674,0.0,-0.0027821213,0,0,0,0,0.071660385,0.0018875943,0.0052905553,0.011928199,,minecraft:stained_hardened_clay
185,2026-08-04T18:31:59.348Z,0.0,-0.084576674,0.0,0.21014562,0,0,0,0,0.15255782,0.0015211211,0.0042902627,0.013641293,,minecraft:stained_hardened_clay
186,2026-08-04T18:31:59.401Z,0.0,-0.077657096,0.0,0.314223,0,0,0,0,0.23125914,0.0012952166,0.0036880367,0.014735853,,minecraft:stained_hardened_clay
187,2026-08-04T18:31:59.449Z,0.0,-0.06932847,0.0,0.31191847,0,0,0,0,0.31016955,0.0011308204,0.0033126904,0.015580561,,minecraft:stained_hardened_clay
188,2026-08-04T18:31:59.503Z,0.0,-0.062359266,0.0,0.26394346,0,0,0,0,0.38076857,0.0010148962,0.0030731075,0.016254228,,minecraft:stained_hardened_clay
189,2026-08-04T18:31:59.552Z,0.0,-0.05732816,0.0,0.20922235,0,0,0,0,0.44481242,0.0009280015,0.0028980756,0.016852813,,minecraft:stained_hardened_clay
190,2026-08-04T18:31:59.600Z,0.0,-0.044239618,0.0,0.9490972,1,0,0,0,0.8725048,0.0009462928,0.0024574564,0.03240856,,minecraft:stained_hardened_clay
191,2026-08-04T18:31:59.649Z,0.0,-0.011919897,0.0,0.94189423,1,0,0,0,0.9531845,0.0007607714,0.002032533,0.040944748,,minecraft:stained_hardened_clay
192,2026-08-04T18:31:59.704Z,0.0,0.036071666,0.0,0.5644286,1,0,0,0,0.94510263,0.0005103078,0.0016497689,0.028599514,,minecraft:stained_hardened_clay
193,2026-08-04T18:31:59.749Z,0.0,0.033451304,0.0,0.34586173,1,0,0,0,0.9173819,0.00042387118,0.001542125,0.022022106,,minecraft:stained_hardened_clay
194,2026-08-04T18:31:59.800Z,0.0,0.019637123,0.0,0.16608354,1,0,0,0,0.88399875,0.00038822577,0.0015356074,0.01834137,,minecraft:stained_hardened_clay
195,2026-08-04T18:31:59.851Z,0.0,0.0032257438,0.0,0.061797537,1,0,0,0,0.8605125,0.00037366914,0.001554695,0.016590375,,minecraft:stained_hardened_clay
196,2026-08-04T18:31:59.901Z,0.0,-0.016980074,0.0,0.02398289,1,0,0,0,0.8084391,0.00037338017,0.0015939622,0.014553458,,minecraft:stained_hardened_clay
197,2026-08-04T18:31:59.952Z,0.0,-0.036670752,0.0,0.0060787424,1,0,0,0,0.73972,0.00038122412,0.0016530432,0.012853912,,minecraft:stained_hardened_clay
198,2026-08-04T18:32:00.002Z,0.0,-0.06850537,0.0,-0.16057624,1,0,0,0,0.8639793,0.0004470217,0.0018393234,0.018822635,,minecraft:stained_hardened_clay
199,2026-08-04T18:32:00.052Z,0.0,-0.057191163,0.0,-0.20367229,1,0,0,0,0.9321127,0.00047844066,0.0018904381,0.025257884,,minecraft:stained_hardened_clay
200,2026-08-04T18:32:00.104Z,0.0,-0.03897687,0.0,-0.22253597,1,0,0,0,0.95185167,0.00047430216,0.0018598719,0.02878114,,minecraft:stained_hardened_clay
201,2026-08-04T18:32:00.154Z,0.0,-0.019029733,0.0,-0.31294456,1,0,0,0,0.9532102,0.00049590337,0.0019622496,0.03092714,,minecraft:stained_hardened_clay
202,2026-08-04T18:32:00.202Z,0.0,-0.021835722,0.0,0.35517615,1,0,0,0,0.98590183,0.00058537506,0.0018885345,0.0521788,,minecraft:stained_hardened_clay
203,2026-08-04T18:32:00.254Z,0.0,-0.028676625,0.0,0.38970795,1,0,0,0,0.99187684,0.00054675754,0.0017458451,0.062102288,,minecraft:stained_hardened_clay
204,2026-08-04T18:32:00.305Z,0.0,5.6438148e-05,0.0,0.3132376,1,0,0,0,0.9889093,0.00044283833,0.0015178851,0.045982208,,minecraft:stained_hardened_clay
205,2026-08-04T18:32:00.355Z,0.0,-0.00057884306,0.0,0.26915157,1,0,0,0,0.98335326,0.0004064826,0.0014569827,0.03741793,,minecraft:stained_hardened_clay
206,2026-08-04T18:32:00.407Z,0.0,-0.009772651,0.0,0.1897806,1,0,0,0,0.9782562,0.00039214274,0.0014620773,0.03326353,,minecraft:stained_hardened_clay
207,2026-08-04T18:32:00.457Z,0.0,-0.018844545,0.0,0.1394335,1,0,0,0,0.9700458,0.00037612568,0.0014548966,0.028849235,,minecraft:stained_hardened_clay
208,2026-08-04T18:32:00.507Z,0.0,-0.028311372,0.0,0.10929612,1,0,0,0,0.96102846,0.00036863587,0.0014629777,0.025843615,,minecraft:stained_hardened_clay
209,2026-08-04T18:32:00.556Z,0.0,-0.038244195,0.0,0.060648046,1,0,0,0,0.94140524,0.00036957816,0.0015111896,0.022169085,,minecraft:stained_hardened_clay
210,2026-08-04T18:32:00.610Z,0.0,-0.067033224,0.0,-0.19430615,1,0,0,0,0.96005774,0.00043771917,0.0017414503,0.029009655,,minecraft:stained_hardened_clay
211,2026-08-04T18:32:00.655Z,0.0,-0.06468971,0.0,-0.292017,1,0,0,0,0.9749956,0.0004677104,0.0018240085,0.035712134,,minecraft:stained_hardened_clay
212,2026-08-04T18:32:00.704Z,0.0,-0.053565092,0.0,-0.34062913,1,0,0,0,0.97945684,0.00046466835,0.0018216982,0.038652096,,minecraft:stained_hardened_clay
213,2026-08-04T18:32:00.759Z,0.0,-0.039401263,0.0,-0.4501707,1,0,0,0,0.9782849,0.00049290614,0.0019524929,0.04041765,,minecraft:stained_hardened_clay
214,2026-08-04T18:32:00.806Z,0.0,-0.038942,0.0,0.2229262,1,0,0,0,0.99216026,0.0005892908,0.0019201803,0.06504798,,minecraft:stained_hardened_clay
215,2026-08-04T18:32:00.857Z,0.0,-0.04067803,0.0,0.25441158,1,0,0,0,0.9940619,0.0005762722,0.0018481084,0.07230946,,minecraft:stained_hardened_clay
216,2026-08-04T18:32:00.906Z,0.0,-0.0046990737,0.0,0.13564694,1,0,0,0,0.99013245,0.0004797635,0.001651658,0.05054753,,minecraft:stained_hardened_clay
217,2026-08-04T18:32:00.956Z,0.0,-0.0030492395,0.0,0.108206145,1,0,0,0,0.98401916,0.0004313175,0.00155799,0.039364494,,minecraft:stained_hardened_clay
218,2026-08-04T18:32:01.005Z,0.0,-0.010890454,0.0,0.050945498,1,0,0,0,0.9755762,0.00040090794,0.0015208176,0.032201767,,minecraft:stained_hardened_clay
219,2026-08-04T18:32:01.056Z,0.0,-0.020431913,0.0,0.0077171028,1,0,0,0,0.96379906,0.00038606473,0.0015214441,0.027197134,,minecraft:stained_hardened_clay
220,2026-08-04T18:32:01.108Z,0.0,-0.030887287,0.0,-0.014397509,1,0,0,0,0.94739664,0.00038057673,0.0015426736,0.023409799,,minecraft:stained_hardened_clay
221,2026-08-04T18:32:01.159Z,0.0,-0.041513883,0.0,-0.038175687,1,0,0,0,0.9231201,0.00038105863,0.001583676,0.020228667,,minecraft:stained_hardened_clay
222,2026-08-04T18:32:01.210Z,0.0,-0.0711928,0.0,-0.24661323,1,0,0,0,0.9549426,0.00045130416,0.0017968059,0.027992582,,minecraft:stained_hardened_clay
223,2026-08-04T18:32:01.256Z,0.0,-0.068273574,0.0,-0.2992709,1,0,0,0,0.9673825,0.00048519348,0.0019297161,0.03248144,,minecraft:stained_hardened_clay
224,2026-08-04T18:32:01.309Z,0.0,-0.05491041,0.0,-0.2879296,1,0,0,0,0.9737596,0.000485385,0.001913731,0.03542458,,minecraft:stained_hardened_clay
225,2026-08-04T18:32:01.361Z,0.0,-0.043779224,0.0,-0.45249984,1,0,0,0,0.9680827,0.00048821908,0.0020028003,0.034090273,,minecraft:stained_hardened_clay
226,2026-08-04T18:32:01.409Z,0.0,-0.04380402,0.0,0.093204476,1,0,0,0,0.98637843,0.0005520865,0.001938404,0.049101662,,minecraft:stained_hardened_clay
227,2026-08-04T18:32:01.457Z,0.0,-0.043825034,0.0,0.22915798,1,0,0,0,0.9902379,0.0005362884,0.0018206674,0.05543023,,minecraft:stained_hardened_clay
228,2026-08-04T18:32:01.510Z,0.0,0.0067433864,0.0,0.22346464,1,0,0,0,0.98422676,0.00044901553,0.0016310975,0.040253624,,minecraft:stained_hardened_clay
229,2026-08-04T18:32:01.558Z,0.0,0.009904876,0.0,0.20784238,1,0,0,0,0.97451186,0.0003965357,0.0015212347,0.031674627,,minecraft:stained_hardened_clay
230,2026-08-04T18:32:01.611Z,0.0,0.0036879778,0.0,0.10084752,1,0,0,0,0.95809716,0.00037116685,0.0015115228,0.025444975,,minecraft:stained_hardened_clay
231,2026-08-04T18:32:01.663Z,0.0,-0.0056178197,0.0,-0.0020895675,1,0,0,0,0.9305839,0.00036319307,0.001555045,0.020792166,,minecraft:stained_hardened_clay
232,2026-08-04T18:32:01.712Z,0.0,-0.017854482,0.0,-0.07241605,1,0,0,0,0.88403,0.00036808487,0.0016356666,0.01711993,,minecraft:stained_hardened_clay
233,2026-08-04T18:32:01.761Z,0.0,-0.03228335,0.0,-0.11923085,1,0,0,0,0.8127289,0.000381273,0.0017384206,0.014272593,,minecraft:stained_hardened_clay
234,2026-08-04T18:32:01.808Z,0.0,-0.08458921,0.0,-0.22484082,1,0,0,0,0.90059584,0.0004645353,0.0019433146,0.020696886,,minecraft:stained_hardened_clay
235,2026-08-04T18:32:01.860Z,0.0,-0.0862671,0.0,-0.23570538,1,0,0,0,0.945369,0.0005095981,0.0020239132,0.027155856,,minecraft:stained_hardened_clay
236,2026-08-04T18:32:01.908Z,0.0,-0.06867101,0.0,-0.24649394,1,0,0,0,0.9630161,0.0005002221,0.001966978,0.031294566,,minecraft:stained_hardened_clay
237,2026-08-04T18:32:01.961Z,0.0,-0.05363003,0.0,-0.41138995,1,0,0,0,0.960184,0.0004991384,0.0020328134,0.031409472,,minecraft:stained_hardened_clay
238,2026-08-04T18:32:02.010Z,0.0,-0.050279737,0.0,0.13403544,1,0,0,0,0.9845435,0.00055891636,0.001937446,0.046508867,,minecraft:stained_hardened_clay
239,2026-08-04T18:32:02.062Z,0.0,-0.048639826,0.0,0.2655548,1,0,0,0,0.98957807,0.0005357144,0.0017973328,0.05342727,,minecraft:stained_hardened_clay
240,2026-08-04T18:32:02.111Z,0.0,0.0034319088,0.0,0.2577403,1,0,0,0,0.98385507,0.00044420525,0.0015986018,0.039311785,,minecraft:stained_hardened_clay
241,2026-08-04T18:32:02.162Z,0.0,0.0069545135,0.0,0.23530737,1,0,0,0,0.97493374,0.00039055714,0.0014863627,0.03132974,,minecraft:stained_hardened_clay
242,2026-08-04T18:32:02.211Z,0.0,0.00057732314,0.0,0.124638,1,0,0,0,0.9599995,0.00036434043,0.0014731277,0.025401648,,minecraft:stained_hardened_clay
243,2026-08-04T18:32:02.263Z,0.0,-0.008729517,0.0,0.016580522,1,0,0,0,0.93537784,0.000355224,0.0015121058,0.020923058,,minecraft:stained_hardened_clay
244,2026-08-04T18:32:02.311Z,0.0,-0.020791888,0.0,-0.059955012,1,0,0,0,0.89419705,0.00035861778,0.0015870746,0.017352102,,minecraft:stained_hardened_clay
245,2026-08-04T18:32:02.363Z,0.0,-0.034310192,0.0,-0.114175044,1,0,0,0,0.832195,0.00036953817,0.0016834417,0.014557637,,minecraft:stained_hardened_clay
246,2026-08-04T18:32:02.414Z,0.0,-0.087640405,0.0,-0.23242396,1,0,0,0,0.91085625,0.00044874786,0.0018799915,0.021010082,,minecraft:stained_hardened_clay
247,2026-08-04T18:32:02.462Z,0.0,-0.08998932,0.0,-0.25720385,1,0,0,0,0.94983774,0.0004925083,0.0019661759,0.027306428,,minecraft:stained_hardened_clay
248,2026-08-04T18:32:02.514Z,0.0,-0.07261119,0.0,-0.2761599,1,0,0,0,0.96546733,0.00048474508,0.0019196094,0.031334676,,minecraft:stained_hardened_clay
249,2026-08-04T18:32:02.563Z,0.0,-0.05753746,0.0,-0.444496,1,0,0,0,0.96241784,0.00048511097,0.0019919425,0.031404424,,minecraft:stained_hardened_clay
250,2026-08-04T18:32:02.614Z,0.0,-0.05471559,0.0,0.096021585,1,0,0,0,0.98516625,0.00054320274,0.0019007464,0.0462385,,minecraft:stained_hardened_clay
251,2026-08-04T18:32:02.660Z,0.0,-0.05289115,0.0,0.22663933,1,0,0,0,0.9898912,0.0005215421,0.0017661856,0.052968998,,minecraft:stained_hardened_clay
252,2026-08-04T18:32:02.714Z,0.0,0.00018794835,0.0,0.22299755,1,0,0,0,0.9844057,0.00043377763,0.0015748198,0.03906682,,minecraft:stained_hardened_clay
253,2026-08-04T18:32:02.764Z,0.0,0.0037680343,0.0,0.20747402,1,0,0,0,0.97622854,0.00038196513,0.0014639238,0.031355243,,minecraft:stained_hardened_clay
254,2026-08-04T18:32:02.813Z,0.0,-0.0030854642,0.0,0.09988978,1,0,0,0,0.9624883,0.00035655397,0.001450961,0.02553426,,minecraft:stained_hardened_clay
255,2026-08-04T18:32:02.863Z,0.0,-0.012260541,0.0,-0.0052231103,1,0,0,0,0.93943805,0.0003481476,0.0014910159,0.021077447,,minecraft:stained_hardened_clay
256,2026-08-04T18:32:02.914Z,0.0,-0.024013184,0.0,-0.08065855,1,0,0,0,0.9012599,0.0003514108,0.0015648387,0.017534807,,minecraft:stained_hardened_clay
257,2026-08-04T18:32:02.964Z,0.0,-0.03724153,0.0,-0.13629287,1,0,0,0,0.8410129,0.00036250954,0.001663126,0.01466905,,minecraft:stained_hardened_clay
258,2026-08-04T18:32:03.014Z,0.0,-0.0910425,0.0,-0.2555025,1,0,0,0,0.9117693,0.00044333044,0.0018712762,0.020895978,,minecraft:stained_hardened_clay
259,2026-08-04T18:32:03.065Z,0.0,-0.09293406,0.0,-0.27573606,1,0,0,0,0.9484153,0.0004902647,0.00196998,0.026938247,,minecraft:stained_hardened_clay
260,2026-08-04T18:32:03.117Z,0.0,-0.07490202,0.0,-0.29337835,1,0,0,0,0.9648564,0.0004822973,0.0019208721,0.031033639,,minecraft:stained_hardened_clay
261,2026-08-04T18:32:03.164Z,0.0,-0.059282307,0.0,-0.46064204,1,0,0,0,0.96199685,0.0004829381,0.0019935465,0.031194577,,minecraft:stained_hardened_clay
262,2026-08-04T18:32:03.216Z,0.0,-0.056266107,0.0,0.08108609,1,0,0,0,0.98508865,0.0005407724,0.0019004198,0.046017688,,minecraft:stained_hardened_clay
263,2026-08-04T18:32:03.265Z,0.0,-0.054003987,0.0,0.21362391,1,0,0,0,0.98988813,0.0005193135,0.00176493,0.052816767,,minecraft:stained_hardened_clay
264,2026-08-04T18:32:03.313Z,0.0,-0.00044509023,0.0,0.21362963,1,0,0,0,0.9845056,0.00043230783,0.0015734597,0.03905758,,minecraft:stained_hardened_clay
265,2026-08-04T18:32:03.363Z,0.0,0.0031647906,0.0,0.20274532,1,0,0,0,0.97646606,0.00038128992,0.0014626476,0.03141343,,minecraft:stained_hardened_clay
266,2026-08-04T18:32:03.415Z,0.0,-0.003079474,0.0,0.09990277,1,0,0,0,0.962487,0.00035655385,0.0014509754,0.025534393,,minecraft:stained_hardened_clay
267,2026-08-04T18:32:03.467Z,0.0,-0.012256712,0.0,-0.0052424744,1,0,0,0,0.9394284,0.00034815574,0.0014910571,0.021076502,,minecraft:stained_hardened_clay
268,2026-08-04T18:32:03.516Z,0.0,-0.024019454,0.0,-0.080647945,1,0,0,0,0.9012469,0.0003514304,0.0015649184,0.017534422,,minecraft:stained_hardened_clay
269,2026-08-04T18:32:03.563Z,0.0,-0.037247576,0.0,-0.13631354,1,0,0,0,0.84099126,0.00036252802,0.0016632068,0.014668576,,minecraft:stained_hardened_clay
270,2026-08-04T18:32:03.615Z,0.0,-0.091042906,0.0,-0.25549823,1,0,0,0,0.9117623,0.00044333827,0.0018713063,0.020895531,,minecraft:stained_hardened_clay
271,2026-08-04T18:32:03.665Z,0.0,-0.092931665,0.0,-0.27575082,1,0,0,0,0.9484068,0.0004902787,0.0019700467,0.026936965,,minecraft:stained_hardened_clay
272,2026-08-04T18:32:03.717Z,0.0,-0.0749028,0.0,-0.2933935,1,0,0,0,0.9648554,0.0004823072,0.0019209107,0.031033726,,minecraft:stained_hardened_clay
273,2026-08-04T18:32:03.764Z,0.0,-0.05928187,0.0,-0.460619,1,0,0,0,0.9619958,0.0004829425,0.001993553,0.03119441,,minecraft:stained_hardened_clay
274,2026-08-04T18:32:03.816Z,0.0,-0.056262657,0.0,0.081129946,1,0,0,0,0.9850889,0.00054077007,0.0019004082,0.04601821,,minecraft:stained_hardened_clay
275,2026-08-04T18:32:03.868Z,0.0,-0.05400403,0.0,0.21362555,1,0,0,0,0.98988813,0.000519313,0.0017649267,0.052816655,,minecraft:stained_hardened_clay
276,2026-08-04T18:32:03.915Z,0.0,-0.00044751912,0.0,0.21361586,1,0,0,0,0.9845051,0.00043231898,0.0015734918,0.039058007,,minecraft:stained_hardened_clay
277,2026-08-04T18:32:03.967Z,0.0,0.0031651706,0.0,0.20274273,1,0,0,0,0.97646606,0.00038128937,0.001462649,0.031413384,,minecraft:stained_hardened_clay
278,2026-08-04T18:32:04.016Z,0.0,-0.0030835643,0.0,0.09986935,1,0,0,0,0.9624861,0.00035655723,0.0014509956,0.02553417,,minecraft:stained_hardened_clay
279,2026-08-04T18:32:04.068Z,0.0,-0.0028251633,0.0,-0.12875348,1,0,0,0,0.90150154,0.00034845175,0.0015915729,0.018271098,,minecraft:stained_hardened_clay
280,2026-08-04T18:32:04.119Z,0.0,-0.022509001,0.0,-0.2908178,1,0,0,0,0.7661491,0.00037185272,0.0017917892,0.013424862,,minecraft:stained_hardened_clay
281,2026-08-04T18:32:04.166Z,0.0,-0.03853074,0.0,-0.3582092,0,0,0,0,0.528791,0.00041915773,0.002021397,0.010332027,,minecraft:stained_hardened_clay
282,2026-08-04T18:32:04.218Z,0.0,-0.11529449,0.0,-0.3597845,0,0,0,0,0.37730223,0.00066486985,0.0030048373,0.012121495,,minecraft:stained_hardened_clay
283,2026-08-04T18:32:04.265Z,0.0,-0.14927915,0.0,-0.40403908,0,0,0,0,0.23287429,0.00096762186,0.004048856,0.012301018,,minecraft:stained_hardened_clay
284,2026-08-04T18:32:04.317Z,0.0,-0.14193189,0.0,-0.37697777,0,0,0,0,0.15411691,0.0011859846,0.004714501,0.012154468,,minecraft:stained_hardened_clay
285,2026-08-04T18:32:04.366Z,0.0,-0.16556968,0.0,0.084568895,0,0,0,0,0.043258745,0.0013472929,0.004599534,0.008429872,,minecraft:stained_hardened_clay
286,2026-08-04T18:32:04.419Z,0.0,-0.1269224,0.0,0.15918082,0,0,0,0,0.017125595,0.001417346,0.004725933,0.0066728205,,minecraft:stained_hardened_clay
287,2026-08-04T18:32:04.468Z,0.0,-0.086640514,0.0,0.07442709,0,0,0,0,0.010388353,0.0015404152,0.005119142,0.006112747,,minecraft:stained_hardened_clay
288,2026-08-04T18:32:04.516Z,0.0,-0.10506925,0.0,-0.11788081,0,0,0,0,0.011426814,0.0019008939,0.0059299306,0.0065140817,,minecraft:stained_hardened_clay
289,2026-08-04T18:32:04.566Z,0.0,-0.109276876,0.0,-0.1651354,0,0,0,0,0.010587634,0.00196284,0.006195054,0.0065181684,,minecraft:stained_hardened_clay
290,2026-08-04T18:32:04.618Z,0.0,-0.10278096,0.0,-0.08403548,0,0,0,0,0.00791697,0.0020810915,0.006449691,0.0063102553,,minecraft:stained_hardened_clay
291,2026-08-04T18:32:04.666Z,0.0,-0.09787044,0.0,0.089030765,0,0,0,0,0.004236533,0.0018477857,0.005360005,0.0057481695,,minecraft:stained_hardened_clay
292,2026-08-04T18:32:04.717Z,0.0,-0.08659761,0.0,0.3011837,0,0,0,0,0.003124691,0.0017995465,0.004840608,0.0057458044,,minecraft:stained_hardened_clay
293,2026-08-04T18:32:04.785Z,0.0,-0.10346098,0.0,0.08890141,0,0,0,0,0.005675161,0.0018392124,0.0050960523,0.0064735045,,minecraft:stained_hardened_clay
294,2026-08-04T18:32:04.817Z,0.0,-0.12578139,0.0,-0.026190303,0,0,0,0,0.012020475,0.001776401,0.0049761203,0.007927329,,minecraft:stained_hardened_clay
295,2026-08-04T18:32:04.869Z,0.0,-0.13942549,0.0,-0.12215789,0,0,0,0,0.023884244,0.0015780772,0.0045754993,0.009384696,,minecraft:stained_hardened_clay
296,2026-08-04T18:32:04.918Z,0.0,-0.109666616,0.0,-0.12521234,0,0,0,0,0.050721284,0.0012018409,0.003799988,0.01001047,,minecraft:stained_hardened_clay
297,2026-08-04T18:32:04.970Z,0.0,-0.11065726,0.0,-0.059186455,0,0,0,0,0.11410238,0.0009739487,0.0032075257,0.011244487,,minecraft:stained_hardened_clay
298,2026-08-04T18:32:05.018Z,0.0,-0.12227373,0.0,-0.08329937,0,0,0,0,0.25447503,0.0008034797,0.0027767362,0.012893682,,minecraft:stained_hardened_clay
299,2026-08-04T18:32:05.069Z,0.0,-0.13373268,0.0,-0.091542445,1,0,0,0,0.66141284,0.00067382725,0.0024319005,0.017982733,,minecraft:stained_hardened_clay
300,2026-08-04T18:32:05.118Z,0.0,-0.11421494,0.0,-0.24008769,1,0,0,0,0.8818942,0.000546553,0.0021219037,0.023960434,,minecraft:stained_hardened_clay
301,2026-08-04T18:32:05.169Z,0.0,-0.101295665,0.0,0.07499952,1,0,0,0,0.97955143,0.0004869811,0.0016265421,0.039219823,,minecraft:stained_hardened_clay
302,2026-08-04T18:32:05.218Z,0.0,-0.10890489,0.0,0.015183657,1,0,0,0,0.9907198,0.00040859898,0.0013816252,0.047069084,,minecraft:stained_hardened_clay
303,2026-08-04T18:32:05.268Z,0.0,-0.10141595,0.0,-0.16107045,1,0,0,0,0.9922132,0.00036601405,0.0013125151,0.04743658,,minecraft:stained_hardened_clay
304,2026-08-04T18:32:05.320Z,0.0,-0.09828176,0.0,-0.28092992,1,0,0,0,0.99152386,0.00034177562,0.0012872216,0.044288237,,minecraft:stained_hardened_clay
305,2026-08-04T18:32:05.368Z,0.0,-0.098324,0.0,-0.33002472,1,0,0,0,0.98994654,0.0003248825,0.0012638224,0.040311605,,minecraft:stained_hardened_clay
306,2026-08-04T18:32:05.421Z,0.0,-0.05635234,0.0,0.20388913,1,0,0,0,0.99083567,0.00036506043,0.0012482617,0.045414217,,minecraft:stained_hardened_clay
307,2026-08-04T18:32:05.468Z,0.0,-0.053748608,0.0,0.35925406,1,0,0,0,0.99120843,0.00037919852,0.0012269504,0.04719715,,minecraft:stained_hardened_clay
308,2026-08-04T18:32:05.521Z,0.0,-0.049331836,0.0,0.25653756,1,0,0,0,0.99130356,0.00037820064,0.0012406358,0.04766249,,minecraft:stained_hardened_clay
309,2026-08-04T18:32:05.570Z,0.0,-0.04545816,0.0,0.47166637,1,0,0,0,0.99509454,0.00040809717,0.001198529,0.059930764,,minecraft:stained_hardened_clay
310,2026-08-04T18:32:05.620Z,0.0,-0.052864715,0.0,0.2310034,1,0,0,0,0.9925372,0.00036989627,0.001204419,0.048615918,,minecraft:stained_hardened_clay
311,2026-08-04T18:32:05.668Z,0.0,-0.016015112,0.0,-0.034047745,1,0,0,0,0.9905518,0.00032380084,0.0012360505,0.04155846,,minecraft:stained_hardened_clay
312,2026-08-04T18:32:05.720Z,0.0,0.019099541,0.0,-0.26536182,1,0,0,0,0.9783992,0.00031004482,0.0013213162,0.030488504,,minecraft:stained_hardened_clay
313,2026-08-04T18:32:05.768Z,0.0,0.04604815,0.0,-0.39214337,1,0,0,0,0.94664824,0.00030360374,0.0014074557,0.022307398,,minecraft:stained_hardened_clay
314,2026-08-04T18:32:05.818Z,0.0,0.08516457,0.0,-0.5793041,1,0,0,0,0.9239941,0.00032879954,0.0014850624,0.019710673,,minecraft:stained_hardened_clay
315,2026-08-04T18:32:05.869Z,0.0,0.094801076,0.0,-0.15901116,1,0,0,0,0.9261229,0.00033969907,0.0014745228,0.0197875,,minecraft:stained_hardened_clay
316,2026-08-04T18:32:05.918Z,0.0,0.097563334,0.0,0.088883854,1,0,0,0,0.9540669,0.00034884963,0.0014108415,0.023059243,,minecraft:stained_hardened_clay
317,2026-08-04T18:32:05.968Z,0.0,0.08639362,0.0,0.34147778,1,0,0,0,0.9844169,0.0003786036,0.0013179227,0.0348167,,minecraft:stained_hardened_clay
318,2026-08-04T18:32:06.018Z,0.0,0.0744574,0.0,0.40076908,1,0,0,0,0.9920874,0.000380599,0.0012543214,0.044001356,,minecraft:stained_hardened_clay
319,2026-08-04T18:32:06.069Z,0.0,0.07002977,0.0,0.02899503,1,0,0,0,0.98977995,0.00041016098,0.0014464635,0.044133086,,minecraft:stained_hardened_clay
320,2026-08-04T18:32:06.118Z,0.0,0.050891757,0.0,0.12886438,1,0,0,0,0.99265736,0.00049205055,0.0015821138,0.055146698,,minecraft:stained_hardened_clay
321,2026-08-04T18:32:06.169Z,0.0,0.03770797,0.0,-0.0493381,1,0,0,0,0.99273735,0.00053135416,0.0017300572,0.057859536,,minecraft:stained_hardened_clay
322,2026-08-04T18:32:06.220Z,0.0,0.024792671,0.0,-0.13907798,1,0,0,0,0.99130744,0.00045588936,0.0016011,0.04584657,,minecraft:stained_hardened_clay
323,2026-08-04T18:32:06.271Z,0.0,0.012249604,0.0,-0.1737962,1,0,0,0,0.9826171,0.00040956453,0.0015270371,0.032954533,,minecraft:stained_hardened_clay
324,2026-08-04T18:32:06.320Z,0.0,0.003319919,0.0,0.06695596,1,0,0,0,0.9774744,0.00043738386,0.0014987555,0.032050624,,minecraft:stained_hardened_clay
325,2026-08-04T18:32:06.368Z,0.0,-0.0163365,0.0,0.29540613,1,0,0,0,0.97921854,0.00045400162,0.0014776383,0.03389844,,minecraft:stained_hardened_clay
326,2026-08-04T18:32:06.420Z,0.0,-0.017491389,0.0,0.33884454,1,0,0,0,0.98572725,0.00044888796,0.0014177725,0.039946966,,minecraft:stained_hardened_clay
327,2026-08-04T18:32:06.469Z,0.0,-0.019333433,0.0,0.26937893,1,0,0,0,0.9887805,0.00043305315,0.0013788779,0.04299165,,minecraft:stained_hardened_clay
328,2026-08-04T18:32:06.520Z,0.0,-0.02124089,0.0,0.18281502,1,0,0,0,0.99006593,0.00042112722,0.001366034,0.04432383,,minecraft:stained_hardened_clay
329,2026-08-04T18:32:06.571Z,0.0,-0.020825349,0.0,0.11087673,1,0,0,0,0.9912006,0.00041194272,0.0013724896,0.046807453,,minecraft:stained_hardened_clay
330,2026-08-04T18:32:06.621Z,0.0,-0.017038811,0.0,-0.09172709,1,0,0,0,0.98960143,0.0003987341,0.0014341808,0.04380246,,minecraft:stained_hardened_clay
331,2026-08-04T18:32:06.668Z,0.0,-0.024944175,0.0,0.083956815,1,0,0,0,0.991159,0.00042225642,0.0014340332,0.04791407,,minecraft:stained_hardened_clay
332,2026-08-04T18:32:06.722Z,0.0,-0.02908735,0.0,-0.28759193,1,0,0,0,0.9862773,0.00040382612,0.0015453796,0.03897373,,minecraft:stained_hardened_clay
333,2026-08-04T18:32:06.770Z,0.0,-0.030275721,0.0,-0.14530197,1,0,0,0,0.98704916,0.0004188384,0.0015131948,0.039136913,,minecraft:stained_hardened_clay
334,2026-08-04T18:32:06.819Z,0.0,-0.03493581,0.0,-0.07939284,1,0,0,0,0.9851098,0.0004077299,0.0014534413,0.03635632,,minecraft:stained_hardened_clay
335,2026-08-04T18:32:06.868Z,0.0,-0.041086312,0.0,-0.15612806,1,0,0,0,0.9852658,0.0003888749,0.0013988467,0.033776198,,minecraft:stained_hardened_clay
336,2026-08-04T18:32:06.918Z,0.0,-0.039442644,0.0,-0.2633983,1,0,0,0,0.98386073,0.00038071533,0.0013933013,0.031839352,,minecraft:stained_hardened_clay
337,2026-08-04T18:32:06.972Z,0.0,-0.0072370097,0.0,-0.40989113,1,0,0,0,0.9847419,0.0004150866,0.0015787153,0.03549665,,minecraft:stained_hardened_clay
338,2026-08-04T18:32:07.021Z,0.0,-0.0048340857,0.0,-0.36782485,1,0,0,0,0.98707074,0.0004661228,0.0017462606,0.040354025,,minecraft:stained_hardened_clay
339,2026-08-04T18:32:07.069Z,0.0,-0.019275486,0.0,0.11057343,1,0,0,0,0.9934797,0.00048418634,0.0014931329,0.051260214,,minecraft:stained_hardened_clay
340,2026-08-04T18:32:07.120Z,0.0,-0.028811075,0.0,0.16382724,1,0,0,0,0.9944195,0.00044932312,0.0013605204,0.05257129,,minecraft:stained_hardened_clay
341,2026-08-04T18:32:07.173Z,0.0,-0.024428088,0.0,-0.052862164,1,0,0,0,0.9919361,0.00041489772,0.0013697761,0.045290086,,minecraft:stained_hardened_clay
342,2026-08-04T18:32:07.222Z,0.0,-0.025937997,0.0,0.19875517,1,0,0,0,0.9933915,0.0004305378,0.0013039993,0.050351378,,minecraft:stained_hardened_clay
343,2026-08-04T18:32:07.271Z,0.0,-0.027801149,0.0,0.28609157,1,0,0,0,0.9933348,0.00042635557,0.0012720597,0.05049768,,minecraft:stained_hardened_clay
344,2026-08-04T18:32:07.320Z,0.0,-0.011547219,0.0,0.16725793,1,0,0,0,0.98580474,0.00036733737,0.0012862257,0.036861874,,minecraft:stained_hardened_clay
345,2026-08-04T18:32:07.372Z,0.0,0.023518354,0.0,-0.11338776,1,0,0,0,0.93126976,0.00032954768,0.0013299361,0.020884918,,minecraft:stained_hardened_clay
346,2026-08-04T18:32:07.420Z,0.0,0.028723009,0.0,-0.2251769,1,0,0,0,0.6296539,0.00033984432,0.0014073753,0.01207813,,minecraft:stained_hardened_clay
347,2026-08-04T18:32:07.472Z,0.0,0.016131476,0.0,-0.081071906,0,0,0,0,0.18574658,0.00040976275,0.0015713926,0.007785286,,minecraft:stained_hardened_clay
348,2026-08-04T18:32:07.520Z,0.0,0.006515704,0.0,0.19895378,0,0,0,0,0.04070769,0.0005537118,0.0018556189,0.005788207,,minecraft:stained_hardened_clay
349,2026-08-04T18:32:07.569Z,0.0,0.012223288,0.0,0.41273084,0,0,0,0,0.011831755,0.00073531806,0.0022063921,0.0049403803,,minecraft:stained_hardened_clay
350,2026-08-04T18:32:07.621Z,0.0,0.018933013,0.0,0.4569269,0,0,0,0,0.004719668,0.0008980638,0.0025667995,0.004598888,,minecraft:stained_hardened_clay
351,2026-08-04T18:32:07.671Z,0.0,0.03563232,0.0,0.04304514,0,0,0,0,0.0030826342,0.0010971684,0.0033012219,0.004010149,,minecraft:stained_hardened_clay
352,2026-08-04T18:32:07.722Z,0.0,0.046911642,0.0,-0.14748788,0,0,0,0,0.0028905538,0.0012638434,0.004001557,0.0040894835,,minecraft:stained_hardened_clay
353,2026-08-04T18:32:07.770Z,0.0,0.054839455,0.0,-0.14535105,0,0,0,0,0.002960601,0.0018587586,0.0056193997,0.0052572177,,minecraft:stained_hardened_clay
354,2026-08-04T18:32:07.821Z,0.0,0.11077616,0.0,-0.17419693,0,0,0,0,0.002800485,0.002326942,0.0066215913,0.0055710925,,minecraft:stained_hardened_clay
355,2026-08-04T18:32:07.873Z,0.0,0.12936959,0.0,-0.23128366,0,0,0,0,0.002666588,0.0026240593,0.007465486,0.0057108575,,minecraft:stained_hardened_clay
356,2026-08-04T18:32:07.920Z,0.0,0.13026202,0.0,-0.24171433,0,0,0,0,0.002677949,0.0029001557,0.008151235,0.0060242354,,minecraft:stained_hardened_clay
357,2026-08-04T18:32:07.972Z,0.0,0.15643841,0.0,-0.13542154,0,0,0,0,0.0031080358,0.003079618,0.008105295,0.0071071675,,minecraft:stained_hardened_clay
358,2026-08-04T18:32:08.022Z,0.0,0.15547732,0.0,-0.008505546,0,0,0,0,0.0031291964,0.0029680934,0.0075425417,0.0073969616,,minecraft:stained_hardened_clay
359,2026-08-04T18:32:08.072Z,0.0,0.15126196,0.0,0.0890676,0,0,0,0,0.0030599385,0.0028898185,0.007157619,0.0075813225,,minecraft:stained_hardened_clay
360,2026-08-04T18:32:08.124Z,0.0,0.15092811,0.0,0.1265651,0,0,0,0,0.002891857,0.002878853,0.007095854,0.007620496,,minecraft:stained_hardened_clay
361,2026-08-04T18:32:08.170Z,0.0,0.15254307,0.0,0.15399668,0,0,0,0,0.0028128093,0.002866709,0.007013499,0.0076043764,,minecraft:stained_hardened_clay
362,2026-08-04T18:32:08.223Z,0.0,0.15433395,0.0,0.16640282,0,0,0,0,0.0027272564,0.0028762044,0.007026532,0.0075897654,,minecraft:stained_hardened_clay
363,2026-08-04T18:32:08.271Z,0.0,0.15758255,0.0,0.16609281,0,0,0,0,0.002665314,0.002926281,0.0071488987,0.0076306798,,minecraft:stained_hardened_clay
364,2026-08-04T18:32:08.322Z,0.0,0.16790786,0.0,0.082722016,0,0,0,0,0.0032026325,0.0034988783,0.008671766,0.008848296,,minecraft:stained_hardened_clay
365,2026-08-04T18:32:08.372Z,0.0,0.1585168,0.0,0.03982549,0,0,0,0,0.0030963363,0.003264818,0.00805625,0.008088953,,minecraft:stained_hardened_clay
366,2026-08-04T18:32:08.422Z,0.0,0.16954371,0.0,-0.11127641,0,0,0,0,0.0027168735,0.0031877067,0.00815896,0.007261399,,minecraft:stained_hardened_clay
367,2026-08-04T18:32:08.471Z,0.0,0.18247208,0.0,-0.2788016,0,0,0,0,0.0024424791,0.0031314236,0.0085505415,0.0067497254,,minecraft:stained_hardened_clay
368,2026-08-04T18:32:08.521Z,0.0,0.10257601,0.0,-0.26454625,0,0,0,0,0.001654974,0.0029133097,0.008612522,0.0058736713,,minecraft:stained_hardened_clay
369,2026-08-04T18:32:08.571Z,0.0,0.074317954,0.0,-0.19929844,0,0,0,0,0.0013593528,0.0026320193,0.007837306,0.00531952,,minecraft:stained_hardened_clay
370,2026-08-04T18:32:08.623Z,0.0,0.06364053,0.0,-0.124621496,0,0,0,0,0.0013819799,0.0024636958,0.007277263,0.005191739,,minecraft:stained_hardened_clay
371,2026-08-04T18:32:08.671Z,0.0,0.059313707,0.0,-0.07046056,0,0,0,0,0.0014442654,0.0022976145,0.006736114,0.005051929,,minecraft:stained_hardened_clay
372,2026-08-04T18:32:08.720Z,0.0,0.06006802,0.0,-0.033151746,0,0,0,0,0.0014906746,0.0021655292,0.0063219895,0.0049312864,,minecraft:stained_hardened_clay
373,2026-08-04T18:32:08.770Z,0.0,0.06159436,0.0,-0.0016210079,0,0,0,0,0.0015295837,0.0020604795,0.005992798,0.0048397197,,minecraft:stained_hardened_clay
374,2026-08-04T18:32:08.822Z,0.0,0.08824497,0.0,0.04256069,0,0,0,0,0.0020177478,0.0021703546,0.006251172,0.0052079763,,minecraft:stained_hardened_clay
375,2026-08-04T18:32:08.873Z,0.0,0.094369255,0.0,0.11042782,0,0,0,0,0.0022475861,0.0021849526,0.0060795066,0.0055169105,,minecraft:stained_hardened_clay
376,2026-08-04T18:32:08.921Z,0.0,0.09327192,0.0,0.16347754,0,0,0,0,0.0022914547,0.002151199,0.005873869,0.0056212037,,minecraft:stained_hardened_clay
377,2026-08-04T18:32:08.972Z,0.0,0.09149683,0.0,0.18261135,0,0,0,0,0.0023098378,0.0021484196,0.0058123632,0.005687789,,minecraft:stained_hardened_clay
378,2026-08-04T18:32:09.023Z,0.0,0.091090344,0.0,0.17980427,0,0,0,0,0.0023300592,0.0021713688,0.0058499025,0.0057415785,,minecraft:stained_hardened_clay
379,2026-08-04T18:32:09.071Z,0.0,0.14767665,0.0,-0.034138612,0,0,0,0,0.0021270704,0.0021763917,0.006507555,0.0055102045,,minecraft:stained_hardened_clay
380,2026-08-04T18:32:09.125Z,0.0,0.15845728,0.0,-0.04838691,0,0,0,0,0.0024292702,0.002141282,0.0064319745,0.0056337337,,minecraft:stained_hardened_clay
381,2026-08-04T18:32:09.173Z,0.0,0.16337317,0.0,-0.017985575,0,0,0,0,0.0027097652,0.0020572639,0.0061205705,0.0056599327,,minecraft:stained_hardened_clay
382,2026-08-04T18:32:09.223Z,0.0,0.16670257,0.0,0.009392403,0,0,0,0,0.0029176262,0.0019912717,0.0058669373,0.0056484607,,minecraft:stained_hardened_clay
383,2026-08-04T18:32:09.271Z,0.0,0.13851881,0.0,0.04497353,0,0,0,0,0.0025183943,0.001979954,0.0055415914,0.005357119,,minecraft:stained_hardened_clay
384,2026-08-04T18:32:09.322Z,0.0,0.13494396,0.0,0.050042577,0,0,0,0,0.0024611074,0.0019606387,0.0054564327,0.0052434383,,minecraft:stained_hardened_clay
385,2026-08-04T18:32:09.372Z,0.0,0.13195771,0.0,0.043383397,0,0,0,0,0.002667591,0.0020256871,0.0055570565,0.005355023,,minecraft:stained_hardened_clay
386,2026-08-04T18:32:09.421Z,0.0,0.12750033,0.0,0.034872837,0,0,0,0,0.002762845,0.002080036,0.005664295,0.0054059536,,minecraft:stained_hardened_clay
387,2026-08-04T18:32:09.470Z,0.0,0.1265603,0.0,0.0036717132,0,0,0,0,0.0028269808,0.002169348,0.0059263622,0.0054518287,,minecraft:stained_hardened_clay
388,2026-08-04T18:32:09.520Z,0.0,0.08606786,0.0,0.10507611,0,0,0,0,0.0056019314,0.0023954187,0.0059719994,0.006469072,,minecraft:stained_hardened_clay
389,2026-08-04T18:32:09.571Z,0.0,0.08076728,0.0,0.14445984,0,0,0,0,0.007354486,0.0022271792,0.0054928865,0.0065898495,,minecraft:stained_hardened_clay
390,2026-08-04T18:32:09.623Z,0.0,0.07611262,0.0,0.13148987,0,0,0,0,0.00793974,0.0020850087,0.0052025495,0.0063822824,,minecraft:stained_hardened_clay
391,2026-08-04T18:32:09.672Z,0.0,0.070578866,0.0,0.13965082,0,0,0,0,0.008516516,0.0019846088,0.0049449936,0.006281533,,minecraft:stained_hardened_clay
392,2026-08-04T18:32:09.722Z,0.0,0.06648124,0.0,0.1546596,0,0,0,0,0.009122895,0.0019064022,0.0047347983,0.0062301992,,minecraft:stained_hardened_clay
393,2026-08-04T18:32:09.772Z,0.0,0.12833557,0.0,-0.09388164,0,0,0,0,0.0038384304,0.0015980174,0.0045799124,0.004818333,,minecraft:stained_hardened_clay
394,2026-08-04T18:32:09.825Z,0.0,0.12360679,0.0,-0.11034527,0,0,0,0,0.0028597277,0.0016207101,0.0045477585,0.0042876094,,minecraft:stained_hardened_clay
395,2026-08-04T18:32:09.872Z,0.0,0.112064086,0.0,-0.07586664,0,0,0,0,0.0025460457,0.0016112975,0.004517148,0.0041917632,,minecraft:stained_hardened_clay
396,2026-08-04T18:32:09.924Z,0.0,0.10820591,0.0,-0.077411436,0,0,0,0,0.0024091823,0.0016887905,0.0046999687,0.004187778,,minecraft:stained_hardened_clay
397,2026-08-04T18:32:09.973Z,0.0,0.10546852,0.0,-0.06704216,0,0,0,0,0.002548915,0.0017341824,0.0047487747,0.004285688,,minecraft:stained_hardened_clay
398,2026-08-04T18:32:10.022Z,0.0,0.10627977,0.0,-0.07577301,0,0,0,0,0.0026876084,0.0017856676,0.0048404066,0.004379117,,minecraft:stained_hardened_clay
399,2026-08-04T18:32:10.073Z,0.0,0.108901136,0.0,-0.10966597,0,0,0,0,0.0028436899,0.0018685306,0.005034821,0.0044903583,,minecraft:stained_hardened_clay
400,2026-08-04T18:32:10.122Z,0.0,0.12816417,0.0,-0.15106581,0,0,0,0,0.0034263541,0.0018996819,0.00517088,0.0045901933,,minecraft:stained_hardened_clay
401,2026-08-04T18:32:10.172Z,0.0,0.13469625,0.0,-0.15301296,0,0,0,0,0.0037475226,0.0019262744,0.005226917,0.004744765,,minecraft:stained_hardened_clay
402,2026-08-04T18:32:10.222Z,0.0,0.13447726,0.0,-0.14271568,0,0,0,0,0.0039434507,0.0019464052,0.0052400767,0.0048282025,,minecraft:stained_hardened_clay
403,2026-08-04T18:32:10.271Z,0.0,0.103952356,0.0,-0.042388733,0,0,0,0,0.0045887223,0.0021408724,0.0053926357,0.0054453867,,minecraft:stained_hardened_clay
404,2026-08-04T18:32:10.323Z,0.0,0.07796871,0.0,0.03163398,0,0,0,0,0.0050267177,0.0020782,0.0051173745,0.0056242887,,minecraft:stained_hardened_clay
405,2026-08-04T18:32:10.373Z,0.0,0.03411743,0.0,0.106112055,0,0,0,0,0.003540982,0.001988744,0.004903083,0.0053608012,,minecraft:stained_hardened_clay
406,2026-08-04T18:32:10.422Z,0.0,0.01947429,0.0,0.105036445,0,0,0,0,0.002737296,0.0019919684,0.004966009,0.0051693935,,minecraft:stained_hardened_clay
407,2026-08-04T18:32:10.472Z,0.0,0.011088669,0.0,0.11162888,0,0,0,0,0.0024921068,0.0020117154,0.0050236355,0.005137315,,minecraft:stained_hardened_clay
408,2026-08-04T18:32:10.522Z,0.0,0.004680142,0.0,0.11956821,0,0,0,0,0.0024187856,0.002031888,0.005055511,0.00515219,,minecraft:stained_hardened_clay
409,2026-08-04T18:32:10.572Z,0.0,-0.0003785789,0.0,0.12759101,0,0,0,0,0.0024239847,0.0020370279,0.005047864,0.005168283,,minecraft:stained_hardened_clay
410,2026-08-04T18:32:10.623Z,0.0,-0.011905905,0.0,0.095519595,0,0,0,0,0.0023194046,0.0018004741,0.004729801,0.004543745,,minecraft:stained_hardened_clay
411,2026-08-04T18:32:10.674Z,0.0,-0.005374439,0.0,0.061186947,0,0,0,0,0.0022220924,0.0017887744,0.0047840276,0.0043913126,,minecraft:stained_hardened_clay
412,2026-08-04T18:32:10.723Z,0.0,0.005451806,0.0,0.05893547,0,0,0,0,0.0023505758,0.0018424778,0.004838319,0.0045105526,,minecraft:stained_hardened_clay
413,2026-08-04T18:32:10.773Z,0.0,0.015574537,0.0,0.022996806,0,0,0,0,0.0024033436,0.0018607227,0.0049159145,0.0044875876,,minecraft:stained_hardened_clay
414,2026-08-04T18:32:10.823Z,0.0,0.022038817,0.0,-0.00533922,0,0,0,0,0.0024447576,0.0018756784,0.0049900836,0.004463186,,minecraft:stained_hardened_clay
415,2026-08-04T18:32:10.874Z,0.0,0.025359653,0.0,-0.022563487,0,0,0,0,0.0024475243,0.0018847524,0.0050456226,0.0044546244,,minecraft:stained_hardened_clay
416,2026-08-04T18:32:10.924Z,0.0,0.027100734,0.0,-0.03224145,0,0,0,0,0.0024495325,0.0018897626,0.005079514,0.0044505782,,minecraft:stained_hardened_clay
417,2026-08-04T18:32:10.974Z,0.0,0.020719394,0.0,-0.051342186,0,0,0,0,0.0023057635,0.0018557673,0.005109032,0.004304194,,minecraft:stained_hardened_clay
418,2026-08-04T18:32:11.023Z,0.0,0.018642366,0.0,0.011265762,0,0,0,0,0.0030517217,0.0018342189,0.0047717243,0.0045887446,,minecraft:stained_hardened_clay
419,2026-08-04T18:32:11.072Z,0.0,0.026690938,0.0,-0.018455528,0,0,0,0,0.0034567923,0.0017848628,0.004627455,0.0045564426,,minecraft:stained_hardened_clay
420,2026-08-04T18:32:11.123Z,0.0,0.03380785,0.0,-0.05942223,0,0,0,0,0.0035073862,0.00175029,0.0045970543,0.0044402275,,minecraft:stained_hardened_clay
421,2026-08-04T18:32:11.173Z,0.0,0.037694365,0.0,-0.081877634,0,0,0,0,0.0034524484,0.001732943,0.0046007065,0.0043675257,,minecraft:stained_hardened_clay
422,2026-08-04T18:32:11.223Z,0.0,0.03949763,0.0,-0.09009341,0,0,0,0,0.0033767119,0.001721259,0.004600648,0.0043238625,,minecraft:stained_hardened_clay
423,2026-08-04T18:32:11.273Z,0.0,0.040305093,0.0,-0.09059619,0,0,0,0,0.00331122,0.0017107283,0.0045913523,0.0042969757,,minecraft:stained_hardened_clay
424,2026-08-04T18:32:11.323Z,0.0,0.048388816,0.0,-0.14390074,0,0,0,0,0.0024118654,0.0016631389,0.0047527906,0.0039113928,,minecraft:stained_hardened_clay
425,2026-08-04T18:32:11.373Z,0.0,0.045230173,0.0,-0.1071953,0,0,0,0,0.0021660856,0.0016602752,0.0047787833,0.0039065154,,minecraft:stained_hardened_clay
426,2026-08-04T18:32:11.423Z,0.0,0.041382454,0.0,-0.06616585,0,0,0,0,0.0021288767,0.0016633706,0.0047437116,0.003976145,,minecraft:stained_hardened_clay
427,2026-08-04T18:32:11.473Z,0.0,0.0392901,0.0,-0.04372817,0,0,0,0,0.0021693523,0.0016656988,0.004703497,0.004027381,,minecraft:stained_hardened_clay
428,2026-08-04T18:32:11.522Z,0.0,0.041056678,0.0,-0.03311684,0,0,0,0,0.002186009,0.0016525491,0.004651303,0.004031691,,minecraft:stained_hardened_clay
429,2026-08-04T18:32:11.572Z,1.6955109,0.04380005,-0.65936357,-0.028038643,0,0,0,0,0.0021733388,0.0016410851,0.004621799,0.004025299,,minecraft:stained_hardened_clay
430,2026-08-04T18:32:11.622Z,10.738228,0.046763934,-3.9561815,-0.028047517,0,0,0,0,0.0021141507,0.0016410936,0.0046317577,0.0040153703,,minecraft:stained_hardened_clay
431,2026-08-04T18:32:11.684Z,7.6293945e-06,0.047302634,-0.28258467,-0.018340416,0,0,0,0,0.0020938006,0.0016393556,0.00461685,0.0040237904,,minecraft:stained_hardened_clay
432,2026-08-04T18:32:11.721Z,0.0,0.047559544,0.0,-0.011256732,0,0,0,0,0.0020861586,0.001637836,0.0046026595,0.00403238,,minecraft:stained_hardened_clay
433,2026-08-04T18:32:11.772Z,0.0,0.048070773,0.0,-0.0058016554,0,0,0,0,0.002082501,0.0016338084,0.0045847497,0.0040363786,,minecraft:stained_hardened_clay
434,2026-08-04T18:32:11.826Z,0.0,0.04850579,0.0,-0.0015036166,0,0,0,0,0.00208113,0.0016284069,0.004565754,0.0040381867,,minecraft:stained_hardened_clay
435,2026-08-04T18:32:11.875Z,0.0,0.04937853,0.0,0.0019581914,0,0,0,0,0.0020745865,0.0016288923,0.004559508,0.004043032,,minecraft:stained_hardened_clay
436,2026-08-04T18:32:11.924Z,0.0,0.050174437,0.0,0.005268857,0,0,0,0,0.0020685939,0.0016306201,0.0045560836,0.004049308,,minecraft:stained_hardened_clay
437,2026-08-04T18:32:11.976Z,0.0,0.050888076,0.0,0.007883042,0,0,0,0,0.00206183,0.0016295222,0.004547616,0.0040491177,,minecraft:stained_hardened_clay
438,2026-08-04T18:32:12.025Z,0.0,0.051613003,0.0,0.01007238,0,0,0,0,0.0020547681,0.0016284799,0.004540276,0.00404825,,minecraft:stained_hardened_clay
439,2026-08-04T18:32:12.072Z,0.0,0.05228194,0.0,0.012046345,0,0,0,0,0.002047395,0.0016280807,0.004534911,0.004048039,,minecraft:stained_hardened_clay
440,2026-08-04T18:32:12.123Z,0.0,0.05292373,0.0,0.01379744,0,0,0,0,0.0020406612,0.0016277232,0.0045296787,0.0040477137,,minecraft:stained_hardened_clay
441,2026-08-04T18:32:12.173Z,0.0,0.0534698,0.0,0.015575737,0,0,0,0,0.002036301,0.0016264763,0.004521979,0.0040465877,,minecraft:stained_hardened_clay
442,2026-08-04T18:32:12.224Z,0.0,0.053719483,0.0,0.019041546,0,0,0,0,0.00203954,0.0016228033,0.00450753,0.004048268,,minecraft:stained_hardened_clay
443,2026-08-04T18:32:12.274Z,0.0,0.053988747,0.0,0.022397675,0,0,0,0,0.0020425548,0.0016190122,0.0044933795,0.0040498925,,minecraft:stained_hardened_clay
444,2026-08-04T18:32:12.325Z,0.0,0.0541076,0.0,0.025851361,0,0,0,0,0.0020457697,0.0016149285,0.0044774804,0.0040504504,,minecraft:stained_hardened_clay
445,2026-08-04T18:32:12.374Z,0.0,0.054241054,0.0,0.029289313,0,0,0,0,0.0020495425,0.0016105437,0.0044609895,0.0040509524,,minecraft:stained_hardened_clay
446,2026-08-04T18:32:12.422Z,0.0,0.054344036,0.0,0.032707937,0,0,0,0,0.0020539928,0.0016062389,0.004444782,0.0040515857,,minecraft:stained_hardened_clay
447,2026-08-04T18:32:12.477Z,0.0,0.054395147,0.0,0.03656157,0,0,0,0,0.0020593659,0.0016011772,0.0044261855,0.0040521645,,minecraft:stained_hardened_clay
448,2026-08-04T18:32:12.525Z,0.0,0.054396607,0.0,0.041117944,0,0,0,0,0.0020670267,0.0015950903,0.004404151,0.004053,,minecraft:stained_hardened_clay
449,2026-08-04T18:32:12.575Z,0.0,0.054263525,0.0,0.046201102,0,0,0,0,0.002077832,0.001587829,0.0043793707,0.004053968,,minecraft:stained_hardened_clay
450,2026-08-04T18:32:12.625Z,0.0,0.05454672,0.0,0.04766234,0,0,0,0,0.0020858373,0.0015855083,0.0043691806,0.004055622,,minecraft:stained_hardened_clay
451,2026-08-04T18:32:12.673Z,0.0,0.05484145,0.0,0.049033366,0,0,0,0,0.0020939282,0.0015835321,0.0043598143,0.0040578647,,minecraft:stained_hardened_clay
452,2026-08-04T18:32:12.723Z,0.0,0.055194207,0.0,0.05012899,0,0,0,0,0.0021016323,0.0015821921,0.004352239,0.0040606195,,minecraft:stained_hardened_clay
453,2026-08-04T18:32:12.775Z,0.0,0.05558539,0.0,0.050488226,0,0,0,0,0.0021088708,0.0015822945,0.0043491367,0.0040643546,,minecraft:stained_hardened_clay
454,2026-08-04T18:32:12.824Z,0.0,0.055999987,0.0,0.04993882,0,0,0,0,0.002115476,0.0015846217,0.004352425,0.004070283,,minecraft:stained_hardened_clay
455,2026-08-04T18:32:12.872Z,0.0,0.0565731,0.0,0.04915171,0,0,0,0,0.0021249652,0.0015875637,0.0043565244,0.0040775416,,minecraft:stained_hardened_clay
456,2026-08-04T18:32:12.925Z,0.0,0.05657997,0.0,0.049250178,0,0,0,0,0.0021246974,0.0015869621,0.004354949,0.0040767863,,minecraft:stained_hardened_clay
457,2026-08-04T18:32:12.976Z,0.0,0.05658499,0.0,0.049358763,0,0,0,0,0.002124847,0.0015862581,0.004353111,0.0040759905,,minecraft:stained_hardened_clay
458,2026-08-04T18:32:13.025Z,0.0,0.056605108,0.0,0.049413256,0,0,0,0,0.0021246083,0.0015856443,0.004351605,0.004075087,,minecraft:stained_hardened_clay
459,2026-08-04T18:32:13.074Z,0.0,0.056628145,0.0,0.049524926,0,0,0,0,0.0021245982,0.0015847945,0.0043494096,0.004073959,,minecraft:stained_hardened_clay
460,2026-08-04T18:32:13.124Z,0.0,0.056651212,0.0,0.049584262,0,0,0,0,0.0021245393,0.0015842287,0.004347923,0.00407328,,minecraft:stained_hardened_clay
461,2026-08-04T18:32:13.176Z,0.0,0.056637175,0.0,0.049665384,0,0,0,0,0.0021246478,0.0015838087,0.0043467544,0.0040727304,,minecraft:stained_hardened_clay
462,2026-08-04T18:32:13.225Z,0.0,0.056642495,0.0,0.04970341,0,0,0,0,0.002124666,0.0015837001,0.0043464326,0.0040726317,,minecraft:stained_hardened_clay
463,2026-08-04T18:32:13.273Z,0.0,0.056650214,0.0,0.049675964,0,0,0,0,0.002124686,0.0015837016,0.0043464717,0.00407263,,minecraft:stained_hardened_clay
464,2026-08-04T18:32:13.325Z,0.0,0.056651063,0.0,0.049696423,0,0,0,0,0.0021247608,0.0015836286,0.004346274,0.0040725814,,minecraft:stained_hardened_clay
465,2026-08-04T18:32:13.375Z,0.0,0.056651063,0.0,0.049696423,0,0,0,0,0.0021247608,0.0015836286,0.004346274,0.0040725814,,minecraft:stained_hardened_clay
466,2026-08-04T18:32:13.424Z,0.0,0.056651063,0.0,0.049696423,0,0,0,0,0.0021247608,0.0015836286,0.004346274,0.0040725814,,minecraft:stained_hardened_clay
467,2026-08-04T18:32:13.475Z,0.0,0.056651063,0.0,0.049696423,0,0,0,0,0.0021247608,0.0015836286,0.004346274,0.0040725814,,minecraft:stained_hardened_clay
468,2026-08-04T18:32:13.525Z,0.0,0.056651063,0.0,0.049696423,0,0,0,0,0.0021247608,0.0015836286,0.004346274,0.0040725814,,minecraft:stained_hardened_clay
469,2026-08-04T18:32:13.575Z,0.0,0.056651063,0.0,0.049696423,0,0,0,0,0.0021247608,0.0015836286,0.004346274,0.0040725814,,minecraft:stained_hardened_clay
470,2026-08-04T18:32:13.625Z,0.0,0.056651063,0.0,0.049696423,0,0,0,0,0.0021247608,0.0015836286,0.004346274,0.0040725814,,minecraft:stained_hardened_clay
471,2026-08-04T18:32:13.676Z,0.0,0.056651063,0.0,0.049696423,0,0,0,0,0.0021247608,0.0015836286,0.004346274,0.0040725814,,minecraft:stained_hardened_clay
472,2026-08-04T18:32:13.725Z,0.0,0.056651063,0.0,0.049696423,0,0,0,0,0.0021247608,0.0015836286,0.004346274,0.0040725814,,minecraft:stained_hardened_clay
473,2026-08-04T18:32:13.776Z,0.0,0.056651063,0.0,0.049696423,0,0,0,0,0.0021247608,0.0015836286,0.004346274,0.0040725814,,minecraft:stained_hardened_clay
474,2026-08-04T18:32:13.823Z,0.0,0.056651063,0.0,0.049696423,0,0,0,0,0.0021247608,0.0015836286,0.004346274,0.0040725814,,minecraft:stained_hardened_clay
475,2026-08-04T18:32:13.876Z,0.0,0.056651063,0.0,0.049696423,0,0,0,0,0.0021247608,0.0015836286,0.004346274,0.0040725814,,minecraft:stained_hardened_clay
476,2026-08-04T18:32:13.925Z,0.0,0.056651063,0.0,0.049696423,0,0,0,0,0.0021247608,0.0015836286,0.004346274,0.0040725814,,minecraft:stained_hardened_clay
477,2026-08-04T18:32:13.975Z,0.0,0.056651063,0.0,0.049696423,0,0,0,0,0.0021247608,0.0015836286,0.004346274,0.0040725814,,minecraft:stained_hardened_clay
478,2026-08-04T18:32:14.022Z,0.0,0.056651063,0.0,0.049696423,0,0,0,0,0.0021247608,0.0015836286,0.004346274,0.0040725814,,minecraft:stained_hardened_clay
479,2026-08-04T18:32:14.075Z,8.665916,0.056454964,-0.094195366,0.051731803,0,0,0,0,0.002106967,0.0015835238,0.004343254,0.0040732487,,minecraft:stained_hardened_clay
480,2026-08-04T18:32:14.126Z,28.16426,0.05445146,3.2968175,0.06749185,0,0,0,0,0.0020709352,0.0015798506,0.004309058,0.004092205,,minecraft:stained_hardened_clay
481,2026-08-04T18:32:14.175Z,32.21463,0.05294896,2.2606754,0.08441215,0,0,0,0,0.0020313137,0.0015783898,0.004279795,0.0041178395,,minecraft:stained_hardened_clay
482,2026-08-04T18:32:14.222Z,9.136871,0.051098734,4.144571,0.102445506,0,0,0,0,0.0020323086,0.0015716598,0.004234132,0.004146905,,minecraft:stained_hardened_clay
483,2026-08-04T18:32:14.273Z,0.0,0.051830187,0.0,0.10569873,0,0,0,0,0.0020280008,0.0015668799,0.004216533,0.004150595,,minecraft:stained_hardened_clay
484,2026-08-04T18:32:14.323Z,0.0,0.052709095,0.0,0.105423145,0,0,0,0,0.002024889,0.0015658254,0.0042142873,0.004151691,,minecraft:stained_hardened_clay
485,2026-08-04T18:32:14.374Z,0.0,0.05338504,0.0,0.10465524,0,0,0,0,0.002022182,0.0015660162,0.0042161625,0.0041526416,,minecraft:stained_hardened_clay
486,2026-08-04T18:32:14.424Z,0.0,0.053881086,0.0,0.10374429,0,0,0,0,0.002018669,0.0015665762,0.004219423,0.0041527776,,minecraft:stained_hardened_clay
487,2026-08-04T18:32:14.472Z,0.0,0.054268666,0.0,0.10277269,0,0,0,0,0.0020151802,0.0015675095,0.004223604,0.0041525587,,minecraft:stained_hardened_clay
488,2026-08-04T18:32:14.524Z,0.0,0.05455876,0.0,0.10189881,0,0,0,0,0.0020117164,0.0015683239,0.004227408,0.004151995,,minecraft:stained_hardened_clay
489,2026-08-04T18:32:14.574Z,0.0,0.054790072,0.0,0.10102404,0,0,0,0,0.0020079326,0.0015693501,0.004231618,0.0041513285,,minecraft:stained_hardened_clay
490,2026-08-04T18:32:14.622Z,-0.2825775,0.05499982,-0.09419489,0.09992222,0,0,0,0,0.0020039682,0.0015705724,0.004236575,0.004150286,,minecraft:stained_hardened_clay
491,2026-08-04T18:32:14.673Z,-2.3548126,0.05534976,-0.6593635,0.09728781,0,0,0,0,0.0019968287,0.0015725559,0.004246292,0.0041462514,,minecraft:stained_hardened_clay
492,2026-08-04T18:32:14.725Z,-1.5070801,0.055729948,-1.0361431,0.093734466,0,0,0,0,0.0019873544,0.0015766008,0.004262418,0.0041423626,,minecraft:stained_hardened_clay
493,2026-08-04T18:32:14.775Z,-0.37677002,0.05561184,-0.09419477,0.09303857,0,0,0,0,0.0019834843,0.0015798889,0.0042715087,0.0041438895,,minecraft:stained_hardened_clay
494,2026-08-04T18:32:14.823Z,0.0,0.055471472,0.0,0.09279334,0,0,0,0,0.0019806619,0.0015818223,0.0042766063,0.0041447333,,minecraft:stained_hardened_clay
495,2026-08-04T18:32:14.873Z,0.0,0.05538229,0.0,0.09255775,0,0,0,0,0.0019788682,0.0015833082,0.00428022,0.004145385,,minecraft:stained_hardened_clay
496,2026-08-04T18:32:14.922Z,0.0,0.05534742,0.0,0.0922905,0,0,0,0,0.0019770938,0.0015843028,0.0042828745,0.0041454523,,minecraft:stained_hardened_clay
497,2026-08-04T18:32:14.973Z,0.0,0.055340715,0.0,0.09192998,0,0,0,0,0.0019750295,0.0015852284,0.0042856433,0.0041453713,,minecraft:stained_hardened_clay
498,2026-08-04T18:32:15.023Z,0.0,0.055345528,0.0,0.09150813,0,0,0,0,0.0019731873,0.0015861192,0.004288355,0.004145202,,minecraft:stained_hardened_clay
499,2026-08-04T18:32:15.073Z,0.0,0.05536019,0.0,0.091067515,0,0,0,0,0.001971068,0.001586959,0.0042911125,0.0041449224,,minecraft:stained_hardened_clay
500,2026-08-04T18:32:15.123Z,0.0,0.05538825,0.0,0.09056481,0,0,0,0,0.0019693035,0.0015878646,0.0042940285,0.0041446886,,minecraft:stained_hardened_clay
501,2026-08-04T18:32:15.173Z,0.0,0.055405222,0.0,0.09006692,0,0,0,0,0.0019673973,0.0015886093,0.004296586,0.0041439584,,minecraft:stained_hardened_clay
502,2026-08-04T18:32:15.223Z,0.0,0.055426113,0.0,0.08964663,0,0,0,0,0.0019657724,0.0015895437,0.0042994386,0.004144116,,minecraft:stained_hardened_clay
503,2026-08-04T18:32:15.273Z,0.0,0.05544532,0.0,0.08914731,0,0,0,0,0.0019639276,0.0015903088,0.0043020467,0.0041436157,,minecraft:stained_hardened_clay
504,2026-08-04T18:32:15.323Z,0.0,0.055468075,0.0,0.08875104,0,0,0,0,0.0019622059,0.0015910933,0.0043046107,0.00414347,,minecraft:stained_hardened_clay
505,2026-08-04T18:32:15.374Z,0.0,0.055489384,0.0,0.08831199,0,0,0,0,0.0019606245,0.0015918701,0.0043071457,0.0041432795,,minecraft:stained_hardened_clay
506,2026-08-04T18:32:15.423Z,0.0,0.055524476,0.0,0.08778214,0,0,0,0,0.0019587611,0.0015925794,0.0043097273,0.0041426457,,minecraft:stained_hardened_clay
507,2026-08-04T18:32:15.472Z,2.8257904,0.053968526,4.1445713,0.09811745,0,0,0,0,0.00198401,0.0015849605,0.0042722123,0.0041578743,,minecraft:stained_hardened_clay
508,2026-08-04T18:32:15.524Z,1.0361176,0.054728605,0.18838978,0.09750057,0,0,0,0,0.0019883835,0.0015777533,0.0042554312,0.0041502207,,minecraft:stained_hardened_clay
509,2026-08-04T18:32:15.573Z,0.0,0.05548113,0.0,0.09504119,0,0,0,0,0.0019867197,0.0015748093,0.0042529185,0.0041429545,,minecraft:stained_hardened_clay
510,2026-08-04T18:32:15.622Z,0.0,0.056013726,0.0,0.092938565,0,0,0,0,0.0019836975,0.0015739085,0.004254829,0.0041385703,,minecraft:stained_hardened_clay
511,2026-08-04T18:32:15.674Z,-0.565155,0.058982752,-6.9704156,0.07432275,0,0,0,0,0.0019364448,0.0015890118,0.0043253205,0.0041145007,,minecraft:stained_hardened_clay
512,2026-08-04T18:32:15.724Z,-0.094192505,0.058474608,-1.4129218,0.0715921,0,0,0,0,0.0019171241,0.0016050861,0.004370537,0.004123794,,minecraft:stained_hardened_clay
513,2026-08-04T18:32:15.775Z,-0.2825775,0.057677098,-1.2245333,0.07211534,0,0,0,0,0.0019071518,0.0016164499,0.0043968656,0.0041350774,,minecraft:stained_hardened_clay
514,2026-08-04T18:32:15.824Z,-0.094192505,0.056854986,-0.75355864,0.073759936,0,0,0,0,0.0019026333,0.0016237035,0.004410825,0.0041440097,,minecraft:stained_hardened_clay
515,2026-08-04T18:32:15.872Z,0.0,0.05602307,0.0,0.07638704,0,0,0,0,0.0019027123,0.0016274025,0.0044143423,0.0041514863,,minecraft:stained_hardened_clay
516,2026-08-04T18:32:15.924Z,0.0,0.0554161,0.0,0.0786709,0,0,0,0,0.0019041082,0.0016290692,0.0044134874,0.004156589,,minecraft:stained_hardened_clay
517,2026-08-04T18:32:15.973Z,0.0,0.054972254,0.09419489,0.08044646,0,0,0,0,0.0019064303,0.0016294997,0.0044107353,0.004159837,,minecraft:stained_hardened_clay
518,2026-08-04T18:32:16.023Z,0.0,0.053903528,2.3548698,0.086541526,0,0,0,0,0.0019198114,0.0016244288,0.0043869973,0.0041662958,,minecraft:stained_hardened_clay
519,2026-08-04T18:32:16.073Z,2.731598,0.05189605,6.122662,0.101629935,0,0,0,0,0.001960021,0.0016073916,0.0043177227,0.004181547,,minecraft:stained_hardened_clay
520,2026-08-04T18:32:16.123Z,5.934265,0.048975892,9.796259,0.1287021,0,0,0,0,0.0020469108,0.0015735344,0.0041860146,0.0042124107,,minecraft:stained_hardened_clay
521,2026-08-04T18:32:16.175Z,1.7896729,0.049965225,4.521348,0.13854313,0,0,0,0,0.0021125125,0.0015389228,0.0040841983,0.004209657,,minecraft:stained_hardened_clay
522,2026-08-04T18:32:16.224Z,0.0,0.053654887,0.09419441,0.12939021,0,0,0,0,0.002126775,0.0015181234,0.004050837,0.0041772784,,minecraft:stained_hardened_clay
523,2026-08-04T18:32:16.273Z,0.37677002,0.056549378,0.0,0.11963736,0,0,0,0,0.0021248823,0.0015094625,0.0040486003,0.004154783,,minecraft:stained_hardened_clay
524,2026-08-04T18:32:16.326Z,0.0,0.058502086,0.0,0.11243055,0,0,0,0,0.0021194606,0.0015062304,0.0040547443,0.004141839,,minecraft:stained_hardened_clay
525,2026-08-04T18:32:16.376Z,0.0,0.05984565,0.0,0.10713541,0,0,0,0,0.0021130333,0.0015055779,0.004063453,0.0041341092,,minecraft:stained_hardened_clay
526,2026-08-04T18:32:16.424Z,0.18838501,0.060589693,0.47097206,0.10486213,0,0,0,0,0.002111803,0.0015047394,0.004066013,0.0041319546,,minecraft:stained_hardened_clay
527,2026-08-04T18:32:16.475Z,0.565155,0.06130243,0.28258324,0.102623634,0,0,0,0,0.0021095965,0.0015039194,0.004068319,0.0041292007,,minecraft:stained_hardened_clay
528,2026-08-04T18:32:16.523Z,0.18838501,0.06210976,-0.18838882,0.099263035,0,0,0,0,0.0021025834,0.0015045174,0.0040759407,0.0041247653,,minecraft:stained_hardened_clay
529,2026-08-04T18:32:16.573Z,0.47096252,0.062834434,-0.37677765,0.09561395,0,0,0,0,0.0020926474,0.0015067369,0.0040880092,0.004120611,,minecraft:stained_hardened_clay
530,2026-08-04T18:32:16.624Z,0.7535553,0.06342345,-0.6593628,0.09181949,0,0,0,0,0.0020787993,0.001510341,0.004103934,0.004116369,,minecraft:stained_hardened_clay
531,2026-08-04T18:32:16.673Z,11.5859375,0.06564317,-4.050376,0.078090094,0,0,0,0,0.0020313137,0.0015242797,0.0041632047,0.0040991153,,minecraft:stained_hardened_clay
532,2026-08-04T18:32:16.727Z,9.513687,0.065160625,-0.18838978,0.077866934,0,0,0,0,0.0020145376,0.0015383582,0.004198871,0.0041126376,,minecraft:stained_hardened_clay
533,2026-08-04T18:32:16.776Z,2.449051,0.064128704,0.8477526,0.08267934,0,0,0,0,0.0020130877,0.0015447926,0.004205507,0.004129034,,minecraft:stained_hardened_clay
534,2026-08-04T18:32:16.825Z,2.920044,0.06388975,0.0,0.08417114,0,0,0,0,0.0020088053,0.0015477617,0.004209399,0.004133986,,minecraft:stained_hardened_clay
535,2026-08-04T18:32:16.874Z,9.231079,0.06385679,0.56516933,0.08509868,0,0,0,0,0.0020143173,0.0015503132,0.0042130225,0.004140371,,minecraft:stained_hardened_clay
536,2026-08-04T18:32:16.926Z,10.455658,0.06348387,2.1664772,0.08930447,0,0,0,0,0.0020431157,0.0015488415,0.004199846,0.004154916,,minecraft:stained_hardened_clay
537,2026-08-04T18:32:16.975Z,2.1664734,0.06426526,0.6593609,0.08798238,0,0,0,0,0.002054686,0.001546251,0.004194007,0.0041553993,,minecraft:stained_hardened_clay
538,2026-08-04T18:32:17.026Z,0.0,0.06520463,0.0,0.08433459,0,0,0,0,0.0020497309,0.0015454326,0.004198179,0.00414868,,minecraft:stained_hardened_clay
539,2026-08-04T18:32:17.076Z,0.18838501,0.06562831,0.28258324,0.08267192,0,0,0,0,0.0020439383,0.0015455474,0.004201757,0.004145919,,minecraft:stained_hardened_clay
540,2026-08-04T18:32:17.125Z,2.4490051,0.06519719,1.9780865,0.08678018,0,0,0,0,0.0020599577,0.0015428985,0.0041872454,0.0041563306,,minecraft:stained_hardened_clay
541,2026-08-04T18:32:17.176Z,11.868576,0.0630757,6.5936317,0.10470799,0,0,0,0,0.0021593827,0.00152961,0.004117972,0.00420407,,minecraft:stained_hardened_clay
542,2026-08-04T18:32:17.225Z,15.9189,0.063197546,6.3110504,0.11673575,0,0,0,0,0.0023201583,0.001511212,0.0040406673,0.004260257,,minecraft:stained_hardened_clay
543,2026-08-04T18:32:17.274Z,0.0,0.068514206,0.0,0.09889559,0,0,0,0,0.002371199,0.0014982368,0.004033154,0.004241253,,minecraft:stained_hardened_clay
544,2026-08-04T18:32:17.326Z,0.0,0.07258975,0.0,0.080927856,0,0,0,0,0.0023723058,0.0014950252,0.0040554143,0.0042182794,,minecraft:stained_hardened_clay
545,2026-08-04T18:32:17.376Z,0.0,0.07525077,0.0,0.068223454,0,0,0,0,0.0023589523,0.0014970794,0.0040827654,0.0042054914,,minecraft:stained_hardened_clay
546,2026-08-04T18:32:17.425Z,0.0,0.077016704,0.0,0.05925595,0,0,0,0,0.002341011,0.001501133,0.0041087824,0.004198291,,minecraft:stained_hardened_clay
547,2026-08-04T18:32:17.474Z,0.0,0.07821377,0.0,0.052863427,0,0,0,0,0.0023235814,0.0015058058,0.0041318405,0.004194869,,minecraft:stained_hardened_clay
548,2026-08-04T18:32:17.525Z,-2.731659,0.07927882,-0.47097397,0.046977513,0,0,0,0,0.0022919844,0.0015101733,0.004154363,0.004186285,,minecraft:stained_hardened_clay
549,2026-08-04T18:32:17.576Z,0.0,0.07964227,0.0,0.04444731,0,0,0,0,0.0022715027,0.0015150575,0.00417192,0.004185981,,minecraft:stained_hardened_clay
550,2026-08-04T18:32:17.625Z,-1.0361938,0.07955258,0.7535629,0.045853145,0,0,0,0,0.0022661078,0.0015178577,0.0041761003,0.004194676,,minecraft:stained_hardened_clay
551,2026-08-04T18:32:17.673Z,-0.2826233,0.07993718,0.18839264,0.04493227,0,0,0,0,0.0022603106,0.0015195416,0.004181555,0.004197366,,minecraft:stained_hardened_clay
552,2026-08-04T18:32:17.727Z,0.0,0.0804616,0.0,0.042970948,0,0,0,0,0.0022535995,0.0015215252,0.004189652,0.004197721,,minecraft:stained_hardened_clay
553,2026-08-04T18:32:17.775Z,0.0,0.080895014,0.0,0.041271172,0,0,0,0,0.0022476215,0.0015235526,0.004197527,0.0041983346,,minecraft:stained_hardened_clay
554,2026-08-04T18:32:17.824Z,0.0,0.08123883,0.0,0.039906032,0,0,0,0,0.0022417563,0.001525697,0.0042051123,0.0041993577,,minecraft:stained_hardened_clay
555,2026-08-04T18:32:17.873Z,0.0,0.08150821,0.0,0.03881385,0,0,0,0,0.0022369227,0.0015277388,0.00421203,0.0042007393,,minecraft:stained_hardened_clay
556,2026-08-04T18:32:17.924Z,0.0,0.08170081,0.09419632,0.038317434,0,0,0,0,0.0022339798,0.0015294746,0.0042169974,0.004203154,,minecraft:stained_hardened_clay
557,2026-08-04T18:32:17.975Z,1.6954956,0.078630365,6.4052467,0.06348968,0,0,0,0,0.0023435615,0.0015222287,0.004146661,0.004281033,,minecraft:stained_hardened_clay
558,2026-08-04T18:32:18.024Z,5.8400574,0.080771066,0.94194794,0.06130632,0,0,0,0,0.0024180124,0.0015129391,0.0041205524,0.0042968453,,minecraft:stained_hardened_clay
559,2026-08-04T18:32:18.074Z,1.0361328,0.08395504,-0.09419632,0.04926706,0,0,0,0,0.0024443623,0.001509987,0.004130562,0.0042890324,,minecraft:stained_hardened_clay
560,2026-08-04T18:32:18.124Z,0.0,0.08617077,0.0,0.039453752,0,0,0,0,0.0024502408,0.0015111198,0.0041491017,0.0042835097,,minecraft:stained_hardened_clay
561,2026-08-04T18:32:18.175Z,0.0,0.0876058,0.0,0.03211134,0,0,0,0,0.002448019,0.001513888,0.004166741,0.0042790254,,minecraft:stained_hardened_clay
562,2026-08-04T18:32:18.226Z,0.0,0.08855436,0.0,0.027005695,0,0,0,0,0.0024431576,0.0015167963,0.004181517,0.0042762225,,minecraft:stained_hardened_clay
563,2026-08-04T18:32:18.276Z,0.0,0.089247964,0.0,0.02337525,0,0,0,0,0.0024374546,0.0015199431,0.004194724,0.00427594,,minecraft:stained_hardened_clay
564,2026-08-04T18:32:18.325Z,0.0,0.08976429,0.0,0.020685524,0,0,0,0,0.002431543,0.0015227123,0.004205855,0.004276198,,minecraft:stained_hardened_clay
565,2026-08-04T18:32:18.377Z,0.0,0.09016044,0.0,0.018533923,0,0,0,0,0.0024258948,0.0015253512,0.00421597,0.004276878,,minecraft:stained_hardened_clay
566,2026-08-04T18:32:18.426Z,0.0,0.09048236,0.0,0.016834848,0,0,0,0,0.0024212732,0.0015277694,0.0042247376,0.004278119,,minecraft:stained_hardened_clay
567,2026-08-04T18:32:18.477Z,0.0,0.090742536,0.0,0.01546552,0,0,0,0,0.0024163784,0.0015299416,0.0042324616,0.0042792587,,minecraft:stained_hardened_clay
568,2026-08-04T18:32:18.524Z,0.0,0.09095635,0.0,0.014353223,0,0,0,0,0.0024128568,0.0015320721,0.0042395815,0.0042811125,,minecraft:stained_hardened_clay
569,2026-08-04T18:32:18.576Z,0.0,0.09115375,0.0,0.013237633,0,0,0,0,0.002409455,0.0015338552,0.00424601,0.0042821877,,minecraft:stained_hardened_clay
570,2026-08-04T18:32:18.626Z,0.0,0.09132796,0.0,0.012229331,0,0,0,0,0.0024065422,0.0015354523,0.004251711,0.0042831595,,minecraft:stained_hardened_clay
571,2026-08-04T18:32:18.673Z,0.0,0.09147916,0.0,0.011483349,0,0,0,0,0.0024041748,0.0015370359,0.004256975,0.0042846077,,minecraft:stained_hardened_clay
572,2026-08-04T18:32:18.723Z,0.0,0.09162485,0.0,0.010754131,0,0,0,0,0.002401834,0.0015385791,0.0042620455,0.004286048,,minecraft:stained_hardened_clay
573,2026-08-04T18:32:18.775Z,0.0,0.09170758,0.0,0.010280646,0,0,0,0,0.00239993,0.0015396476,0.004265641,0.004286891,,minecraft:stained_hardened_clay
574,2026-08-04T18:32:18.825Z,0.0,0.09178283,0.0,0.009848446,0,0,0,0,0.002398413,0.0015404461,0.0042683133,0.004287497,,minecraft:stained_hardened_clay
575,2026-08-04T18:32:18.875Z,0.0,0.09186908,0.0,0.009340636,0,0,0,0,0.002396855,0.0015413162,0.0042713056,0.0042878967,,minecraft:stained_hardened_clay
576,2026-08-04T18:32:18.925Z,0.0,0.091943406,0.0,0.0089824125,0,0,0,0,0.0023956536,0.0015420193,0.0042736633,0.004288446,,minecraft:stained_hardened_clay
577,2026-08-04T18:32:18.975Z,0.0,0.092003666,0.0,0.00861726,0,0,0,0,0.0023944813,0.0015425854,0.0042757103,0.0042886985,,minecraft:stained_hardened_clay
578,2026-08-04T18:32:19.026Z,0.0,0.09206212,0.0,0.008341998,0,0,0,0,0.0023936033,0.0015431532,0.0042776316,0.0042891996,,minecraft:stained_hardened_clay
579,2026-08-04T18:32:19.073Z,0.0,0.092118524,0.0,0.008064151,0,0,0,0,0.002392918,0.0015436346,0.00427933,0.0042895805,,minecraft:stained_hardened_clay
580,2026-08-04T18:32:19.126Z,0.0,0.0921671,0.0,0.007839955,0,0,0,0,0.0023919928,0.0015439859,0.004280683,0.00428976,,minecraft:stained_hardened_clay
581,2026-08-04T18:32:19.176Z,0.0,0.092222475,0.0,0.007610537,0,0,0,0,0.002391557,0.0015442896,0.004281838,0.004289941,,minecraft:stained_hardened_clay
582,2026-08-04T18:32:19.225Z,0.0,0.092268236,0.0,0.0073761046,0,0,0,0,0.0023910066,0.0015446483,0.0042832387,0.0042901672,,minecraft:stained_hardened_clay
583,2026-08-04T18:32:19.277Z,0.0,0.09231313,0.0,0.0072171167,0,0,0,0,0.0023906503,0.0015449,0.0042841807,0.0042903665,,minecraft:stained_hardened_clay
584,2026-08-04T18:32:19.324Z,0.0,0.09233787,0.0,0.0071324706,0,0,0,0,0.002390489,0.001545131,0.0042849593,0.0042907577,,minecraft:stained_hardened_clay
585,2026-08-04T18:32:19.376Z,0.0,0.09237098,0.0,0.006961249,0,0,0,0,0.0023900557,0.0015453716,0.004285908,0.0042908965,,minecraft:stained_hardened_clay
586,2026-08-04T18:32:19.423Z,0.0,0.09240609,0.0,0.0067645535,0,0,0,0,0.002389626,0.001545593,0.0042868867,0.004290935,,minecraft:stained_hardened_clay
587,2026-08-04T18:32:19.476Z,0.0,0.09245422,0.0,0.006629072,0,0,0,0,0.0023896021,0.0015456945,0.0042873914,0.0042909877,,minecraft:stained_hardened_clay
588,2026-08-04T18:32:19.525Z,0.0,0.092483856,0.0,0.0064076707,0,0,0,0,0.0023895863,0.0015460412,0.0042885686,0.0042912653,,minecraft:stained_hardened_clay
589,2026-08-04T18:32:19.574Z,0.0,0.09247442,0.0,0.006477043,0,0,0,0,0.0023897248,0.0015460352,0.0042884503,0.004291363,,minecraft:stained_hardened_clay
590,2026-08-04T18:32:19.624Z,0.0,0.09247451,0.0,0.006481521,0,0,0,0,0.0023897975,0.0015460403,0.004288448,0.0042914078,,minecraft:stained_hardened_clay
591,2026-08-04T18:32:19.676Z,0.0,0.09247451,0.0,0.006481521,0,0,0,0,0.0023897975,0.0015460403,0.004288448,0.0042914078,,minecraft:stained_hardened_clay
592,2026-08-04T18:32:19.724Z,0.0,0.09247451,0.0,0.006481521,0,0,0,0,0.0023897975,0.0015460403,0.004288448,0.0042914078,,minecraft:stained_hardened_clay
593,2026-08-04T18:32:19.774Z,0.0,0.09247451,0.0,0.006481521,0,0,0,0,0.0023897975,0.0015460403,0.004288448,0.0042914078,,minecraft:stained_hardened_clay
594,2026-08-04T18:32:19.823Z,0.0,0.09247451,0.0,0.006481521,0,0,0,0,0.0023897975,0.0015460403,0.004288448,0.0042914078,,minecraft:stained_hardened_clay
595,2026-08-04T18:32:19.873Z,0.0,0.09247451,0.0,0.006481521,0,0,0,0,0.0023897975,0.0015460403,0.004288448,0.0042914078,,minecraft:stained_hardened_clay
596,2026-08-04T18:32:19.926Z,0.0,0.09247451,0.0,0.006481521,0,0,0,0,0.0023897975,0.0015460403,0.004288448,0.0042914078,,minecraft:stained_hardened_clay
597,2026-08-04T18:32:19.974Z,0.0,0.09247451,0.0,0.006481521,0,0,0,0,0.0023897975,0.0015460403,0.004288448,0.0042914078,,minecraft:stained_hardened_clay
598,2026-08-04T18:32:20.024Z,0.0,0.09247451,0.0,0.006481521,0,0,0,0,0.0023897975,0.0015460403,0.004288448,0.0042914078,,minecraft:stained_hardened_clay
599,2026-08-04T18:32:20.074Z,0.0,0.09247451,0.0,0.006481521,0,0,0,0,0.0023897975,0.0015460403,0.004288448,0.0042914078,,minecraft:stained_hardened_clay
600,2026-08-04T18:32:20.127Z,0.0,0.09247451,0.0,0.006481521,0,0,0,0,0.0023897975,0.0015460403,0.004288448,0.0042914078,,minecraft:stained_hardened_clay
601,2026-08-04T18:32:20.176Z,0.0,0.09247451,0.0,0.006481521,0,0,0,0,0.0023897975,0.0015460403,0.004288448,0.0042914078,,minecraft:stained_hardened_clay
602,2026-08-04T18:32:20.225Z,0.0,0.09247451,0.0,0.006481521,0,0,0,0,0.0023897975,0.0015460403,0.004288448,0.0042914078,,minecraft:stained_hardened_clay
603,2026-08-04T18:32:20.275Z,0.0,0.09247451,0.0,0.006481521,0,0,0,0,0.0023897975,0.0015460403,0.004288448,0.0042914078,,minecraft:stained_hardened_clay
604,2026-08-04T18:32:20.325Z,0.0,0.09247451,0.0,0.006481521,0,0,0,0,0.0023897975,0.0015460403,0.004288448,0.0042914078,,minecraft:stained_hardened_clay
605,2026-08-04T18:32:20.375Z,0.0,0.09247451,0.0,0.006481521,0,0,0,0,0.0023897975,0.0015460403,0.004288448,0.0042914078,,minecraft:stained_hardened_clay
606,2026-08-04T18:32:20.425Z,0.0,0.09247451,0.0,0.006481521,0,0,0,0,0.0023897975,0.0015460403,0.004288448,0.0042914078,,minecraft:stained_hardened_clay
607,2026-08-04T18:32:20.474Z,0.0,0.09247451,0.0,0.006481521,0,0,0,0,0.0023897975,0.0015460403,0.004288448,0.0042914078,,minecraft:stained_hardened_clay
608,2026-08-04T18:32:20.525Z,0.0,0.09247451,0.0,0.006481521,0,0,0,0,0.0023897975,0.0015460403,0.004288448,0.0042914078,,minecraft:stained_hardened_clay
609,2026-08-04T18:32:20.575Z,0.0,0.09247451,0.0,0.006481521,0,0,0,0,0.0023897975,0.0015460403,0.004288448,0.0042914078,,minecraft:stained_hardened_clay
610,2026-08-04T18:32:20.624Z,0.0,0.09247451,0.0,0.006481521,0,0,0,0,0.0023897975,0.0015460403,0.004288448,0.0042914078,,minecraft:stained_hardened_clay
611,2026-08-04T18:32:20.674Z,0.0,0.09247451,0.0,0.006481521,0,0,0,0,0.0023897975,0.0015460403,0.004288448,0.0042914078,,minecraft:stained_hardened_clay
612,2026-08-04T18:32:20.725Z,0.0,0.09247451,0.0,0.006481521,0,0,0,0,0.0023897975,0.0015460403,0.004288448,0.0042914078,,minecraft:stained_hardened_clay
613,2026-08-04T18:32:20.774Z,0.0,0.09247451,0.0,0.006481521,0,0,0,0,0.0023897975,0.0015460403,0.004288448,0.0042914078,,minecraft:stained_hardened_clay
614,2026-08-04T18:32:20.825Z,0.0,0.09247451,0.0,0.006481521,0,0,0,0,0.0023897975,0.0015460403,0.004288448,0.0042914078,,minecraft:stained_hardened_clay
615,2026-08-04T18:32:20.874Z,0.0,0.09247451,0.0,0.006481521,0,0,0,0,0.0023897975,0.0015460403,0.004288448,0.0042914078,,minecraft:stained_hardened_clay
616,2026-08-04T18:32:20.924Z,0.0,0.09247451,0.0,0.006481521,0,0,0,0,0.0023897975,0.0015460403,0.004288448,0.0042914078,,minecraft:stained_hardened_clay
617,2026-08-04T18:32:20.974Z,0.0,0.09247451,0.0,0.006481521,0,0,0,0,0.0023897975,0.0015460403,0.004288448,0.0042914078,,minecraft:stained_hardened_clay
618,2026-08-04T18:32:21.023Z,0.0,0.09247451,0.0,0.006481521,0,0,0,0,0.0023897975,0.0015460403,0.004288448,0.0042914078,,minecraft:stained_hardened_clay
619,2026-08-04T18:32:21.074Z,0.0,0.09247451,0.0,0.006481521,0,0,0,0,0.0023897975,0.0015460403,0.004288448,0.0042914078,,minecraft:stained_hardened_clay
620,2026-08-04T18:32:21.124Z,0.0,0.09247451,0.0,0.006481521,0,0,0,0,0.0023897975,0.0015460403,0.004288448,0.0042914078,,minecraft:stained_hardened_clay
621,2026-08-04T18:32:21.175Z,0.0,0.09247451,0.0,0.006481521,0,0,0,0,0.0023897975,0.0015460403,0.004288448,0.0042914078,,minecraft:stained_hardened_clay
622,2026-08-04T18:32:21.225Z,0.0,0.09247451,0.0,0.006481521,0,0,0,0,0.0023897975,0.0015460403,0.004288448,0.0042914078,,minecraft:stained_hardened_clay
623,2026-08-04T18:32:21.275Z,0.0,0.09247451,0.0,0.006481521,0,0,0,0,0.0023897975,0.0015460403,0.004288448,0.0042914078,,minecraft:stained_hardened_clay
624,2026-08-04T18:32:21.324Z,0.0,0.09247451,0.0,0.006481521,0,0,0,0,0.0023897975,0.0015460403,0.004288448,0.0042914078,,minecraft:stained_hardened_clay
625,2026-08-04T18:32:21.373Z,0.0,0.09247451,0.0,0.006481521,0,0,0,0,0.0023897975,0.0015460403,0.004288448,0.0042914078,,minecraft:stained_hardened_clay
626,2026-08-04T18:32:21.425Z,0.0,0.09247451,0.0,0.006481521,0,0,0,0,0.0023897975,0.0015460403,0.004288448,0.0042914078,,minecraft:stained_hardened_clay
627,2026-08-04T18:32:21.474Z,0.0,0.09247451,0.0,0.006481521,0,0,0,0,0.0023897975,0.0015460403,0.004288448,0.0042914078,,minecraft:stained_hardened_clay
628,2026-08-04T18:32:21.525Z,0.0,0.09247451,0.0,0.006481521,0,0,0,0,0.0023897975,0.0015460403,0.004288448,0.0042914078,,minecraft:stained_hardened_clay
629,2026-08-04T18:32:21.574Z,0.0,0.09247451,0.0,0.006481521,0,0,0,0,0.0023897975,0.0015460403,0.004288448,0.0042914078,,minecraft:stained_hardened_clay
630,2026-08-04T18:32:21.625Z,0.0,0.09247451,0.0,0.006481521,0,0,0,0,0.0023897975,0.0015460403,0.004288448,0.0042914078,,minecraft:stained_hardened_clay
631,2026-08-04T18:32:21.673Z,0.0,0.09247451,0.0,0.006481521,0,0,0,0,0.0023897975,0.0015460403,0.004288448,0.0042914078,,minecraft:stained_hardened_clay
632,2026-08-04T18:32:21.724Z,0.0,0.09247451,0.0,0.006481521,0,0,0,0,0.0023897975,0.0015460403,0.004288448,0.0042914078,,minecraft:stained_hardened_clay
633,2026-08-04T18:32:21.774Z,0.0,0.09247451,0.0,0.006481521,0,0,0,0,0.0023897975,0.0015460403,0.004288448,0.0042914078,,minecraft:stained_hardened_clay
634,2026-08-04T18:32:21.824Z,0.0,0.09247451,0.0,0.006481521,0,0,0,0,0.0023897975,0.0015460403,0.004288448,0.0042914078,,minecraft:stained_hardened_clay
635,2026-08-04T18:32:21.874Z,0.0,0.09247451,0.0,0.006481521,0,0,0,0,0.0023897975,0.0015460403,0.004288448,0.0042914078,,minecraft:stained_hardened_clay
636,2026-08-04T18:32:21.924Z,0.0,0.09247451,0.0,0.006481521,0,0,0,0,0.0023897975,0.0015460403,0.004288448,0.0042914078,,minecraft:stained_hardened_clay
637,2026-08-04T18:32:21.974Z,0.0,0.09247451,0.0,0.006481521,0,0,0,0,0.0023897975,0.0015460403,0.004288448,0.0042914078,,minecraft:stained_hardened_clay
638,2026-08-04T18:32:22.024Z,0.0,0.09247451,0.0,0.006481521,0,0,0,0,0.0023897975,0.0015460403,0.004288448,0.0042914078,,minecraft:stained_hardened_clay
639,2026-08-04T18:32:22.074Z,0.0,0.09247451,0.0,0.006481521,0,0,0,0,0.0023897975,0.0015460403,0.004288448,0.0042914078,,minecraft:stained_hardened_clay
640,2026-08-04T18:32:22.124Z,0.0,0.09247451,0.0,0.006481521,0,0,0,0,0.0023897975,0.0015460403,0.004288448,0.0042914078,,minecraft:stained_hardened_clay
641,2026-08-04T18:32:22.175Z,0.0,0.09247451,0.0,0.006481521,0,0,0,0,0.0023897975,0.0015460403,0.004288448,0.0042914078,,minecraft:stained_hardened_clay
642,2026-08-04T18:32:22.225Z,0.0,0.09247451,0.0,0.006481521,0,0,0,0,0.0023897975,0.0015460403,0.004288448,0.0042914078,,minecraft:stained_hardened_clay
643,2026-08-04T18:32:22.274Z,0.0,0.09247451,0.0,0.006481521,0,0,0,0,0.0023897975,0.0015460403,0.004288448,0.0042914078,,minecraft:stained_hardened_clay
644,2026-08-04T18:32:22.323Z,0.0,0.09247451,0.0,0.006481521,0,0,0,0,0.0023897975,0.0015460403,0.004288448,0.0042914078,,minecraft:stained_hardened_clay
645,2026-08-04T18:32:22.377Z,174.62488,0.110656686,-41.445698,-0.32153812,0,0,0,0,0.0027587267,0.001676181,0.005261818,0.004029545,,minecraft:stained_hardened_clay
646,2026-08-04T18:32:22.428Z,0.0,0.1486105,0.0,-0.05070542,0,0,0,0,0.0022321108,0.0023711708,0.0065978803,0.0061294353,,minecraft:stained_hardened_clay
647,2026-08-04T18:32:22.476Z,0.0,0.1411114,0.0,0.06860954,0,0,0,0,0.002873819,0.0031794356,0.007841382,0.009139022,,minecraft:stained_hardened_clay
648,2026-08-04T18:32:22.527Z,0.0,0.13593906,0.0,0.0866644,0,0,0,0,0.0038192046,0.0039555104,0.009058457,0.012144504,,minecraft:stained_hardened_clay
649,2026-08-04T18:32:22.577Z,0.0,0.13054594,0.0,0.06794382,0,0,0,0,0.0040055686,0.0045904284,0.010311979,0.014255335,,minecraft:stained_hardened_clay
650,2026-08-04T18:32:22.627Z,0.0,0.12500355,0.0,0.056790866,0,0,0,0,0.0040563312,0.0052041616,0.011500432,0.01593445,,minecraft:stained_hardened_clay
651,2026-08-04T18:32:22.676Z,0.0,0.118682005,0.0,0.07507392,0,0,0,0,0.0041712685,0.005794766,0.012443628,0.017625859,,minecraft:stained_hardened_clay
652,2026-08-04T18:32:22.729Z,0.0,0.113123186,0.0,0.10573321,0,0,0,0,0.0043410542,0.0063109966,0.013123588,0.019242551,,minecraft:stained_hardened_clay
653,2026-08-04T18:32:22.776Z,0.0,0.10930879,0.0,0.13530746,0,0,0,0,0.0045299586,0.0067356774,0.013609468,0.020678282,,minecraft:stained_hardened_clay
654,2026-08-04T18:32:22.824Z,0.0,0.10704752,0.0,0.16020876,0,0,0,0,0.0047129802,0.0070771524,0.013967724,0.021925282,,minecraft:stained_hardened_clay
655,2026-08-04T18:32:22.877Z,-1.5071182,0.105822794,1.9780909,0.18513119,0,0,0,0,0.0049400735,0.0073612076,0.014210097,0.023132421,,minecraft:stained_hardened_clay
656,2026-08-04T18:32:22.925Z,-0.37677765,0.106267415,0.3767792,0.19794658,0,0,0,0,0.0051359013,0.007587564,0.014441552,0.024096973,,minecraft:stained_hardened_clay
657,2026-08-04T18:32:22.975Z,0.0,0.077068485,0.0,0.16051784,0,0,0,0,0.0047291927,0.0071148677,0.014021652,0.022324223,,minecraft:stained_hardened_clay
658,2026-08-04T18:32:23.024Z,0.0,0.04304848,0.0,0.29475832,0,0,0,0,0.0053956034,0.0068684304,0.012784307,0.0235811,,minecraft:stained_hardened_clay
659,2026-08-04T18:32:23.077Z,0.0,0.015675478,0.0,0.4426222,0,0,0,0,0.006220364,0.006438557,0.011269968,0.024814056,,minecraft:stained_hardened_clay
660,2026-08-04T18:32:23.126Z,0.0,-0.0027919486,0.0,0.56333625,0,0,0,0,0.0070523825,0.0058701336,0.009994095,0.024885472,,minecraft:stained_hardened_clay
661,2026-08-04T18:32:23.175Z,10.07885,-0.013218302,-1.883896,0.6366461,0,0,0,0,0.007433047,0.005422567,0.009151756,0.024453335,,minecraft:stained_hardened_clay
662,2026-08-04T18:32:23.228Z,0.37677765,-0.035629764,14.600193,0.9131462,0,0,0,0,0.009254232,0.0047718063,0.0074745226,0.026100503,,minecraft:stained_hardened_clay
663,2026-08-04T18:32:23.275Z,-0.28258514,-0.033085313,7.3471947,1.0250483,0,0,0,0,0.010051795,0.0041747023,0.0065385057,0.025846185,,minecraft:stained_hardened_clay
664,2026-08-04T18:32:23.323Z,0.0,-0.02982413,0.0,0.84458655,0,0,0,0,0.007835586,0.0039680274,0.006568579,0.022688042,,minecraft:stained_hardened_clay
665,2026-08-04T18:32:23.374Z,0.0,-0.030023292,0.0,0.750968,0,0,0,0,0.0068483073,0.0040377243,0.006878665,0.021988427,,minecraft:stained_hardened_clay
666,2026-08-04T18:32:23.425Z,0.0,-0.03473841,0.0,0.722091,0,0,0,0,0.006403703,0.0041629537,0.007137742,0.021953773,,minecraft:stained_hardened_clay
667,2026-08-04T18:32:23.477Z,0.0,-0.039719835,0.0,0.71893615,0,0,0,0,0.006074398,0.0042608213,0.0072839484,0.021991922,,minecraft:stained_hardened_clay
668,2026-08-04T18:32:23.524Z,-0.5651703,-0.0441709,0.94194794,0.92378587,0,0,0,0,0.0061060702,0.004233002,0.0068613244,0.024838474,,minecraft:stained_hardened_clay
669,2026-08-04T18:32:23.574Z,-5.36911,-0.040956184,16.766674,1.0298579,0,0,0,0,0.006622651,0.004035541,0.006465153,0.025737217,,minecraft:stained_hardened_clay
670,2026-08-04T18:32:23.623Z,-1.6013107,-0.03126854,3.8619995,1.0312593,0,0,0,0,0.0070144488,0.0039785667,0.0064633763,0.02619481,,minecraft:stained_hardened_clay
671,2026-08-04T18:32:23.675Z,0.0,-0.023784362,6.4052467,1.0029052,0,0,0,0,0.0074125365,0.0040061413,0.0066258702,0.026826886,,minecraft:stained_hardened_clay
672,2026-08-04T18:32:23.724Z,-3.9561768,-0.019571487,6.1226654,0.96201664,0,0,0,0,0.0078062103,0.0040786765,0.0068681287,0.027491184,,minecraft:stained_hardened_clay
673,2026-08-04T18:32:23.774Z,-1.4129181,-0.016336434,1.4129295,0.91662055,0,0,0,0,0.008145227,0.004179461,0.0071624224,0.0282059,,minecraft:stained_hardened_clay
674,2026-08-04T18:32:23.823Z,1.0361328,-0.012296777,0.37678146,0.86664385,0,0,0,0,0.008504653,0.00428022,0.0074831485,0.028863281,,minecraft:stained_hardened_clay
675,2026-08-04T18:32:23.874Z,0.37677765,0.0043497756,3.2026253,0.7497778,0,0,0,0,0.009010749,0.004656778,0.008441798,0.032043938,,minecraft:stained_hardened_clay
676,2026-08-04T18:32:23.924Z,0.0,0.026473247,0.0,0.581727,0,0,0,0,0.010421141,0.0055450583,0.010370079,0.03798942,,minecraft:stained_hardened_clay
677,2026-08-04T18:32:23.974Z,0.0,0.04764588,0.0,0.47883418,0,0,0,0,0.011645752,0.0062405826,0.011723389,0.04287764,,minecraft:stained_hardened_clay
678,2026-08-04T18:32:24.024Z,0.0,0.052842207,0.0,0.41662106,0,0,0,0,0.011794437,0.0065589277,0.012472244,0.04437006,,minecraft:stained_hardened_clay
679,2026-08-04T18:32:24.074Z,0.0,0.05551461,0.0,0.3681329,0,0,0,0,0.011931426,0.0067515923,0.013032413,0.045329474,,minecraft:stained_hardened_clay
680,2026-08-04T18:32:24.123Z,0.0,0.05609455,0.0,0.33108863,0,0,0,0,0.012111899,0.0068605347,0.013408836,0.04583414,,minecraft:stained_hardened_clay
681,2026-08-04T18:32:24.173Z,0.0,0.05703058,0.0,0.2985709,0,0,0,0,0.012373571,0.006922108,0.013690257,0.046046596,,minecraft:stained_hardened_clay
682,2026-08-04T18:32:24.223Z,0.0,0.05779495,0.0,0.26984304,0,0,0,0,0.012678175,0.006944404,0.013894843,0.046163894,,minecraft:stained_hardened_clay
683,2026-08-04T18:32:24.273Z,0.0,0.05853098,0.0,0.24317592,0,0,0,0,0.0130660795,0.0069369334,0.0140444925,0.046252716,,minecraft:stained_hardened_clay
684,2026-08-04T18:32:24.324Z,0.0,0.059249066,0.0,0.2163026,0,0,0,0,0.013543485,0.0069028833,0.014154989,0.046299025,,minecraft:stained_hardened_clay
685,2026-08-04T18:32:24.373Z,0.0,0.059965424,0.0,0.18859088,0,0,0,0,0.014077181,0.006850113,0.014235119,0.04627578,,minecraft:stained_hardened_clay
686,2026-08-04T18:32:24.424Z,0.0,0.060670845,0.0,0.15957889,0,0,0,0,0.0145647535,0.0067674876,0.01428292,0.04611779,,minecraft:stained_hardened_clay
687,2026-08-04T18:32:24.473Z,0.0,0.06062325,0.0,0.14076424,0,0,0,0,0.014835105,0.006577602,0.014111609,0.045478184,,minecraft:stained_hardened_clay
688,2026-08-04T18:32:24.524Z,0.0,0.053454258,0.0,0.18932551,0,0,0,0,0.01473527,0.006025152,0.013036733,0.042917654,,minecraft:stained_hardened_clay
689,2026-08-04T18:32:24.574Z,0.0,0.05475425,0.0,0.1806637,0,0,0,0,0.014809473,0.005981889,0.013000737,0.04272366,,minecraft:stained_hardened_clay
690,2026-08-04T18:32:24.624Z,0.47097778,0.056532286,-1.3187294,0.16698611,0,0,0,0,0.014758085,0.005943996,0.013000039,0.042424213,,minecraft:stained_hardened_clay
691,2026-08-04T18:32:24.674Z,3.7677994,0.05908761,-3.9561882,0.14384001,0,0,0,0,0.014401715,0.00592782,0.013087304,0.0419141,,minecraft:stained_hardened_clay
692,2026-08-04T18:32:24.723Z,0.28258514,0.06055691,-0.47097778,0.13382229,0,0,0,0,0.0141987195,0.0059283962,0.013134609,0.041619632,,minecraft:stained_hardened_clay
693,2026-08-04T18:32:24.774Z,0.0,0.06234979,0.0,0.12851313,0,0,0,0,0.014153239,0.0058982973,0.013103531,0.041293446,,minecraft:stained_hardened_clay
694,2026-08-04T18:32:24.825Z,0.0,0.0633251,0.0,0.13704774,0,0,0,0,0.014792362,0.0057571805,0.012794241,0.041083984,,minecraft:stained_hardened_clay
695,2026-08-04T18:32:24.874Z,0.0,0.06592312,0.0,0.13881978,0,0,0,0,0.015858835,0.005520006,0.012365649,0.04062065,,minecraft:stained_hardened_clay
696,2026-08-04T18:32:24.924Z,0.0,0.06738717,0.0,0.13340726,0,0,0,0,0.01618612,0.005445051,0.012250965,0.04034818,,minecraft:stained_hardened_clay
697,2026-08-04T18:32:24.974Z,0.0,0.017917298,0.0,0.43225214,0,0,0,0,0.045037422,0.0053969235,0.010663075,0.050565183,,minecraft:stained_hardened_clay
698,2026-08-04T18:32:25.023Z,0.0,0.004288666,0.0,0.33565828,0,0,0,0,0.087788016,0.0048724893,0.010007333,0.055138297,,minecraft:stained_hardened_clay
699,2026-08-04T18:32:25.074Z,0.0,-0.021006651,0.0,0.1707038,0,0,0,0,0.12667274,0.0042948136,0.009440382,0.057251852,,minecraft:stained_hardened_clay
700,2026-08-04T18:32:25.124Z,0.0,-0.020785011,0.0,0.3965548,1,0,0,0,0.34982768,0.0047948235,0.009032166,0.086902805,,minecraft:stained_hardened_clay
701,2026-08-04T18:32:25.173Z,-0.65935516,-0.009963088,0.84775925,0.34407306,1,0,0,0,0.54375035,0.0046650167,0.008853571,0.10510624,,minecraft:stained_hardened_clay
702,2026-08-04T18:32:25.224Z,-0.47097015,-0.029443704,0.47097778,0.19823363,1,0,0,0,0.70899504,0.0034658154,0.0069132866,0.08862367,,minecraft:stained_hardened_clay
703,2026-08-04T18:32:25.273Z,-1.9780884,-0.050510146,2.4490738,0.16012523,1,0,0,0,0.79284114,0.0024099147,0.005207799,0.072404146,,minecraft:stained_hardened_clay
704,2026-08-04T18:32:25.325Z,-0.47097015,-0.08230029,1.7897148,0.19061449,1,0,0,0,0.9373998,0.0010809802,0.0026397163,0.054654956,,minecraft:stained_hardened_clay
705,2026-08-04T18:32:25.374Z,0.0,-0.04982669,0.09419632,-0.008244224,1,0,0,0,0.9230888,0.00058501336,0.0018216722,0.034823872,,minecraft:stained_hardened_clay
706,2026-08-04T18:32:25.424Z,0.0,-0.025910988,0.0,0.057928152,1,0,0,0,0.89431083,0.0004320234,0.0015009308,0.025418159,,minecraft:stained_hardened_clay
707,2026-08-04T18:32:25.473Z,0.0,-0.016661298,0.0,0.25382677,1,0,0,0,0.8783478,0.00037376588,0.0013248527,0.021717133,,minecraft:stained_hardened_clay
708,2026-08-04T18:32:25.523Z,0.0,-0.010375485,0.0,0.4140813,1,0,0,0,0.88231015,0.0003450737,0.0012179015,0.020673813,,minecraft:stained_hardened_clay
709,2026-08-04T18:32:25.575Z,0.0,-0.0032449588,0.0,0.5032928,1,0,0,0,0.89600724,0.00032623947,0.001152076,0.020776758,,minecraft:stained_hardened_clay
710,2026-08-04T18:32:25.624Z,0.0,0.00044819713,0.0,0.5380093,1,0,0,0,0.9100328,0.0003118395,0.0011060286,0.021359056,,minecraft:stained_hardened_clay
711,2026-08-04T18:32:25.674Z,0.0,0.0024009421,0.0,0.5406824,1,0,0,0,0.9215837,0.00030011006,0.0010737088,0.022036364,,minecraft:stained_hardened_clay
712,2026-08-04T18:32:25.724Z,0.37677002,0.0029818416,0.09419632,0.5316041,1,0,0,0,0.9304437,0.00029099,0.001049989,0.022688411,,minecraft:stained_hardened_clay
713,2026-08-04T18:32:25.773Z,0.0,0.0028369352,0.0,0.5123406,1,0,0,0,0.9366892,0.000283602,0.0010331701,0.023205975,,minecraft:stained_hardened_clay
714,2026-08-04T18:32:25.825Z,2.3548508,0.001401484,0.84775925,0.5304359,1,0,0,0,0.9428312,0.00027975236,0.0010174196,0.023986924,,minecraft:stained_hardened_clay
715,2026-08-04T18:32:25.873Z,0.094192505,0.000658758,0.0,0.518593,1,0,0,0,0.9466035,0.00027540908,0.0010077395,0.024484204,,minecraft:stained_hardened_clay
716,2026-08-04T18:32:25.924Z,0.0,-0.036850873,0.0,1.0537229,1,0,0,0,0.9754566,0.00030018046,0.0009039186,0.035404287,,minecraft:stained_hardened_clay
717,2026-08-04T18:32:25.973Z,0.5651703,0.022632211,2.4490623,0.4286417,1,0,0,0,0.9808086,0.0003003416,0.00096850033,0.039153375,,minecraft:stained_hardened_clay
718,2026-08-04T18:32:26.023Z,0.6593628,-0.025676016,2.9200134,0.7083429,1,0,0,0,0.9942667,0.0003245491,0.0009264868,0.06612714,,minecraft:stained_hardened_clay
719,2026-08-04T18:32:26.073Z,-0.094192505,-0.06103879,3.2025986,1.2700398,1,0,0,0,0.9977761,0.0003449903,0.0008670729,0.09587453,,minecraft:stained_hardened_clay
720,2026-08-04T18:32:26.124Z,-0.28258514,-0.09391054,3.5793839,1.6190096,1,0,0,0,0.9984377,0.00033370545,0.0008388926,0.11388713,,minecraft:stained_hardened_clay
721,2026-08-04T18:32:26.174Z,0.094192505,-0.0772652,4.0503616,1.9191613,1,0,0,0,0.9987262,0.000305586,0.0007356668,0.12602954,,minecraft:stained_hardened_clay
722,2026-08-04T18:32:26.223Z,0.37677765,-0.08470778,2.3548355,2.1016078,1,0,0,0,0.9987778,0.00030301933,0.0007191528,0.13850012,,minecraft:stained_hardened_clay
723,2026-08-04T18:32:26.274Z,0.2825775,-0.09953127,0.56516266,1.8789548,1,0,0,0,0.99878794,0.00031609376,0.0007808428,0.14858852,,minecraft:stained_hardened_clay
724,2026-08-04T18:32:26.323Z,0.0,-0.10287163,0.0,1.4056643,1,0,0,0,0.99872464,0.00033982782,0.00088161544,0.15539122,,minecraft:stained_hardened_clay
725,2026-08-04T18:32:26.373Z,0.0,-0.0927905,0.0,0.9181474,1,0,0,0,0.99860495,0.00036394538,0.001008615,0.15626764,,minecraft:stained_hardened_clay
726,2026-08-04T18:32:26.424Z,-0.094192505,-0.08293449,0.094192505,0.57617915,1,0,0,0,0.998553,0.00037252222,0.0011063453,0.15753695,,minecraft:stained_hardened_clay
727,2026-08-04T18:32:26.474Z,-0.2825775,-0.06360206,0.18838501,0.23714176,1,0,0,0,0.9982199,0.00041206757,0.0012420275,0.14734074,,minecraft:stained_hardened_clay
728,2026-08-04T18:32:26.524Z,0.0,-0.058485866,0.0,0.2214132,1,0,0,0,0.9982193,0.00041462193,0.0012473114,0.14565618,,minecraft:stained_hardened_clay
729,2026-08-04T18:32:26.574Z,0.0,-0.08029439,0.0,0.7079524,1,0,0,0,0.998558,0.0003793428,0.001105188,0.15675728,,minecraft:stained_hardened_clay
730,2026-08-04T18:32:26.623Z,0.0,-0.09122353,0.0,0.4118155,1,0,0,0,0.9987387,0.00038024652,0.0012486095,0.18150693,,minecraft:stained_hardened_clay
731,2026-08-04T18:32:26.674Z,0.0,-0.09719675,0.0,-0.034996673,1,0,0,0,0.998684,0.0004284755,0.0015315376,0.19286168,,minecraft:stained_hardened_clay
732,2026-08-04T18:32:26.724Z,-0.7535553,-0.08293288,0.6593628,-0.14097723,1,0,0,0,0.9981431,0.0005209769,0.0017142417,0.18010545,,minecraft:stained_hardened_clay
733,2026-08-04T18:32:26.773Z,-1.3187256,-0.10812439,3.1084137,0.36237186,1,0,0,0,0.99837214,0.00046548474,0.0014398737,0.17330584,,minecraft:stained_hardened_clay
734,2026-08-04T18:32:26.823Z,-0.094192505,-0.101726964,1.3187103,0.40218684,1,0,0,0,0.99837273,0.00045772563,0.0014256726,0.1733839,,minecraft:stained_hardened_clay
735,2026-08-04T18:32:26.874Z,0.0,-0.09201667,0.0,-0.14978833,1,0,0,1,0.99823016,0.00057145295,0.0019708148,0.19964987,minecraft:stained_hardened_clay,minecraft:stained_hardened_clay
736,2026-08-04T18:32:26.924Z,-0.37678528,-0.019798525,-9.231094,-1.0416625,1,0,0,0,0.9979576,0.0006109978,0.0024891994,0.19760138,,minecraft:stained_hardened_clay
737,2026-08-04T18:32:26.973Z,-0.47097778,0.07173065,-13.940853,-2.184792,1,0,0,0,0.99573463,0.0006186014,0.0031296143,0.15406115,,minecraft:stained_hardened_clay
738,2026-08-04T18:32:27.024Z,-0.28258514,0.062409528,-1.9780998,-1.8133034,1,0,0,1,0.99423087,0.0006268137,0.0028742168,0.122119255,minecraft:stained_hardened_clay,minecraft:stained_hardened_clay
739,2026-08-04T18:32:27.073Z,0.0,0.017546035,0.0,-0.14977977,1,0,0,0,0.99595636,0.0006076895,0.0020506459,0.121685855,,minecraft:stained_hardened_clay
740,2026-08-04T18:32:27.124Z,0.18839264,-0.03785601,5.6516953,1.5307097,1,0,0,1,0.9976312,0.0005179975,0.0013248324,0.14588252,minecraft:stained_hardened_clay,minecraft:stained_hardened_clay
741,2026-08-04T18:32:27.174Z,0.0,-0.08755307,12.9047165,2.1262,1,0,0,0,0.9983981,0.00044817416,0.0010904372,0.17298564,,minecraft:stained_hardened_clay
742,2026-08-04T18:32:27.224Z,0.094192505,-0.10673986,1.3187332,1.3050498,1,0,0,0,0.9986168,0.00046554956,0.0012902403,0.19679295,,minecraft:stained_hardened_clay
743,2026-08-04T18:32:27.274Z,-3.4852295,-0.09925708,5.27491,0.29136774,1,0,0,1,0.99856746,0.0005200945,0.0016806816,0.20930216,minecraft:stained_hardened_clay,minecraft:stained_hardened_clay
744,2026-08-04T18:32:27.324Z,-0.6593628,-0.013998803,1.5071259,-1.4245241,1,0,0,0,0.99681807,0.0006035601,0.0025958936,0.17640026,,minecraft:stained_hardened_clay
745,2026-08-04T18:32:27.373Z,3.296852,0.0900911,-12.245338,-3.1920564,1,0,0,0,0.98090553,0.00056095904,0.0034949887,0.09449739,,minecraft:stained_hardened_clay
746,2026-08-04T18:32:27.425Z,0.28258514,0.07307152,-12.151138,-2.6057374,1,0,0,1,0.9856112,0.00071855413,0.003825214,0.09416625,minecraft:stained_hardened_clay,minecraft:stained_hardened_clay
747,2026-08-04T18:32:27.474Z,2.1664886,0.043429345,-4.80394,-0.97665924,1,0,0,0,0.99018973,0.00073129986,0.0029488965,0.096459694,,minecraft:stained_hardened_clay
748,2026-08-04T18:32:27.525Z,0.94194794,0.007173024,-0.094200134,1.212401,1,0,0,0,0.99486536,0.0006652006,0.0017787811,0.10805167,,minecraft:stained_hardened_clay
749,2026-08-04T18:32:27.573Z,-0.84776306,-0.063569926,14.976982,3.0208533,1,0,0,0,0.99729675,0.0005328285,0.0010538142,0.13782974,,minecraft:stained_hardened_clay
750,2026-08-04T18:32:27.624Z,0.094192505,-0.07092733,3.0142212,2.9600058,1,0,0,0,0.9979565,0.0004669039,0.0009762829,0.15793313,,minecraft:stained_hardened_clay
751,2026-08-04T18:32:27.674Z,-0.84776306,-0.077053785,4.4271545,2.1840308,1,0,0,0,0.9980362,0.0005087968,0.001170936,0.1773758,,minecraft:stained_hardened_clay
752,2026-08-04T18:32:27.724Z,0.0,-0.06218936,1.2245255,1.1761613,1,0,0,0,0.9976888,0.0005975301,0.0015419634,0.1848968,,minecraft:stained_hardened_clay
753,2026-08-04T18:32:27.774Z,0.0,-0.041942466,0.0,0.24948728,1,0,0,0,0.9972669,0.000636942,0.0019024288,0.17952605,,minecraft:stained_hardened_clay
754,2026-08-04T18:32:27.824Z,-2.6374893,-0.046006903,7.297104,0.10291936,1,0,0,0,0.99716765,0.00064603117,0.0019802437,0.17856841,,minecraft:stained_hardened_clay
755,2026-08-04T18:32:27.874Z,3.2026367,-0.043383863,-1.6013031,-0.053529914,1,0,0,0,0.99691963,0.0006511435,0.0020618043,0.17452717,,minecraft:stained_hardened_clay
756,2026-08-04T18:32:27.924Z,1.318718,-0.03566243,-0.94194794,-0.29579756,1,0,0,0,0.9963987,0.0006581192,0.0021676496,0.16569611,,minecraft:stained_hardened_clay
757,2026-08-04T18:32:27.973Z,-0.28258514,-0.043938596,1.8838882,-0.5968374,1,0,0,1,0.9963211,0.0007192306,0.0025426345,0.17409778,minecraft:stained_hardened_clay,minecraft:stained_hardened_clay
758,2026-08-04T18:32:28.024Z,0.0,-0.030373104,0.6593628,-1.1630635,1,0,0,0,0.9952872,0.0007646569,0.0029545224,0.16532117,,minecraft:stained_hardened_clay
759,2026-08-04T18:32:28.073Z,0.0,0.023733675,-7.9123764,-2.3043032,1,0,0,0,0.9849519,0.0007522943,0.0037399514,0.11931549,,minecraft:stained_hardened_clay
760,2026-08-04T18:32:28.124Z,-0.84776306,0.045260936,-13.564064,-1.8178116,1,0,0,1,0.9889341,0.00089679327,0.004019314,0.13763832,minecraft:stained_hardened_clay,minecraft:stained_hardened_clay
761,2026-08-04T18:32:28.173Z,-0.75357056,0.07139424,-11.868553,-1.8773398,1,0,0,0,0.98634315,0.00096252246,0.004398045,0.11806973,,minecraft:stained_hardened_clay
762,2026-08-04T18:32:28.225Z,1.1303482,0.077693395,-5.3691063,-1.283361,1,0,0,1,0.9735972,0.00083806604,0.0035783623,0.07391003,minecraft:stained_hardened_clay,minecraft:stained_hardened_clay
763,2026-08-04T18:32:28.274Z,-0.47097015,0.047529265,0.5651741,0.2687409,1,0,0,0,0.9699691,0.0007659902,0.0025236139,0.059825275,,minecraft:stained_hardened_clay
764,2026-08-04T18:32:28.324Z,-2.5432663,-0.00930538,6.4994392,2.041043,1,0,0,0,0.9829131,0.00073505705,0.0016926352,0.06967968,,minecraft:stained_hardened_clay
765,2026-08-04T18:32:28.373Z,-0.37678528,-0.049244583,16.201496,3.4155712,1,0,0,1,0.9946457,0.00066816976,0.0011290632,0.11478006,minecraft:stained_hardened_clay,minecraft:stained_hardened_clay
766,2026-08-04T18:32:28.424Z,2.7316513,-0.058965217,4.42717,3.2976649,1,0,0,0,0.9966467,0.0005824063,0.0010718574,0.14049631,,minecraft:stained_hardened_clay
767,2026-08-04T18:32:28.473Z,0.75354767,-0.05792563,0.9419327,2.3353927,1,0,0,0,0.99725574,0.00060131564,0.0012545872,0.16601549,,minecraft:stained_hardened_clay
768,2026-08-04T18:32:28.524Z,-1.3187332,-0.041757353,4.803932,0.55348897,1,0,0,1,0.99626046,0.0007310762,0.0020431876,0.17826559,minecraft:stained_hardened_clay,minecraft:stained_hardened_clay
769,2026-08-04T18:32:28.574Z,1.8839188,0.066168584,-13.564079,-2.7435875,1,0,0,0,0.9691356,0.0006846426,0.003743352,0.09164343,,minecraft:stained_hardened_clay
770,2026-08-04T18:32:28.624Z,1.412941,0.058764122,-17.991219,-3.4592154,1,0,0,0,0.91716987,0.0007575871,0.005065758,0.057184678,,minecraft:stained_hardened_clay
771,2026-08-04T18:32:28.674Z,0.0,0.06634157,-0.18839264,-2.3422658,1,0,0,0,0.8937967,0.00091615954,0.0052009383,0.048283093,,minecraft:stained_hardened_clay
772,2026-08-04T18:32:28.725Z,0.28258514,0.025259346,3.956192,0.13264412,1,0,0,0,0.9289193,0.00092961785,0.0032026537,0.048683174,,minecraft:stained_hardened_clay
773,2026-08-04T18:32:28.774Z,-0.28259277,-0.037816145,9.231087,2.683887,1,0,0,0,0.9785469,0.00092974765,0.0018088158,0.073029466,,minecraft:stained_hardened_clay
774,2026-08-04T18:32:28.824Z,-3.5794144,-0.031889733,13.846626,3.632915,1,0,0,0,0.9938712,0.0006873384,0.0011193627,0.119593,,minecraft:stained_hardened_clay
775,2026-08-04T18:32:28.874Z,0.0,-0.0477033,0.094192505,3.2497103,1,0,0,0,0.9957262,0.00070522714,0.0012407108,0.1447994,,minecraft:stained_hardened_clay
776,2026-08-04T18:32:28.924Z,-1.7896881,-0.036211807,1.695488,2.0796785,1,0,0,0,0.99651563,0.0007187836,0.0014731018,0.16858143,,minecraft:stained_hardened_clay
777,2026-08-04T18:32:28.974Z,-0.7535553,-0.020421643,1.9780807,0.9091049,1,0,0,0,0.99600285,0.0007245716,0.0017948741,0.16471428,,minecraft:stained_hardened_clay
778,2026-08-04T18:32:29.024Z,0.0,-0.012323927,0.0,-0.0014624894,1,0,0,0,0.99301344,0.0007156885,0.0021410536,0.14339918,,minecraft:stained_hardened_clay
779,2026-08-04T18:32:29.074Z,1.3187256,-0.0067989603,-0.6593628,-0.15789971,1,0,0,0,0.99268883,0.00067777914,0.002070009,0.1306711,,minecraft:stained_hardened_clay
780,2026-08-04T18:32:29.124Z,0.0,-0.0033594817,0.0,-0.24774256,1,0,0,1,0.991667,0.0006648166,0.0021054416,0.12129026,minecraft:stained_hardened_clay,minecraft:stained_hardened_clay
781,2026-08-04T18:32:29.174Z,0.0,-0.018826313,0.8477402,-0.20147306,1,0,0,0,0.9925942,0.0007185315,0.0022987602,0.13550839,,minecraft:stained_hardened_clay
782,2026-08-04T18:32:29.225Z,0.0,0.010035232,-0.094192505,-1.1478093,1,0,0,0,0.9859962,0.0006410338,0.002551131,0.10509413,,minecraft:stained_hardened_clay
783,2026-08-04T18:32:29.274Z,3.202652,0.0783309,-12.622116,-2.896792,1,0,0,0,0.92568946,0.0005846917,0.0037060343,0.05372388,,minecraft:stained_hardened_clay
784,2026-08-04T18:32:29.325Z,7.158821,0.04301849,-9.890453,-2.1013725,1,0,0,0,0.957797,0.00076285156,0.0038422614,0.062033083,,minecraft:stained_hardened_clay
785,2026-08-04T18:32:29.373Z,1.3187332,0.019338988,-1.6013145,-0.41197163,1,0,0,0,0.9775155,0.00074656913,0.002730464,0.06943533,,minecraft:stained_hardened_clay
786,2026-08-04T18:32:29.424Z,-0.7535629,-0.01829872,9.325287,1.7705594,1,0,0,0,0.99121934,0.0007090049,0.0016445825,0.0900199,,minecraft:stained_hardened_clay
787,2026-08-04T18:32:29.475Z,-0.84775543,-0.033069275,4.7097397,2.5820708,1,0,0,0,0.9951343,0.00067752344,0.0013283392,0.120234184,,minecraft:stained_hardened_clay
788,2026-08-04T18:32:29.524Z,-7.1588364,-0.052535947,8.100777,2.6978593,1,0,0,0,0.996887,0.00061264774,0.0012038861,0.15022907,,minecraft:stained_hardened_clay
789,2026-08-04T18:32:29.574Z,-7.912361,-0.06517235,2.0723038,2.4615858,1,0,0,0,0.9972295,0.0005906294,0.0011908268,0.16244806,,minecraft:stained_hardened_clay
790,2026-08-04T18:32:29.624Z,-2.2606812,-0.06479068,-1.318718,1.7746937,1,0,0,0,0.9971181,0.0006058684,0.0013553344,0.16700782,,minecraft:stained_hardened_clay
791,2026-08-04T18:32:29.674Z,-14.129219,-0.05655071,-0.6593704,0.9196586,1,0,0,0,0.9971957,0.0005969856,0.0015674582,0.16462056,,minecraft:stained_hardened_clay
792,2026-08-04T18:32:29.724Z,-8.6659355,-0.050309144,4.427185,0.10123592,1,0,0,0,0.9972313,0.000605308,0.0018764767,0.17185181,,minecraft:stained_hardened_clay
793,2026-08-04T18:32:29.774Z,-3.2968216,-0.033541963,-4.427162,-0.6039875,1,0,0,0,0.9964799,0.000634934,0.0022510737,0.1613174,,minecraft:stained_hardened_clay
794,2026-08-04T18:32:29.824Z,-12.151127,-0.014991503,-4.1445847,-1.0898448,1,0,0,0,0.99523526,0.000620653,0.0024308236,0.14075273,,minecraft:stained_hardened_clay
795,2026-08-04T18:32:29.874Z,-1.0361481,-0.0032458156,0.18838501,-1.5908318,1,0,0,1,0.9931162,0.0006495812,0.0027946504,0.13121021,minecraft:stained_hardened_clay,minecraft:stained_hardened_clay
796,2026-08-04T18:32:29.923Z,0.0,0.013458371,0.0,-0.85632426,1,0,0,0,0.99651504,0.0007125431,0.0027809858,0.16927832,,minecraft:stained_hardened_clay
797,2026-08-04T18:32:29.973Z,-0.6593704,0.039423816,-0.8477478,-1.3365484,1,0,0,0,0.9954496,0.0007232584,0.0030881853,0.14773582,,minecraft:stained_hardened_clay
798,2026-08-04T18:32:30.024Z,3.391018,0.026993684,-0.94194794,-0.086459845,1,0,0,1,0.9970174,0.0006723974,0.0022631136,0.16362183,minecraft:stained_hardened_clay,minecraft:stained_hardened_clay
799,2026-08-04T18:32:30.073Z,9.890465,-0.0048903376,-0.18839264,0.63786775,1,0,0,0,0.997632,0.00059321465,0.0017785492,0.17223108,,minecraft:stained_hardened_clay
800,2026-08-04T18:32:30.124Z,2.1664886,-0.012666065,0.47097778,0.59338635,1,0,0,0,0.99770254,0.00056522695,0.0017061513,0.17365812,,minecraft:stained_hardened_clay
801,2026-08-04T18:32:30.173Z,1.2245331,-0.012824453,3.6736069,0.41375056,1,0,0,1,0.9976998,0.0005675415,0.0017456291,0.17485842,minecraft:stained_hardened_clay,minecraft:stained_hardened_clay
802,2026-08-04T18:32:30.224Z,0.0,-0.0064036176,0.094192505,-0.09192635,1,0,0,0,0.996944,0.0006017694,0.0020030702,0.1551379,,minecraft:stained_hardened_clay
803,2026-08-04T18:32:30.274Z,4.8981323,0.0020211786,-3.2026443,-0.501501,1,0,0,0,0.99512535,0.0005849788,0.002086681,0.1293098,,minecraft:stained_hardened_clay
804,2026-08-04T18:32:30.324Z,0.94195557,0.00913728,-0.94194794,-1.3289565,1,0,0,1,0.9877396,0.0006239774,0.002649117,0.105818294,minecraft:stained_hardened_clay,minecraft:stained_hardened_clay
805,2026-08-04T18:32:30.374Z,-2.0723,0.029846668,0.9419403,-2.166188,1,0,0,0,0.9647401,0.000662204,0.0034020627,0.07424135,,minecraft:stained_hardened_clay
806,2026-08-04T18:32:30.423Z,-0.65937424,0.047870956,-0.094192505,-0.9160606,1,0,0,0,0.9924281,0.0007553819,0.0028599396,0.124217436,,minecraft:stained_hardened_clay
807,2026-08-04T18:32:30.473Z,0.0,0.038262986,0.0,0.22094801,1,0,0,1,0.9965283,0.0007009479,0.0022285571,0.15407853,minecraft:stained_hardened_clay,minecraft:stained_hardened_clay
808,2026-08-04T18:32:30.523Z,0.0,0.030026339,0.0,0.46414134,1,0,0,0,0.9971782,0.00068854017,0.002063527,0.16761543,,minecraft:stained_hardened_clay
809,2026-08-04T18:32:30.575Z,-0.5651741,0.032477,0.0,0.23717132,1,0,0,0,0.99704546,0.0006677849,0.0020760202,0.16573013,,minecraft:stained_hardened_clay
810,2026-08-04T18:32:30.625Z,-2.6374664,0.041206107,-0.47097778,-0.08659683,1,0,0,1,0.9966221,0.00066680246,0.002175018,0.15825148,minecraft:stained_hardened_clay,minecraft:stained_hardened_clay
811,2026-08-04T18:32:30.675Z,0.0,0.046793215,0.0,-0.28683236,1,0,0,0,0.99589384,0.00064965273,0.002204173,0.14582333,,minecraft:stained_hardened_clay
812,2026-08-04T18:32:30.725Z,0.0,0.04883565,0.0,-0.35851452,1,0,0,0,0.995074,0.0006322029,0.0021831559,0.13383529,,minecraft:stained_hardened_clay
813,2026-08-04T18:32:30.775Z,0.0,0.023386106,0.0,0.1189056,1,0,0,1,0.994949,0.00064329035,0.0019403563,0.12825103,minecraft:stained_hardened_clay,minecraft:stained_hardened_clay
814,2026-08-04T18:32:30.824Z,0.0,-0.012790758,0.0,0.8319161,1,0,0,0,0.9965396,0.00064473983,0.0018013795,0.15102053,,minecraft:stained_hardened_clay
815,2026-08-04T18:32:30.874Z,0.6593704,-0.01589838,0.0,0.8024867,1,0,0,0,0.9970419,0.00063655665,0.0018211191,0.1663489,,minecraft:stained_hardened_clay
816,2026-08-04T18:32:30.924Z,4.1445885,-0.011313431,0.47097778,0.43911484,1,0,0,0,0.996967,0.000651565,0.0019844568,0.17174396,,minecraft:stained_hardened_clay
817,2026-08-04T18:32:30.974Z,1.601326,0.012183428,1.3187103,-0.8733834,1,0,0,1,0.9937463,0.00068477535,0.002491673,0.14067514,minecraft:stained_hardened_clay,minecraft:stained_hardened_clay
818,2026-08-04T18:32:31.023Z,0.0,-0.007883303,0.094192505,-0.7423626,1,0,0,0,0.9953922,0.00079917454,0.0030091743,0.17279074,,minecraft:stained_hardened_clay
819,2026-08-04T18:32:31.074Z,5.086529,0.033903852,-4.144577,-1.307476,1,0,0,0,0.99284816,0.0008356992,0.0033821224,0.15799639,,minecraft:stained_hardened_clay
820,2026-08-04T18:32:31.124Z,12.056953,0.07716874,-7.7240067,-1.8959259,1,0,0,0,0.9833124,0.0007194815,0.0031921524,0.09631454,,minecraft:stained_hardened_clay
821,2026-08-04T18:32:31.173Z,0.7535629,0.06390049,-0.37678528,-1.4372609,1,0,0,1,0.9676945,0.00071057014,0.0030650687,0.06996773,minecraft:stained_hardened_clay,minecraft:stained_hardened_clay
822,2026-08-04T18:32:31.224Z,-2.4490585,0.039124154,1.8838959,-0.4567849,1,0,0,0,0.9604178,0.0007041184,0.002593968,0.059937574,,minecraft:stained_hardened_clay
823,2026-08-04T18:32:31.273Z,-5.0865173,-0.008278601,12.998894,1.2765477,1,0,0,1,0.9818763,0.000795355,0.002029247,0.08504694,minecraft:stained_hardened_clay,minecraft:stained_hardened_clay
824,2026-08-04T18:32:31.324Z,0.0,-0.011082444,1.0361481,1.5331558,1,0,0,0,0.98962885,0.0007859527,0.0018454767,0.11209127,,minecraft:stained_hardened_clay
825,2026-08-04T18:32:31.373Z,4.4271545,0.015526205,-0.7535629,0.3017255,1,0,0,0,0.9866029,0.0007337417,0.0021750294,0.10940293,,minecraft:stained_hardened_clay
826,2026-08-04T18:32:31.425Z,1.4129028,0.06086599,-1.3187103,-2.1643698,1,0,0,1,0.9106358,0.0005633085,0.0030876657,0.049392156,minecraft:stained_hardened_clay,minecraft:stained_hardened_clay
827,2026-08-04T18:32:31.474Z,5.4633102,0.03001991,-14.411804,-3.132592,1,0,0,0,0.5514573,0.00063777965,0.004612702,0.023665838,,minecraft:stained_hardened_clay
828,2026-08-04T18:32:31.525Z,2.5432663,0.024323016,-5.1807213,-1.6371651,1,0,0,0,0.7143052,0.0010370994,0.0050097755,0.03144396,,minecraft:stained_hardened_clay
829,2026-08-04T18:32:31.574Z,-0.6593628,-0.0064299554,1.8839035,0.6644515,1,0,0,0,0.86066276,0.0011154796,0.0032200455,0.040999338,,minecraft:stained_hardened_clay
830,2026-08-04T18:32:31.623Z,1.2245331,-0.03449886,2.637455,2.3519588,1,0,0,0,0.93405634,0.0009878544,0.0020314076,0.051102873,,minecraft:stained_hardened_clay
831,2026-08-04T18:32:31.673Z,7.158821,-0.028793916,7.9123764,2.9767454,1,0,0,0,0.96551734,0.00087802147,0.0016074682,0.06512131,,minecraft:stained_hardened_clay
832,2026-08-04T18:32:31.724Z,-0.47097778,-0.027033836,6.876236,2.9500017,1,0,0,0,0.9797661,0.00083647924,0.0015110932,0.081695825,,minecraft:stained_hardened_clay
833,2026-08-04T18:32:31.774Z,0.0,-0.010012187,0.0,2.1912487,1,0,0,0,0.9801287,0.00074524095,0.0015722518,0.083155,,minecraft:stained_hardened_clay
834,2026-08-04T18:32:31.823Z,-0.7535553,0.007487215,1.6013031,1.2415073,1,0,0,0,0.9728371,0.00067318085,0.0017277588,0.07357415,,minecraft:stained_hardened_clay
835,2026-08-04T18:32:31.873Z,0.18838501,0.014943488,0.37677002,0.43742803,1,0,0,0,0.9576613,0.0006198106,0.0019028344,0.060210254,,minecraft:stained_hardened_clay
836,2026-08-04T18:32:31.923Z,0.2825775,0.011812091,-0.565155,-0.08129853,1,0,0,0,0.9243652,0.0005881887,0.0020745925,0.04574836,,minecraft:stained_hardened_clay
837,2026-08-04T18:32:31.975Z,0.0,-0.0055221096,0.0,-0.26338488,1,0,0,0,0.8674256,0.0005825401,0.0021935261,0.035363227,,minecraft:stained_hardened_clay
838,2026-08-04T18:32:32.024Z,0.0,-0.054831512,0.0,-0.5874715,0,0,0,0,0.7421256,0.0006633786,0.0026865245,0.0300392,,minecraft:stained_hardened_clay
839,2026-08-04T18:32:32.074Z,0.0,-0.08361614,0.0,-1.1946769,0,0,0,0,0.51786757,0.00076751586,0.0035459825,0.021419194,,minecraft:stained_hardened_clay
840,2026-08-04T18:32:32.124Z,0.0,-0.11680473,0.0,-1.1036919,0,0,0,0,0.31801626,0.0009492433,0.004145348,0.01716172,,minecraft:stained_hardened_clay
841,2026-08-04T18:32:32.173Z,0.0,-0.116315484,0.0,-0.89151704,0,0,0,0,0.1275367,0.0010635386,0.0043264623,0.0132196555,,minecraft:stained_hardened_clay
842,2026-08-04T18:32:32.223Z,-0.9419403,-0.11769278,1.5071106,-1.2971786,0,0,0,1,0.06797158,0.0014646064,0.006104655,0.013408787,minecraft:stained_hardened_clay,minecraft:stained_hardened_clay
843,2026-08-04T18:32:32.273Z,0.0,-0.088755526,0.0,-1.7438225,0,0,0,0,0.034619994,0.0019527801,0.008858426,0.012549038,,minecraft:stained_hardened_clay
844,2026-08-04T18:32:32.323Z,1.5071259,-0.045344986,-12.810493,-1.4769793,0,0,0,0,0.010429882,0.00222553,0.009647146,0.008743396,,minecraft:stained_hardened_clay
845,2026-08-04T18:32:32.375Z,-1.0361557,-0.03655784,-9.1369095,-0.97015285,0,0,0,0,0.005337372,0.002528742,0.009373677,0.007553741,,minecraft:stained_hardened_clay
846,2026-08-04T18:32:32.424Z,0.2825775,-0.12811965,-0.09419632,0.043611027,0,0,0,0,0.015208183,0.0033825594,0.008356316,0.012719702,,minecraft:stained_hardened_clay
847,2026-08-04T18:32:32.473Z,-0.37677765,-0.1325309,1.3187256,0.8656455,0,0,0,1,0.16034605,0.0027094085,0.005803877,0.024768103,minecraft:stained_hardened_clay,minecraft:stained_hardened_clay
848,2026-08-04T18:32:32.525Z,-1.8838959,-0.100979835,5.745884,0.8272674,1,0,0,0,0.5533376,0.0019876806,0.0045496863,0.03673382,,minecraft:stained_hardened_clay
849,2026-08-04T18:32:32.574Z,0.47097778,-0.07428183,7.723999,0.6772028,1,0,0,0,0.8525588,0.0013084051,0.0033671884,0.0499802,,minecraft:stained_hardened_clay
850,2026-08-04T18:32:32.623Z,0.0,-0.05767062,0.0,0.15336207,1,0,0,1,0.91233516,0.0009295178,0.002884384,0.053559866,minecraft:stained_hardened_clay,minecraft:stained_hardened_clay
851,2026-08-04T18:32:32.673Z,0.0,-0.052270938,0.0,0.2156449,1,0,0,0,0.96476394,0.0006860103,0.002183296,0.06587082,,minecraft:stained_hardened_clay
852,2026-08-04T18:32:32.725Z,0.0,-0.046946697,0.094192505,0.087619,1,0,0,0,0.9763591,0.00056212244,0.0019231555,0.06897153,,minecraft:stained_hardened_clay
853,2026-08-04T18:32:32.775Z,-4.0504,-0.035159677,6.028473,0.74598,1,0,0,1,0.988214,0.00068255037,0.0018972576,0.099667266,minecraft:stained_hardened_clay,minecraft:stained_hardened_clay
854,2026-08-04T18:32:32.824Z,-1.1303482,-0.019662116,3.0142288,1.4345378,1,0,0,0,0.99458545,0.0006607676,0.0014978303,0.119387105,,minecraft:stained_hardened_clay
855,2026-08-04T18:32:32.874Z,-0.2825775,-0.011809003,0.0,1.2689795,1,0,0,0,0.99432665,0.0006318743,0.001469648,0.116736025,,minecraft:stained_hardened_clay
856,2026-08-04T18:32:32.924Z,-3.4852219,-0.009622425,5.463417,0.9457534,1,0,0,1,0.99403596,0.00067803246,0.0016418806,0.12532909,minecraft:stained_hardened_clay,minecraft:stained_hardened_clay
857,2026-08-04T18:32:32.974Z,-1.7897034,-0.0029003173,0.0,-0.04079706,1,0,0,0,0.98772776,0.0007020272,0.0020680053,0.110066414,,minecraft:stained_hardened_clay
858,2026-08-04T18:32:33.024Z,0.0,0.033129945,0.0,-1.7562586,0,0,0,0,0.9037034,0.00066967844,0.0032377895,0.052543167,,minecraft:stained_hardened_clay
859,2026-08-04T18:32:33.074Z,-0.37678528,0.10010596,-1.6955109,-2.3589506,0,0,0,0,0.3589919,0.00080847373,0.0047556967,0.02670407,,minecraft:stained_hardened_clay
860,2026-08-04T18:32:33.124Z,0.094192505,0.12036375,-3.485199,-1.6676015,0,0,0,0,0.057158776,0.0013168807,0.0065185763,0.019495562,,minecraft:stained_hardened_clay
861,2026-08-04T18:32:33.174Z,2.260666,0.15243465,1.5258789e-05,-1.0000427,0,0,0,0,0.009644049,0.0019113373,0.0074593867,0.012736365,,minecraft:stained_hardened_clay
862,2026-08-04T18:32:33.224Z,2.4490738,0.17602775,2.166481,-0.6961117,0,0,0,0,0.0044445675,0.0024386912,0.008420125,0.01044485,,minecraft:stained_hardened_clay
863,2026-08-04T18:32:33.273Z,0.0,0.18688026,0.0,-0.6322202,0,0,0,0,0.003238459,0.0027184645,0.009020615,0.009505797,,minecraft:stained_hardened_clay
864,2026-08-04T18:32:33.324Z,0.0,0.1913318,0.0,-0.62466186,0,0,0,0,0.002904736,0.0028851754,0.009473392,0.009234622,,minecraft:stained_hardened_clay
865,2026-08-04T18:32:33.375Z,0.0,0.23208317,0.0,-0.6385919,0,0,0,0,0.0029097646,0.002586002,0.008218978,0.0079411715,,minecraft:stained_hardened_clay
866,2026-08-04T18:32:33.423Z,0.0,0.23999646,0.0,-0.4805046,0,0,0,0,0.0026459983,0.0024789965,0.0073606917,0.0071708565,,minecraft:stained_hardened_clay
867,2026-08-04T18:32:33.473Z,0.0,0.27714384,0.0,-0.25250208,0,0,0,0,0.0036430398,0.0027861441,0.0074301623,0.009111531,,minecraft:stained_hardened_clay
868,2026-08-04T18:32:33.523Z,6.499443,0.2920544,0.47097778,-0.13071942,0,0,0,0,0.0048810933,0.002784499,0.007008436,0.010358367,,minecraft:stained_hardened_clay
869,2026-08-04T18:32:33.573Z,82.79725,0.3111639,-3.8620224,-0.25212446,0,0,0,0,0.0040781223,0.0025954884,0.0068984884,0.009121826,,minecraft:stained_hardened_clay
870,2026-08-04T18:32:33.624Z,81.384384,0.32658964,-1.5258789e-05,-0.37266165,0,0,0,0,0.0037837804,0.0024295996,0.0068953168,0.00834118,,minecraft:stained_hardened_clay
871,2026-08-04T18:32:33.674Z,17.896973,0.25193748,2.543274,-0.019771315,0,0,0,0,0.008863749,0.0033575133,0.007700761,0.014845325,,minecraft:stained_hardened_clay
872,2026-08-04T18:32:33.723Z,0.0,0.2126255,0.0,0.068608575,0,0,0,0,0.016689312,0.0042803683,0.009125728,0.022588205,,minecraft:stained_hardened_clay
873,2026-08-04T18:32:33.774Z,0.0,0.23493817,0.0,-0.3254516,0,0,0,0,0.0067589413,0.0051924367,0.012698115,0.017225405,,minecraft:stained_hardened_clay
874,2026-08-04T18:32:33.823Z,0.0,0.21677127,0.0,-0.3878593,0,0,0,0,0.004078498,0.0054081357,0.013560415,0.014863685,,minecraft:stained_hardened_clay
875,2026-08-04T18:32:33.875Z,174.6246,0.14777356,-86.138,-1.2455221,0,0,0,0,0.0037364617,0.0043067937,0.015135973,0.010267003,,minecraft:stained_hardened_clay
876,2026-08-04T18:32:33.927Z,0.0,0.14836949,0.0,-0.46338472,0,0,0,0,0.0021621822,0.0057577016,0.015519704,0.012183678,,minecraft:stained_hardened_clay
877,2026-08-04T18:32:33.977Z,0.0,0.1021154,0.0,0.11571158,0,0,0,0,0.0023686702,0.00614214,0.012824166,0.016698698,,minecraft:stained_hardened_clay
878,2026-08-04T18:32:34.026Z,0.0,0.076838635,0.0,0.3437613,0,0,0,0,0.0028871282,0.0062315958,0.0116374465,0.019736666,,minecraft:stained_hardened_clay
879,2026-08-04T18:32:34.074Z,0.0,0.06516983,0.0,0.41048977,0,0,0,0,0.003103368,0.0063078455,0.011465813,0.021354986,,minecraft:stained_hardened_clay
880,2026-08-04T18:32:34.128Z,0.0,0.0553172,0.0,0.46590987,0,0,0,0,0.0034706295,0.0065749055,0.011585245,0.023261867,,minecraft:stained_hardened_clay
881,2026-08-04T18:32:34.174Z,0.0,0.050119907,0.0,0.51699734,0,0,0,0,0.003959242,0.006824207,0.0116768405,0.025261475,,minecraft:stained_hardened_clay
882,2026-08-04T18:32:34.227Z,0.0,0.049909405,0.0,0.5597002,0,0,0,0,0.0045464914,0.006970928,0.011652385,0.027123557,,minecraft:stained_hardened_clay
883,2026-08-04T18:32:34.274Z,0.0,0.050719105,0.0,0.59690136,0,0,0,0,0.0051879114,0.007069982,0.011618239,0.028891634,,minecraft:stained_hardened_clay
884,2026-08-04T18:32:34.325Z,-3.3910217,0.05148588,6.593636,0.65479755,0,0,0,0,0.0063020764,0.0072244653,0.011551581,0.031629868,,minecraft:stained_hardened_clay
885,2026-08-04T18:32:34.379Z,-1.412941,0.049736947,11.491766,0.7307713,0,0,0,0,0.007880277,0.0073678307,0.011348304,0.03502743,,minecraft:stained_hardened_clay
886,2026-08-04T18:32:34.430Z,2.6374664,0.054305382,11.1149845,0.8047885,0,0,0,0,0.010391672,0.0073130033,0.01100061,0.038703807,,minecraft:stained_hardened_clay
887,2026-08-04T18:32:34.479Z,3.4852219,0.06258946,9.984642,0.8568663,0,0,0,0,0.014101343,0.0071901316,0.0107655125,0.042405088,,minecraft:stained_hardened_clay
888,2026-08-04T18:32:34.526Z,1.0361481,0.07392875,6.970421,0.8559125,0,0,0,0,0.018775705,0.0070542265,0.010540116,0.04624032,,minecraft:stained_hardened_clay
889,2026-08-04T18:32:34.576Z,0.0,0.08796974,1.6955109,0.7910289,0,0,0,0,0.02224637,0.0070175542,0.010654873,0.04879151,,minecraft:stained_hardened_clay
890,2026-08-04T18:32:34.627Z,0.0,0.09710386,0.0,0.7042862,0,0,0,0,0.023080768,0.0071021696,0.011002555,0.04984143,,minecraft:stained_hardened_clay
891,2026-08-04T18:32:34.675Z,0.0,0.1041444,0.0,0.6292133,0,0,0,0,0.023345299,0.0072535696,0.011425758,0.05073427,,minecraft:stained_hardened_clay
892,2026-08-04T18:32:34.727Z,0.0,0.07330703,0.09419632,0.5256765,0,0,0,0,0.014234036,0.0063580377,0.010559842,0.040706776,,minecraft:stained_hardened_clay
893,2026-08-04T18:32:34.776Z,-0.2825775,0.055149965,0.6593704,0.54949504,0,0,0,0,0.012033428,0.0057107164,0.009718457,0.03709385,,minecraft:stained_hardened_clay
894,2026-08-04T18:32:34.825Z,0.0,0.03708905,0.0,0.6336088,0,0,0,0,0.0120659815,0.0053326786,0.008957709,0.036454562,,minecraft:stained_hardened_clay
895,2026-08-04T18:32:34.878Z,0.0,0.028601736,0.0,0.67059934,0,0,0,0,0.012327592,0.0050881966,0.008520301,0.036104172,,minecraft:stained_hardened_clay
896,2026-08-04T18:32:34.928Z,0.0,0.023960158,0.0,0.666053,0,0,0,0,0.012221404,0.0050110444,0.008418716,0.035875484,,minecraft:stained_hardened_clay
897,2026-08-04T18:32:34.978Z,0.0,0.05898618,0.0,0.45987776,0,0,0,0,0.0077207913,0.0052360985,0.009523695,0.034035455,,minecraft:stained_hardened_clay
898,2026-08-04T18:32:35.027Z,0.0,0.06992047,0.0,0.33349633,0,0,0,0,0.00669177,0.0060173525,0.0116939945,0.03571942,,minecraft:stained_hardened_clay
899,2026-08-04T18:32:35.077Z,0.0,0.07135021,0.0,0.28437772,0,0,0,0,0.006334718,0.0067467946,0.013264085,0.037271436,,minecraft:stained_hardened_clay
900,2026-08-04T18:32:35.128Z,0.0,0.07100538,0.0,0.2541771,0,0,0,0,0.0063578654,0.0074181235,0.01460457,0.039219536,,minecraft:stained_hardened_clay
901,2026-08-04T18:32:35.178Z,0.0,0.07171432,0.0,0.23115823,0,0,0,0,0.0066080643,0.0079083685,0.015611381,0.041068066,,minecraft:stained_hardened_clay
902,2026-08-04T18:32:35.228Z,-0.18839264,0.07250113,0.84775543,0.19822872,0,0,0,0,0.006939706,0.008324147,0.016542017,0.042750925,,minecraft:stained_hardened_clay
903,2026-08-04T18:32:35.279Z,-0.56516266,0.072094224,4.42717,0.20046467,0,0,0,0,0.0070396727,0.008422861,0.01667546,0.04313857,,minecraft:stained_hardened_clay
904,2026-08-04T18:32:35.328Z,0.0,0.0726647,1.8839073,0.18813321,0,0,0,0,0.007127588,0.008427772,0.016759109,0.04314931,,minecraft:stained_hardened_clay
905,2026-08-04T18:32:35.379Z,0.094192505,0.07238785,0.18839264,0.1625512,0,0,0,0,0.007378772,0.008522171,0.017137567,0.0438008,,minecraft:stained_hardened_clay
906,2026-08-04T18:32:35.430Z,0.0,0.07184694,0.0,0.13601363,0,0,0,0,0.008103111,0.008402618,0.01720023,0.044612188,,minecraft:stained_hardened_clay
907,2026-08-04T18:32:35.480Z,0.0,0.083150394,0.0,0.07470297,0,0,0,0,0.009667121,0.008673673,0.017812937,0.04764593,,minecraft:stained_hardened_clay
908,2026-08-04T18:32:35.529Z,0.0,0.08261361,0.0,0.06607402,0,0,0,0,0.00961391,0.008643712,0.017853044,0.047360238,,minecraft:stained_hardened_clay
909,2026-08-04T18:32:35.580Z,0.0,0.08188372,0.0,0.059462585,0,0,0,0,0.009554967,0.008602337,0.017856564,0.04704105,,minecraft:stained_hardened_clay
910,2026-08-04T18:32:35.629Z,0.0,0.080939524,0.0,0.05417832,0,0,0,0,0.0094994595,0.008552369,0.017833306,0.046709012,,minecraft:stained_hardened_clay
911,2026-08-04T18:32:35.680Z,0.0,0.07994301,0.0,0.050939627,0,0,0,0,0.00945719,0.008489264,0.0177709,0.046361096,,minecraft:stained_hardened_clay
912,2026-08-04T18:32:35.729Z,0.0,0.07881863,0.0,0.048650287,0,0,0,0,0.009428987,0.008416097,0.017682532,0.046014674,,minecraft:stained_hardened_clay
913,2026-08-04T18:32:35.778Z,0.0,0.07762805,0.0,0.046889044,0,0,0,0,0.009412171,0.008333531,0.017571457,0.045661498,,minecraft:stained_hardened_clay
914,2026-08-04T18:32:35.828Z,0.0,0.07635585,0.0,0.04585337,0,0,0,0,0.009413069,0.008241844,0.017437262,0.04531724,,minecraft:stained_hardened_clay
915,2026-08-04T18:32:35.878Z,0.0,0.07541681,0.0,0.04503698,0,0,0,0,0.00943994,0.0081251385,0.017250665,0.04490084,,minecraft:stained_hardened_clay
916,2026-08-04T18:32:35.929Z,0.0,0.07429492,0.0,0.047351442,0,0,0,0,0.00951593,0.007997798,0.017021693,0.044521894,,minecraft:stained_hardened_clay
917,2026-08-04T18:32:35.978Z,0.0,0.07257246,0.0,0.051404633,0,0,0,0,0.009609511,0.00787519,0.01679822,0.04423702,,minecraft:stained_hardened_clay
918,2026-08-04T18:32:36.029Z,0.0,0.07111602,0.0,0.053986184,0,0,0,0,0.009670545,0.0077308617,0.016551206,0.043799773,,minecraft:stained_hardened_clay
919,2026-08-04T18:32:36.078Z,0.0,0.01737047,0.0,0.31871313,0,0,0,0,0.020826528,0.0077597424,0.014360912,0.05337222,,minecraft:stained_hardened_clay
920,2026-08-04T18:32:36.129Z,0.0,0.007421024,0.0,0.2506756,0,0,0,0,0.03381608,0.006985963,0.013382319,0.055177234,,minecraft:stained_hardened_clay
921,2026-08-04T18:32:36.176Z,0.0,-0.0012143403,0.0,0.15160748,0,0,0,0,0.042172752,0.006369767,0.012752145,0.054766584,,minecraft:stained_hardened_clay
922,2026-08-04T18:32:36.227Z,0.0,-0.017785858,0.0,0.08674847,0,0,0,0,0.046748627,0.005764085,0.012015198,0.052995484,,minecraft:stained_hardened_clay
923,2026-08-04T18:32:36.278Z,0.0,0.009565577,0.0,-1.7501414e-05,0,0,0,0,0.068142764,0.0058453144,0.012143011,0.06134107,,minecraft:stained_hardened_clay
924,2026-08-04T18:32:36.326Z,0.0,0.0361975,0.0,-0.073587686,0,0,0,0,0.074684784,0.0063454006,0.013002878,0.06636064,,minecraft:stained_hardened_clay
925,2026-08-04T18:32:36.376Z,0.0,0.036972255,0.0,0.079856254,1,0,0,0,0.18153366,0.0064703957,0.012269264,0.086029775,,minecraft:stained_hardened_clay
926,2026-08-04T18:32:36.425Z,0.0,0.017357364,0.0,0.06359067,1,0,0,0,0.66354275,0.0049696323,0.009095724,0.10832219,,minecraft:stained_hardened_clay
927,2026-08-04T18:32:36.476Z,0.0,0.017167352,0.0,-0.31172466,1,0,0,0,0.7695035,0.0023783806,0.005555921,0.07276071,,minecraft:stained_hardened_clay
928,2026-08-04T18:32:36.525Z,0.0,0.00026798993,0.0,-0.310436,1,0,0,0,0.79375446,0.0014838129,0.00394667,0.054024935,,minecraft:stained_hardened_clay
929,2026-08-04T18:32:36.575Z,0.0,-0.0194568,0.0,0.029947393,1,0,0,0,0.8078515,0.0013108779,0.0034128712,0.056483652,,minecraft:stained_hardened_clay
930,2026-08-04T18:32:36.626Z,0.0,-0.012562633,0.0,0.35796174,1,0,0,0,0.78936803,0.0012771112,0.0032190417,0.05547656,,minecraft:stained_hardened_clay
931,2026-08-04T18:32:36.675Z,0.0,0.0075200796,0.0,0.48384067,1,0,0,0,0.6459839,0.0014074992,0.0035014532,0.054936636,,minecraft:stained_hardened_clay
932,2026-08-04T18:32:36.726Z,0.0,0.035163283,0.0,0.23172012,1,0,0,0,0.36704668,0.0015915987,0.0040313364,0.04785736,,minecraft:stained_hardened_clay
933,2026-08-04T18:32:36.774Z,0.0,0.05793973,0.0,0.007202409,0,0,0,0,0.15314503,0.0018563078,0.0047338814,0.040049907,,minecraft:stained_hardened_clay
934,2026-08-04T18:32:36.825Z,-1.1303406,0.07000006,0.94195557,-0.050469726,0,0,0,0,0.06467947,0.002236033,0.0055356896,0.034920696,,minecraft:stained_hardened_clay
935,2026-08-04T18:32:36.874Z,-0.18838501,0.07905882,0.28258514,-0.08388028,0,0,0,0,0.02441514,0.0027694153,0.0068117594,0.03026171,,minecraft:stained_hardened_clay
936,2026-08-04T18:32:36.924Z,0.0,0.035959244,0.0,-0.38916028,0,0,0,0,0.0069659716,0.0017338152,0.005001466,0.0098722465,,minecraft:stained_hardened_clay
937,2026-08-04T18:32:36.976Z,0.0,0.03835252,0.0,-0.15319216,0,0,0,0,0.002922866,0.0013958844,0.004179739,0.0059722313,,minecraft:stained_hardened_clay
938,2026-08-04T18:32:37.024Z,0.0,0.031150952,0.0,0.03437487,0,0,0,0,0.0021155353,0.0013060606,0.0038470551,0.005050448,,minecraft:stained_hardened_clay
939,2026-08-04T18:32:37.074Z,0.0,0.034945197,0.0,0.07216828,0,0,0,0,0.001982767,0.0012701965,0.0037383724,0.004766456,,minecraft:stained_hardened_clay
940,2026-08-04T18:32:37.124Z,0.0,0.043571346,0.0,0.039692126,0,0,0,0,0.002031776,0.0012605812,0.0037510828,0.0046362136,,minecraft:stained_hardened_clay
941,2026-08-04T18:32:37.175Z,0.0,0.051348522,0.0,-0.009714149,0,0,0,0,0.0021593072,0.0012611265,0.0038020264,0.004585441,,minecraft:stained_hardened_clay
942,2026-08-04T18:32:37.224Z,0.18839264,0.055568032,0.84775925,-0.04227056,0,0,0,0,0.0023575758,0.0012676397,0.003843296,0.004617293,,minecraft:stained_hardened_clay
943,2026-08-04T18:32:37.274Z,0.0,0.056920104,1.2245445,-0.057579856,0,0,0,0,0.0026243324,0.0012731609,0.0038623947,0.004698881,,minecraft:stained_hardened_clay
944,2026-08-04T18:32:37.325Z,-0.094192505,0.08481831,1.8839111,-0.27326313,0,0,0,0,0.002674711,0.0012723191,0.004178038,0.004703747,,minecraft:stained_hardened_clay
945,2026-08-04T18:32:37.375Z,0.2825775,0.14598536,-0.28258896,-0.52269906,0,0,0,0,0.003900669,0.0016029655,0.005490248,0.006699168,,minecraft:stained_hardened_clay
946,2026-08-04T18:32:37.424Z,0.28258514,0.15195397,-0.28258896,-0.655623,0,0,0,0,0.008006819,0.0019920773,0.006274485,0.008729645,,minecraft:stained_hardened_clay
947,2026-08-04T18:32:37.474Z,0.0,0.1469957,0.0,-0.57448566,0,0,0,0,0.021652043,0.002147657,0.0060290177,0.012300752,,minecraft:stained_hardened_clay
948,2026-08-04T18:32:37.525Z,-0.5651779,0.15384111,-3.7677917,-0.6604062,0,0,0,0,0.033784475,0.0020061259,0.0056811315,0.01343355,,minecraft:stained_hardened_clay
949,2026-08-04T18:32:37.575Z,-0.18838501,0.15149727,-0.6593628,-0.44645298,0,0,0,0,0.04949056,0.0016431207,0.0047002453,0.014479465,,minecraft:stained_hardened_clay
950,2026-08-04T18:32:37.625Z,0.0,0.16342467,0.0,-0.358438,0,0,0,0,0.06452867,0.0014591898,0.0041809194,0.014811853,,minecraft:stained_hardened_clay
951,2026-08-04T18:32:37.675Z,-0.18839264,0.1670317,2.6374588,-0.30624408,0,0,0,0,0.08621387,0.0013090819,0.0037486514,0.015377885,,minecraft:stained_hardened_clay
952,2026-08-04T18:32:37.725Z,0.0,0.16829535,0.28258514,-0.3524156,0,0,0,0,0.105492264,0.0011935016,0.0034903998,0.015603638,,minecraft:stained_hardened_clay
953,2026-08-04T18:32:37.775Z,0.0,0.14849123,0.0,-0.30381,0,0,0,0,0.12834711,0.0010877278,0.0032788788,0.0138768945,,minecraft:stained_hardened_clay
954,2026-08-04T18:32:37.825Z,0.28258514,0.14781293,0.37678146,-0.0349534,0,0,0,0,0.11945688,0.000999674,0.0029643814,0.012750176,,minecraft:stained_hardened_clay
955,2026-08-04T18:32:37.874Z,0.0,0.14072311,0.0,0.3139565,0,0,0,0,0.117573,0.0010241951,0.002816372,0.012549115,,minecraft:stained_hardened_clay
956,2026-08-04T18:32:37.924Z,0.0,0.13784638,0.0,0.664234,0,0,0,0,0.12429633,0.0010532647,0.0026637437,0.012807209,,minecraft:stained_hardened_clay
957,2026-08-04T18:32:37.975Z,0.0,0.14202854,0.0,2.0955791,1,0,0,0,0.7976251,0.0011843189,0.0020314588,0.0398926,,minecraft:stained_hardened_clay
958,2026-08-04T18:32:38.025Z,-0.47097015,0.1302146,2.4490738,3.132861,1,0,0,0,0.9803923,0.0009292663,0.0013283538,0.09236306,,minecraft:stained_hardened_clay
959,2026-08-04T18:32:38.074Z,-0.37678528,0.0830769,3.014248,3.4920056,1,0,0,0,0.9918538,0.00068440806,0.0010236235,0.107798494,,minecraft:stained_hardened_clay
960,2026-08-04T18:32:38.124Z,-0.37677765,0.05861888,7.064621,3.3963516,1,0,0,0,0.99389607,0.0006230786,0.0009822208,0.115840025,,minecraft:stained_hardened_clay
961,2026-08-04T18:32:38.174Z,1.6955109,0.044270433,4.6155396,3.052898,1,0,0,0,0.9949792,0.0006206837,0.0010302883,0.12569258,,minecraft:stained_hardened_clay
962,2026-08-04T18:32:38.224Z,0.0,0.04812918,0.18838501,2.3711476,1,0,0,0,0.99543744,0.00058406097,0.0010846035,0.13028613,,minecraft:stained_hardened_clay
963,2026-08-04T18:32:38.274Z,0.0,0.047504485,0.0,1.7174759,1,0,0,0,0.9955071,0.0005480162,0.0011520891,0.12740998,,minecraft:stained_hardened_clay
964,2026-08-04T18:32:38.324Z,0.0,0.03496954,0.0,1.2479676,1,0,0,0,0.995378,0.00051520654,0.0012068052,0.122120276,,minecraft:stained_hardened_clay
965,2026-08-04T18:32:38.374Z,0.0,0.017902263,0.0,1.094741,1,0,0,0,0.995876,0.0005195039,0.001264481,0.12819225,,minecraft:stained_hardened_clay
966,2026-08-04T18:32:38.424Z,-0.7535553,-0.00756111,3.2968063,1.1181,1,0,0,0,0.9971046,0.00049408706,0.0012190591,0.13933827,,minecraft:stained_hardened_clay
967,2026-08-04T18:32:38.475Z,0.0,-0.015348457,2.5432434,0.87276,1,0,0,0,0.99704903,0.0004839976,0.0012790206,0.13871957,,minecraft:stained_hardened_clay
968,2026-08-04T18:32:38.525Z,0.18838501,-0.018414445,0.565155,0.580872,1,0,0,0,0.9967326,0.00048088178,0.0013528693,0.13502248,,minecraft:stained_hardened_clay
969,2026-08-04T18:32:38.575Z,-0.37678528,-0.037864186,1.8838882,0.38810262,1,0,0,1,0.9970291,0.0005178731,0.0015350431,0.15204549,minecraft:stained_hardened_clay,minecraft:stained_hardened_clay
970,2026-08-04T18:32:38.625Z,0.0,-0.0010055304,0.094192505,-1.0305803,1,0,0,0,0.9941018,0.0005197545,0.0020531027,0.12955905,,minecraft:stained_hardened_clay
971,2026-08-04T18:32:38.674Z,-1.0361557,0.043033168,-7.158821,-1.3711003,1,0,0,0,0.99441916,0.0005653886,0.002371084,0.12978128,,minecraft:stained_hardened_clay
972,2026-08-04T18:32:38.724Z,-0.094192505,0.05987812,-8.289162,-1.4755558,1,0,0,1,0.9926725,0.000590928,0.002492582,0.11101517,minecraft:stained_hardened_clay,minecraft:stained_hardened_clay
973,2026-08-04T18:32:38.775Z,0.0,0.029301375,0.0,-0.10084263,1,0,0,0,0.99416465,0.000582915,0.001903376,0.10898576,,minecraft:stained_hardened_clay
974,2026-08-04T18:32:38.825Z,0.7535629,-0.0034024864,1.130333,1.3616563,1,0,0,0,0.99612904,0.0005505652,0.0013728583,0.118574165,,minecraft:stained_hardened_clay
975,2026-08-04T18:32:38.874Z,1.4129257,-0.03965189,7.629799,2.2523131,1,0,0,0,0.9973194,0.00049299555,0.0010651727,0.1371344,,minecraft:stained_hardened_clay
976,2026-08-04T18:32:38.925Z,0.47097015,-0.051621266,2.4490585,2.071211,1,0,0,1,0.9977889,0.00046430176,0.001051396,0.15266292,minecraft:stained_hardened_clay,minecraft:stained_hardened_clay
977,2026-08-04T18:32:38.974Z,0.37677765,-0.05664078,1.8838882,1.3518013,1,0,0,0,0.99790835,0.00047561692,0.0012190384,0.16368012,,minecraft:stained_hardened_clay
978,2026-08-04T18:32:39.024Z,-0.094192505,-0.056946095,2.6374283,0.66139275,1,0,0,0,0.9977857,0.0005034918,0.0014436658,0.16761702,,minecraft:stained_hardened_clay
979,2026-08-04T18:32:39.074Z,-0.18839264,-0.049838405,1.2245331,0.0044277757,1,0,0,0,0.99723023,0.0005262483,0.001751661,0.16466321,,minecraft:stained_hardened_clay
980,2026-08-04T18:32:39.125Z,0.0,-0.030583791,0.094192505,-0.53910315,1,0,0,0,0.99622166,0.0005541423,0.0020407836,0.15455857,,minecraft:stained_hardened_clay
981,2026-08-04T18:32:39.175Z,-1.2245331,-0.018583853,3.2465973,-0.8090402,1,0,0,1,0.9953685,0.00057939405,0.0021504806,0.13913323,minecraft:stained_hardened_clay,minecraft:stained_hardened_clay
982,2026-08-04T18:32:39.224Z,-0.18839264,-0.03422462,0.0,-0.31191316,1,0,0,0,0.9964036,0.00061828905,0.0022003548,0.15898393,,minecraft:stained_hardened_clay
983,2026-08-04T18:32:39.274Z,0.0,-0.025473751,-0.65934753,-0.037550934,1,0,0,0,0.9969393,0.00062129035,0.0021242688,0.16989301,,minecraft:stained_hardened_clay
984,2026-08-04T18:32:39.325Z,0.0,-0.064931676,-0.2825775,0.02763965,1,0,0,1,0.997537,0.000597611,0.0021058726,0.18971474,minecraft:stained_hardened_clay,minecraft:stained_hardened_clay
985,2026-08-04T18:32:39.374Z,-0.37677765,0.0036452338,0.94192505,-1.0971197,1,0,0,0,0.99638546,0.000759092,0.0031153755,0.19416589,,minecraft:stained_hardened_clay
986,2026-08-04T18:32:39.425Z,0.84776306,0.03467135,-4.5213547,-1.493575,1,0,0,0,0.9962572,0.0008458606,0.0036816227,0.19773391,,minecraft:stained_hardened_clay
987,2026-08-04T18:32:39.474Z,2.166504,0.07303815,-17.614433,-2.1626952,1,0,0,0,0.99328434,0.000910406,0.0045096898,0.1668329,,minecraft:stained_hardened_clay
988,2026-08-04T18:32:39.525Z,0.9419403,0.06742383,-3.108429,-1.5382417,1,0,0,1,0.9869039,0.0009106507,0.0037724266,0.12353786,minecraft:stained_hardened_clay,minecraft:stained_hardened_clay
989,2026-08-04T18:32:39.575Z,0.28258514,0.02087862,2.5432663,0.24807721,1,0,0,0,0.9891292,0.0008447245,0.0025303662,0.11663302,,minecraft:stained_hardened_clay
990,2026-08-04T18:32:39.624Z,-3.5794144,-0.03316317,13.752464,2.1417422,1,0,0,0,0.996236,0.00072578964,0.0015530896,0.16120198,,minecraft:stained_hardened_clay
991,2026-08-04T18:32:39.675Z,1.0361557,-0.053326447,8.948486,2.3077579,1,0,0,1,0.9975432,0.0005754714,0.0012778947,0.18121938,minecraft:stained_hardened_clay,minecraft:stained_hardened_clay
992,2026-08-04T18:32:39.724Z,0.18838501,-0.043958012,0.0,1.179929,1,0,0,0,0.99763036,0.00061542494,0.0016412172,0.19866893,,minecraft:stained_hardened_clay
993,2026-08-04T18:32:39.774Z,0.6593628,0.00041767955,-3.956192,-0.32271194,1,0,0,0,0.9964275,0.0006855325,0.0023499795,0.18717423,,minecraft:stained_hardened_clay
994,2026-08-04T18:32:39.825Z,0.0,0.03558664,-0.47097015,-2.064531,1,0,0,1,0.98878014,0.00076438196,0.0036656463,0.14629242,minecraft:stained_hardened_clay,minecraft:stained_hardened_clay
995,2026-08-04T18:32:39.874Z,1.2245483,0.061026923,-9.513672,-3.6187983,1,0,0,0,0.9232336,0.0007422376,0.0050726673,0.06743171,,minecraft:stained_hardened_clay
996,2026-08-04T18:32:39.924Z,0.7535629,0.06562077,-13.658253,-2.9332383,1,0,0,0,0.9314572,0.0010281139,0.006143307,0.066124134,,minecraft:stained_hardened_clay
997,2026-08-04T18:32:39.974Z,0.0,0.036755167,-0.18838882,-0.5785228,1,0,0,0,0.95631504,0.0011641646,0.0044005974,0.074043594,,minecraft:stained_hardened_clay
998,2026-08-04T18:32:40.024Z,-0.94195557,-0.010330133,4.7097397,2.4322267,1,0,0,0,0.9892371,0.0010123309,0.002010209,0.10504747,,minecraft:stained_hardened_clay
999,2026-08-04T18:32:40.074Z,-4.61557,-0.035912365,7.7240067,3.4427385,1,0,0,0,0.9950164,0.0007342551,0.0012545856,0.13358681,,minecraft:stained_hardened_clay
1000,2026-08-04T18:32:40.124Z,-3.7678146,-0.05152644,7.441414,3.1032028,1,0,0,0,0.9968359,0.0006347579,0.0011957063,0.16162395,,minecraft:stained_hardened_clay
1001,2026-08-04T18:32:40.175Z,0.0,-0.04667294,0.0,2.005775,1,0,0,0,0.9972784,0.0006501148,0.0014184992,0.18285623,,minecraft:stained_hardened_clay
1002,2026-08-04T18:32:40.224Z,0.0,-0.022744775,0.0,0.74095446,1,0,0,0,0.9969561,0.00068505044,0.0018311563,0.18184467,,minecraft:stained_hardened_clay
1003,2026-08-04T18:32:40.274Z,0.0,-0.009079792,0.0,-0.18854704,1,0,0,0,0.9957979,0.0006856769,0.0021648018,0.16473553,,minecraft:stained_hardened_clay
1004,2026-08-04T18:32:40.324Z,0.0,-0.0026965812,0.0,-0.5753012,1,0,0,0,0.9943299,0.0006732316,0.0022986126,0.14513774,,minecraft:stained_hardened_clay
1005,2026-08-04T18:32:40.375Z,3.7677917,0.014175892,-6.6878433,-1.0405215,1,0,0,0,0.99051684,0.00063872716,0.0024253065,0.11516315,,minecraft:stained_hardened_clay
1006,2026-08-04T18:32:40.424Z,0.47097015,0.016808555,-1.0361328,-1.2168497,1,0,0,1,0.9860555,0.00063580595,0.002544898,0.10021884,minecraft:stained_hardened_clay,minecraft:stained_hardened_clay
1007,2026-08-04T18:32:40.474Z,0.0,0.032561436,0.0,-1.8523617,1,0,0,0,0.9715939,0.0006930266,0.0033518267,0.08249255,,minecraft:stained_hardened_clay
1008,2026-08-04T18:32:40.524Z,0.0,0.028311737,-0.47097015,-1.1043963,1,0,0,0,0.98893005,0.0009192278,0.0034927092,0.12643182,,minecraft:stained_hardened_clay
1009,2026-08-04T18:32:40.575Z,4.42717,0.06896069,-15.3537445,-1.8999743,1,0,0,0,0.9754014,0.00074242544,0.0036601436,0.08381886,,minecraft:stained_hardened_clay
1010,2026-08-04T18:32:40.625Z,0.47097778,0.07577818,-3.2968254,-1.5342779,1,0,0,0,0.9510379,0.0007177862,0.0034202244,0.055694852,,minecraft:stained_hardened_clay
1011,2026-08-04T18:32:40.673Z,0.094192505,0.04119183,0.0,-0.0013238266,1,0,0,0,0.95278937,0.00071085227,0.002576967,0.05042875,,minecraft:stained_hardened_clay
1012,2026-08-04T18:32:40.725Z,-1.2245331,-0.0021531656,3.6735992,1.6539084,1,0,0,0,0.9735901,0.000691611,0.0017824306,0.05903512,,minecraft:stained_hardened_clay
1013,2026-08-04T18:32:40.773Z,-1.6955185,-0.036218304,6.6878395,2.7505813,1,0,0,0,0.98901653,0.0006885766,0.0013666376,0.08382027,,minecraft:stained_hardened_clay
1014,2026-08-04T18:32:40.823Z,-0.094192505,-0.034249555,0.37677002,2.6709146,1,0,0,0,0.9926899,0.0006478022,0.0012875048,0.0999396,,minecraft:stained_hardened_clay
1015,2026-08-04T18:32:40.875Z,-0.6593628,-0.024944525,3.2026215,2.1542792,1,0,0,0,0.9937703,0.00061347627,0.0013277611,0.1088962,,minecraft:stained_hardened_clay
1016,2026-08-04T18:32:40.924Z,0.0,-0.02153172,3.767784,1.6786298,1,0,0,0,0.99141425,0.00060853624,0.001456583,0.103592485,,minecraft:stained_hardened_clay
1017,2026-08-04T18:32:40.974Z,-0.9419403,-0.020408228,2.920021,1.4918083,1,0,0,0,0.99168783,0.0006077894,0.0014774863,0.107886784,,minecraft:stained_hardened_clay
1018,2026-08-04T18:32:41.024Z,-1.130333,-0.016696334,3.2026215,1.3157642,1,0,0,0,0.99257797,0.0006139469,0.0015168887,0.11658101,,minecraft:stained_hardened_clay
1019,2026-08-04T18:32:41.074Z,-0.47097778,-0.027274154,2.3548584,1.0727642,1,0,0,1,0.99531895,0.000674473,0.0016848961,0.1492769,minecraft:stained_hardened_clay,minecraft:stained_hardened_clay
1020,2026-08-04T18:32:41.123Z,0.28258514,-0.009475604,-3.108429,-0.45633903,1,0,0,0,0.99289906,0.000687417,0.0023060376,0.13973328,,minecraft:stained_hardened_clay
1021,2026-08-04T18:32:41.173Z,-0.6593704,0.08767574,-12.339531,-3.071923,1,0,0,0,0.95849603,0.0006609679,0.0038954534,0.07668323,,minecraft:stained_hardened_clay
1022,2026-08-04T18:32:41.224Z,1.6955261,0.07246446,-12.056934,-3.3465347,1,0,0,1,0.9341839,0.00084405096,0.00524563,0.06587651,minecraft:stained_hardened_clay,minecraft:stained_hardened_clay
1023,2026-08-04T18:32:41.274Z,0.6593628,0.075768866,-2.0722961,-2.3116121,1,0,0,0,0.92216057,0.0009835552,0.0052760905,0.059023853,,minecraft:stained_hardened_clay
1024,2026-08-04T18:32:41.324Z,0.0,0.03848385,0.0,-0.06914173,1,0,0,0,0.95172966,0.0008521338,0.0030041246,0.05400514,,minecraft:stained_hardened_clay
1025,2026-08-04T18:32:41.374Z,0.0,-0.01060142,1.0361443,1.9573281,1,0,0,0,0.9791886,0.00070311665,0.0016633327,0.062128,,minecraft:stained_hardened_clay
1026,2026-08-04T18:32:41.424Z,0.94195557,-0.05211899,6.0284653,3.1157668,1,0,0,0,0.9919497,0.000656855,0.0011922045,0.0880064,,minecraft:stained_hardened_clay
1027,2026-08-04T18:32:41.475Z,-1.5071259,-0.036744915,5.086525,2.6892247,1,0,0,0,0.9947642,0.00065587036,0.0012426293,0.1145429,,minecraft:stained_hardened_clay
1028,2026-08-04T18:32:41.524Z,-0.37677765,-0.014040675,2.637436,1.7385226,1,0,0,0,0.99478877,0.00064484763,0.0014280111,0.11815881,,minecraft:stained_hardened_clay
1029,2026-08-04T18:32:41.573Z,-1.9781036,-0.015366226,9.136917,1.4993747,1,0,0,0,0.99573225,0.00063693104,0.0014526912,0.12882026,,minecraft:stained_hardened_clay
1030,2026-08-04T18:32:41.624Z,0.37677002,-0.022880781,9.419502,1.599403,1,0,0,0,0.9968352,0.0006293389,0.0014402822,0.15160196,,minecraft:stained_hardened_clay
1031,2026-08-04T18:32:41.674Z,11.1150055,-0.0052449927,-7.7240067,1.2705814,1,0,0,0,0.9969261,0.0006013735,0.0014958946,0.15258439,,minecraft:stained_hardened_clay
1032,2026-08-04T18:32:41.723Z,12.056946,0.013212234,-6.028488,0.8408698,1,0,0,0,0.9961479,0.0005963291,0.001639517,0.1400059,,minecraft:stained_hardened_clay
1033,2026-08-04T18:32:41.774Z,4.144577,-0.020412292,1.6013031,1.320073,1,0,0,1,0.9973984,0.00061212655,0.0016479816,0.16780837,minecraft:stained_hardened_clay,minecraft:stained_hardened_clay
1034,2026-08-04T18:32:41.824Z,2.166481,-0.07033024,4.427162,1.8116193,1,0,0,0,0.998108,0.000563825,0.0014281124,0.19162175,,minecraft:stained_hardened_clay
1035,2026-08-04T18:32:41.873Z,1.1303253,-0.12714906,1.1303253,1.5864049,1,0,0,0,0.99815625,0.00058040034,0.0015792729,0.20369694,,minecraft:stained_hardened_clay
1036,2026-08-04T18:32:41.924Z,-4.521347,-0.14395478,3.202629,0.948392,1,0,0,1,0.99810493,0.0006870587,0.0020780356,0.22503878,minecraft:stained_hardened_clay,minecraft:stained_hardened_clay
1037,2026-08-04T18:32:41.974Z,-14.035065,-0.14930895,8.194992,0.8124401,1,0,0,0,0.9982468,0.0007540243,0.002351268,0.24478078,,minecraft:stained_hardened_clay
1038,2026-08-04T18:32:42.024Z,-11.3033905,-0.05987799,-2.5432587,-0.26472643,1,0,0,0,0.9980205,0.0007955699,0.0028244052,0.23856717,,minecraft:stained_hardened_clay
1039,2026-08-04T18:32:42.074Z,-12.622124,-0.012719154,-6.2168655,-0.88220793,1,0,0,0,0.997498,0.00087414525,0.003442719,0.24016951,,minecraft:stained_hardened_clay
1040,2026-08-04T18:32:42.124Z,-9.231125,0.037915766,2.825859,-1.3973726,1,0,0,1,0.9965848,0.0009525846,0.0040441826,0.23010589,minecraft:stained_hardened_clay,minecraft:stained_hardened_clay
1041,2026-08-04T18:32:42.174Z,-0.6593704,0.06601625,0.18839264,-1.6647254,1,0,0,0,0.99566686,0.0010180426,0.004516185,0.21965408,,minecraft:stained_hardened_clay
1042,2026-08-04T18:32:42.223Z,0.8477478,0.08382984,-1.4129105,-1.8256271,1,0,0,0,0.9946791,0.0010639385,0.0048703006,0.208412,,minecraft:stained_hardened_clay
1043,2026-08-04T18:32:42.274Z,0.0,0.063375495,0.0,-1.5121504,1,0,0,1,0.99510103,0.0011012077,0.004789734,0.21602173,minecraft:stained_hardened_clay,minecraft:stained_hardened_clay
1044,2026-08-04T18:32:42.324Z,0.47097778,0.07875676,-4.615555,-1.6897541,1,0,0,0,0.9947284,0.0011087328,0.0049428423,0.20976117,,minecraft:stained_hardened_clay
1045,2026-08-04T18:32:42.373Z,-1.412941,0.12143194,-16.107323,-2.9957926,1,0,0,0,0.98257023,0.0011204446,0.0061138216,0.14569716,,minecraft:stained_hardened_clay
1046,2026-08-04T18:32:42.426Z,2.3548737,0.100115515,-4.615547,-3.3167746,1,0,0,1,0.94993734,0.0011298023,0.00692866,0.09406857,minecraft:stained_hardened_clay,minecraft:stained_hardened_clay
1047,2026-08-04T18:32:42.476Z,4.050392,0.14659014,-1.507122,-2.3111856,1,0,0,0,0.978873,0.0013338939,0.006633058,0.12901752,,minecraft:stained_hardened_clay
1048,2026-08-04T18:32:42.523Z,6.0284805,0.14082131,-2.8258438,-1.5950805,1,0,0,0,0.98405355,0.0012711429,0.005706662,0.13676609,,minecraft:stained_hardened_clay
1049,2026-08-04T18:32:42.574Z,3.2026138,0.14924157,-2.0722961,-1.5382545,1,0,0,0,0.9700735,0.00091485516,0.0043378607,0.081495374,,minecraft:stained_hardened_clay
1050,2026-08-04T18:32:42.623Z,0.18838501,0.15592825,-0.09419632,-1.4982457,1,0,0,0,0.9484224,0.00079585693,0.0038912871,0.058837235,,minecraft:stained_hardened_clay
1051,2026-08-04T18:32:42.673Z,0.0,0.14766225,0.0,-1.2755802,1,0,0,0,0.9362831,0.0007376471,0.0035547393,0.050324425,,minecraft:stained_hardened_clay
1052,2026-08-04T18:32:42.724Z,0.18838501,0.1396612,-0.09419632,-1.0097525,0,0,0,0,0.93375987,0.00069168257,0.003228037,0.046431348,,minecraft:stained_hardened_clay
1053,2026-08-04T18:32:42.773Z,6.216858,0.15438032,-2.2606735,-0.5668614,0,0,0,0,0.9394406,0.00069886784,0.0030221818,0.048399124,,minecraft:stained_hardened_clay
1054,2026-08-04T18:32:42.825Z,4.238762,0.14731684,-1.4129257,-0.26774192,0,0,0,0,0.93872017,0.0007038155,0.0028685424,0.048902735,,minecraft:stained_hardened_clay
1055,2026-08-04T18:32:42.874Z,2.6374512,0.14814687,-1.1303482,-0.71874994,0,0,0,0,0.8867456,0.00071159675,0.003243376,0.040506948,,minecraft:stained_hardened_clay
1056,2026-08-04T18:32:42.924Z,0.7535553,0.13310874,-0.37678146,-0.890608,0,0,0,0,0.82101953,0.0007803664,0.0036889846,0.035193145,,minecraft:stained_hardened_clay
1057,2026-08-04T18:32:42.974Z,-0.56516266,0.12235623,0.37677765,0.44664106,1,0,0,0,0.9500608,0.0009770665,0.0032082852,0.060948398,,minecraft:stained_hardened_clay
1058,2026-08-04T18:32:43.025Z,-5.274925,0.08478134,7.158802,1.5102717,1,0,0,0,0.9900309,0.0011558915,0.0028261244,0.13324061,,minecraft:stained_hardened_clay
1059,2026-08-04T18:32:43.073Z,-3.2968292,0.026293702,8.100758,2.500404,1,0,0,0,0.99554944,0.00085214956,0.0018491116,0.1538228,,minecraft:stained_hardened_clay
1060,2026-08-04T18:32:43.123Z,-2.9200745,-0.015969798,13.093117,2.9633787,1,0,0,0,0.9974323,0.00062870793,0.0013067555,0.17753999,,minecraft:stained_hardened_clay
1061,2026-08-04T18:32:43.174Z,-0.094192505,-0.033905275,4.3329697,2.3068495,1,0,0,1,0.9980432,0.00053925964,0.0012807515,0.19208509,minecraft:stained_hardened_clay,minecraft:stained_hardened_clay
1062,2026-08-04T18:32:43.223Z,0.094192505,-0.05287759,0.2825775,1.2262962,1,0,0,0,0.99831307,0.0005393868,0.0015179617,0.20375262,,minecraft:stained_hardened_clay
1063,2026-08-04T18:32:43.274Z,-1.695488,-0.033157162,0.0,0.18447182,1,0,0,0,0.99815995,0.00058332295,0.001939565,0.20108357,,minecraft:stained_hardened_clay
1064,2026-08-04T18:32:43.323Z,-6.876259,-0.016361028,0.6593704,-0.45085087,1,0,0,1,0.9978314,0.000623222,0.0022966322,0.19070238,minecraft:stained_hardened_clay,minecraft:stained_hardened_clay
1065,2026-08-04T18:32:43.374Z,-0.47097015,0.043129608,-9.23111,-1.3639258,1,0,0,0,0.9951963,0.00063845137,0.002759817,0.14526287,,minecraft:stained_hardened_clay
1066,2026-08-04T18:32:43.423Z,0.18839264,0.10889555,-6.405258,-2.4210258,1,0,0,0,0.9805448,0.0005803511,0.003230915,0.08453096,,minecraft:stained_hardened_clay
1067,2026-08-04T18:32:43.475Z,-0.37677765,0.094008766,0.6593628,-0.8013144,1,0,0,1,0.9950717,0.0008673584,0.0033972675,0.14230925,minecraft:stained_hardened_clay,minecraft:stained_hardened_clay
1068,2026-08-04T18:32:43.524Z,-1.2245331,0.02234742,3.3909988,0.7759019,1,0,0,0,0.997547,0.00078876375,0.0024264825,0.17838056,,minecraft:stained_hardened_clay
1069,2026-08-04T18:32:43.574Z,0.094192505,-0.016640794,1.2245026,1.4696581,1,0,0,0,0.9981553,0.00058930984,0.0016292554,0.18320517,,minecraft:stained_hardened_clay
1070,2026-08-04T18:32:43.623Z,-1.9780884,-0.034549873,2.354866,1.5895879,1,0,0,1,0.9983896,0.00051634584,0.0013946401,0.18913414,minecraft:stained_hardened_clay,minecraft:stained_hardened_clay
1071,2026-08-04T18:32:43.674Z,-2.4490662,-0.02984612,3.391014,0.767554,1,0,0,0,0.99832124,0.0005551068,0.0017261435,0.19449805,,minecraft:stained_hardened_clay
1072,2026-08-04T18:32:43.724Z,-0.2825775,0.0049039125,0.56516266,-0.21057257,1,0,0,0,0.9979761,0.00059713045,0.0021758117,0.18581787,,minecraft:stained_hardened_clay
1073,2026-08-04T18:32:43.773Z,0.18838501,0.027166821,0.565155,-0.7022746,1,0,0,0,0.9975235,0.00061483635,0.0024543724,0.17211173,,minecraft:stained_hardened_clay
1074,2026-08-04T18:32:43.824Z,0.0,0.010818414,0.0,0.056997426,1,0,0,1,0.99797446,0.0005527265,0.0019169407,0.17654777,minecraft:stained_hardened_clay,minecraft:stained_hardened_clay
1075,2026-08-04T18:32:43.873Z,0.0,0.004642211,0.0,0.10054705,1,0,0,0,0.9979348,0.0005558724,0.0018977708,0.18335445,,minecraft:stained_hardened_clay
1076,2026-08-04T18:32:43.923Z,0.47096252,0.024297424,-0.37677002,-0.31598228,1,0,0,0,0.9976025,0.00058222626,0.00212753,0.18046722,,minecraft:stained_hardened_clay
1077,2026-08-04T18:32:43.974Z,1.883873,0.019308686,-0.37677765,-0.19860762,1,0,0,1,0.9979139,0.000630099,0.0023337556,0.19769491,minecraft:stained_hardened_clay,minecraft:stained_hardened_clay
1078,2026-08-04T18:32:44.025Z,12.622124,0.051594652,-4.8039703,-0.46149072,1,0,0,0,0.9973597,0.00066096574,0.002551882,0.19153562,,minecraft:stained_hardened_clay
1079,2026-08-04T18:32:44.075Z,9.231117,0.10061791,-5.74588,-0.8216815,1,0,0,0,0.99654716,0.00066386024,0.002599183,0.16426654,,minecraft:stained_hardened_clay
1080,2026-08-04T18:32:44.125Z,-1.0361328,0.08655626,2.3548737,-0.36328667,1,0,0,0,0.9962011,0.00067167426,0.0023898464,0.1514252,,minecraft:stained_hardened_clay
1081,2026-08-04T18:32:44.175Z,-1.0361481,0.047291495,5.463318,0.6791017,1,0,0,0,0.9971312,0.0006244096,0.0018568682,0.15969664,,minecraft:stained_hardened_clay
1082,2026-08-04T18:32:44.223Z,3.7677917,0.017888255,0.18838501,1.0894156,1,0,0,0,0.9975891,0.00056485104,0.0015861336,0.16740885,,minecraft:stained_hardened_clay
1083,2026-08-04T18:32:44.274Z,3.2968216,0.01573351,-0.94194794,0.800908,1,0,0,0,0.99767727,0.000552933,0.0016321345,0.17103343,,minecraft:stained_hardened_clay
1084,2026-08-04T18:32:44.324Z,0.0,0.02508498,0.0,0.35117477,1,0,0,0,0.99754375,0.0005627437,0.0017858094,0.16923244,,minecraft:stained_hardened_clay
1085,2026-08-04T18:32:44.374Z,-0.47097015,0.025706194,0.9419403,0.085465245,1,0,0,0,0.99690646,0.0005979002,0.0019967528,0.16406949,,minecraft:stained_hardened_clay
1086,2026-08-04T18:32:44.424Z,-0.2825775,0.019883245,2.1664581,0.29877475,1,0,0,0,0.9969522,0.0005941126,0.0018918872,0.16354163,,minecraft:stained_hardened_clay
1087,2026-08-04T18:32:44.474Z,0.65935516,0.016470596,0.94192505,0.48096666,1,0,0,0,0.99740976,0.0005520723,0.001695582,0.16396783,,minecraft:stained_hardened_clay
1088,2026-08-04T18:32:44.524Z,0.2825775,0.016667046,0.0,0.22575688,1,0,0,0,0.9968131,0.00058562367,0.0018940666,0.16174623,,minecraft:stained_hardened_clay
1089,2026-08-04T18:32:44.575Z,0.0,0.01855091,0.0,0.10075093,1,0,0,0,0.99650395,0.00058987184,0.0019247406,0.15703137,,minecraft:stained_hardened_clay
1090,2026-08-04T18:32:44.624Z,0.0,0.0230036,0.0,-0.75111806,1,0,0,0,0.9939948,0.0005959854,0.00229158,0.12194951,,minecraft:stained_hardened_clay
1091,2026-08-04T18:32:44.673Z,0.0,0.004378721,0.0,-0.60461223,0,0,0,0,0.9922645,0.00064373383,0.0023401792,0.12109236,,minecraft:stained_hardened_clay
1092,2026-08-04T18:32:44.723Z,0.0,0.015218511,0.0,-0.4352381,0,0,0,0,0.99231917,0.0006244635,0.0022215026,0.11993839,,minecraft:stained_hardened_clay
1093,2026-08-04T18:32:44.774Z,0.0,0.011808373,0.0,0.040798746,0,0,0,0,0.99545527,0.0006444738,0.0022103873,0.14941199,,minecraft:stained_hardened_clay
1094,2026-08-04T18:32:44.824Z,0.0,0.06657121,-0.18838501,-0.9804336,0,0,0,0,0.9926891,0.0007080194,0.0027750572,0.14581195,,minecraft:stained_hardened_clay
1095,2026-08-04T18:32:44.875Z,-0.84775543,0.09495022,-4.0503693,-2.04001,0,0,0,0,0.97284317,0.00074310636,0.003735963,0.09420835,,minecraft:stained_hardened_clay
1096,2026-08-04T18:32:44.924Z,-0.2825775,0.04522741,-0.65935516,-1.9614352,0,0,0,0,0.8483271,0.00085322576,0.004646574,0.051797166,,minecraft:stained_hardened_clay
1097,2026-08-04T18:32:44.973Z,0.0,-0.0040014833,0.0,-0.39500546,1,0,0,0,0.91171324,0.0010852463,0.0040526767,0.068033114,,minecraft:stained_hardened_clay
1098,2026-08-04T18:32:45.024Z,0.0,-0.020009197,0.0,0.22211567,1,0,0,0,0.9332072,0.0010447627,0.0034083964,0.0759624,,minecraft:stained_hardened_clay
1099,2026-08-04T18:32:45.074Z,-3.4852142,-0.053925123,-4.615547,-0.62453276,1,0,0,0,0.7875747,0.00077900593,0.0033307548,0.04019957,,minecraft:stained_hardened_clay
1100,2026-08-04T18:32:45.125Z,-5.4633102,-0.097449064,-3.6736107,-1.2115743,0,0,0,0,0.4086491,0.0008119708,0.00410219,0.02340284,,minecraft:stained_hardened_clay
1101,2026-08-04T18:32:45.173Z,-0.18838501,-0.14854103,-0.09419632,-1.2104533,0,0,0,0,0.176326,0.0010346436,0.0051560826,0.017917598,,minecraft:stained_hardened_clay
1102,2026-08-04T18:32:45.225Z,0.0,-0.1817711,0.0,-1.0947014,0,0,0,0,0.08993238,0.001335055,0.006259091,0.016181154,,minecraft:stained_hardened_clay
1103,2026-08-04T18:32:45.273Z,3.767784,-0.18711895,-1.4129257,-1.0826734,0,0,0,0,0.057788376,0.0016172567,0.00737991,0.015356961,,minecraft:stained_hardened_clay
1104,2026-08-04T18:32:45.324Z,1.0361328,-0.183969,-0.84776306,-1.1190302,0,0,0,0,0.043869343,0.0018765854,0.008471822,0.014995612,,minecraft:stained_hardened_clay
1105,2026-08-04T18:32:45.374Z,0.18838501,-0.16222638,-0.18839264,-1.0289756,0,0,0,0,0.027476514,0.002033669,0.008869066,0.012565611,,minecraft:stained_hardened_clay
1106,2026-08-04T18:32:45.424Z,0.0,-0.124875546,0.0,-0.9669153,0,0,0,0,0.021823207,0.0021130766,0.008769143,0.011553226,,minecraft:stained_hardened_clay
1107,2026-08-04T18:32:45.474Z,2.1664734,-0.09711133,-2.260685,-0.93155855,0,0,0,0,0.019012948,0.002136271,0.008643953,0.010863005,,minecraft:stained_hardened_clay
1108,2026-08-04T18:32:45.525Z,1.318718,-0.14582853,-1.9781075,-0.39492953,0,0,0,0,0.11647639,0.0021345578,0.0071665365,0.018515095,,minecraft:stained_hardened_clay
1109,2026-08-04T18:32:45.574Z,-5.27491,-0.1242349,-7.8181686,-0.21795893,1,0,0,0,0.46179435,0.0016230552,0.005576711,0.02807523,,minecraft:stained_hardened_clay
1110,2026-08-04T18:32:45.624Z,-3.391014,-0.09829565,-2.3548698,-0.2577813,1,0,0,0,0.74492335,0.0012080306,0.0044635017,0.03680558,,minecraft:stained_hardened_clay
1111,2026-08-04T18:32:45.674Z,0.7535553,-0.07997026,-0.47097778,0.035591014,1,0,0,0,0.93710166,0.0010319267,0.00349142,0.055031355,,minecraft:stained_hardened_clay
1112,2026-08-04T18:32:45.726Z,0.0,-0.062850036,0.0,-0.047521938,1,0,0,0,0.9686035,0.0008178152,0.002837435,0.06519976,,minecraft:stained_hardened_clay
1113,2026-08-04T18:32:45.774Z,0.0,-0.0020855293,0.0,-0.3689187,1,0,0,0,0.9693496,0.00063987594,0.0023723464,0.054267813,,minecraft:stained_hardened_clay
1114,2026-08-04T18:32:45.826Z,0.0,-0.0038321763,0.0,-0.6050856,1,0,0,0,0.9644296,0.0006233978,0.0024659894,0.056291867,,minecraft:stained_hardened_clay
1115,2026-08-04T18:32:45.874Z,0.0,-0.038852673,0.0,0.16691312,1,0,0,0,0.96777946,0.000691944,0.0022725826,0.059257597,,minecraft:stained_hardened_clay
1116,2026-08-04T18:32:45.925Z,0.0,-0.048963994,0.0,0.78364944,1,0,0,0,0.9689575,0.0006962021,0.001995153,0.059957962,,minecraft:stained_hardened_clay
1117,2026-08-04T18:32:45.973Z,0.0,-0.046385728,0.0,0.3741104,1,0,0,0,0.93679494,0.0005082912,0.0017913816,0.04356536,,minecraft:stained_hardened_clay
1118,2026-08-04T18:32:46.025Z,-0.094192505,0.07423609,-1.1303406,-0.61942756,1,0,0,0,0.91398835,0.00045949288,0.0020982698,0.04127777,,minecraft:stained_hardened_clay
1119,2026-08-04T18:32:46.075Z,0.094192505,0.1221753,-3.391018,-0.9712501,1,0,0,0,0.9008786,0.00051927887,0.0025131986,0.043089513,,minecraft:stained_hardened_clay
1120,2026-08-04T18:32:46.126Z,1.2245331,0.13968483,0.0,-0.9324607,1,0,0,0,0.8819576,0.000607301,0.002835404,0.043930784,,minecraft:stained_hardened_clay
1121,2026-08-04T18:32:46.175Z,0.0,0.16651407,0.0,-0.85430586,1,0,0,0,0.8024486,0.00072135444,0.0032236641,0.042234953,,minecraft:stained_hardened_clay
1122,2026-08-04T18:32:46.224Z,0.0,0.18716007,0.0,-0.10388064,1,0,0,0,0.8221124,0.0009131509,0.0033013476,0.049919397,,minecraft:stained_hardened_clay
1123,2026-08-04T18:32:46.275Z,0.0,0.19760203,0.0,0.18463895,1,0,0,0,0.78104794,0.0009736607,0.0032588698,0.048525527,,minecraft:stained_hardened_clay
1124,2026-08-04T18:32:46.323Z,0.0,0.2412357,0.0,-0.551151,1,0,0,0,0.45495078,0.0007058763,0.0027872822,0.02114134,,minecraft:stained_hardened_clay
1125,2026-08-04T18:32:46.375Z,0.0,0.25129288,0.0,-0.64066625,0,0,0,0,0.17287104,0.00068834494,0.0027451918,0.0128765665,,minecraft:stained_hardened_clay
1126,2026-08-04T18:32:46.423Z,1.6013184,0.24748006,0.94195175,-0.5745692,0,0,0,0,0.06884234,0.0007321101,0.0028385657,0.009465605,,minecraft:stained_hardened_clay
1127,2026-08-04T18:32:46.474Z,21.288033,0.22023982,10.267231,0.2491352,0,0,0,0,0.121043876,0.0009588472,0.0027612308,0.013291773,,minecraft:stained_hardened_clay
1128,2026-08-04T18:32:46.523Z,49.640656,0.25906074,6.0284653,-0.33837155,0,0,0,0,0.029559923,0.00084410165,0.0030513941,0.007875864,,minecraft:stained_hardened_clay
1129,2026-08-04T18:32:46.574Z,50.582657,0.2983976,-1.0361404,-0.57784927,0,0,0,0,0.00898314,0.0009494762,0.003590457,0.005739823,,minecraft:stained_hardened_clay
1130,2026-08-04T18:32:46.623Z,24.490646,0.30016026,3.3910065,-0.49851158,0,0,0,0,0.005183154,0.0011463135,0.004090569,0.0051570805,,minecraft:stained_hardened_clay
1131,2026-08-04T18:32:46.674Z,3.8619232,0.22066763,-3.8146973e-06,-0.27759856,0,0,0,0,0.0023436395,0.001321967,0.0042894767,0.004219707,,minecraft:stained_hardened_clay
1132,2026-08-04T18:32:46.723Z,6.8761597,0.31346628,-1.6013145,-0.21364233,0,0,0,0,0.0031310236,0.0014672596,0.004721102,0.005340342,,minecraft:stained_hardened_clay
1133,2026-08-04T18:32:46.775Z,10.361435,0.33968893,0.0,-0.29533297,0,0,0,0,0.003433271,0.0016443173,0.0052427268,0.005914867,,minecraft:stained_hardened_clay
1134,2026-08-04T18:32:46.823Z,6.21698,0.2738173,-1.3187294,-0.08867504,0,0,0,0,0.006877072,0.0024057445,0.006342428,0.010072427,,minecraft:stained_hardened_clay
1135,2026-08-04T18:32:46.873Z,1.3188171,0.2876535,-0.47097778,-0.49129432,0,0,0,0,0.0039003803,0.0032055858,0.009362986,0.009267816,,minecraft:stained_hardened_clay
1136,2026-08-04T18:32:46.923Z,1.2246704,0.25750315,0.09419632,-0.483488,0,0,0,0,0.002891945,0.0037501315,0.01059339,0.009238314,,minecraft:stained_hardened_clay
1137,2026-08-04T18:32:46.974Z,1.6955261,0.23455623,4.992325,-0.039307855,0,0,0,0,0.005971646,0.004629694,0.010664368,0.016373409,,minecraft:stained_hardened_clay
1138,2026-08-04T18:32:47.024Z,0.0,0.2300953,0.0,0.17905632,0,0,0,0,0.012765778,0.0046398286,0.010018966,0.023115102,,minecraft:stained_hardened_clay
1139,2026-08-04T18:32:47.074Z,0.0,0.23887303,0.0,0.20547163,0,0,0,0,0.023011819,0.004475842,0.009879129,0.027882185,,minecraft:stained_hardened_clay
1140,2026-08-04T18:32:47.124Z,4.5213623,0.24574319,2.1664734,0.16115728,0,0,0,0,0.036375534,0.0043412936,0.010010348,0.031715117,,minecraft:stained_hardened_clay
1141,2026-08-04T18:32:47.177Z,178.7691,0.20045373,-62.494904,-1.480013,0,0,0,0,0.0092560025,0.0030110234,0.013053726,0.012115974,,minecraft:stained_hardened_clay
1142,2026-08-04T18:32:47.228Z,0.0,0.17122558,0.09419477,-0.66621864,0,0,0,0,0.00287468,0.0034485648,0.011710324,0.009455519,,minecraft:stained_hardened_clay
1143,2026-08-04T18:32:47.278Z,0.0,0.12390133,0.0,0.09405669,0,0,0,0,0.002300917,0.0041548247,0.010226103,0.012669303,,minecraft:stained_hardened_clay
1144,2026-08-04T18:32:47.325Z,0.0,0.07606218,3.2968183,0.5032948,0,0,0,1,0.0031504554,0.004597626,0.009030758,0.017557971,minecraft:stained_hardened_clay,minecraft:stained_hardened_clay
1145,2026-08-04T18:32:47.374Z,0.0,0.0526003,6.7820263,0.6598894,0,0,0,0,0.003842657,0.004943654,0.008743586,0.020922437,,minecraft:stained_hardened_clay
1146,2026-08-04T18:32:47.424Z,-0.65934753,0.044094592,0.7535572,0.7080389,0,0,0,0,0.004590409,0.005298114,0.008978955,0.023612449,,minecraft:stained_hardened_clay
1147,2026-08-04T18:32:47.478Z,-0.56516266,0.04282079,0.28258324,0.72564304,0,0,0,0,0.005395304,0.0056159534,0.009284648,0.026069436,,minecraft:stained_hardened_clay
1148,2026-08-04T18:32:47.528Z,-0.18839264,0.04376611,1.1303368,0.7343746,0,0,0,1,0.0062152576,0.005881718,0.009565935,0.02829911,minecraft:stained_hardened_clay,minecraft:stained_hardened_clay
1149,2026-08-04T18:32:47.576Z,-3.5794067,0.04402437,13.093078,0.8270492,0,0,0,0,0.008733004,0.006064094,0.009483196,0.032726232,,minecraft:stained_hardened_clay
1150,2026-08-04T18:32:47.624Z,-3.2968216,0.05041302,11.02079,0.91809744,0,0,0,0,0.012909506,0.006059245,0.009324013,0.037132017,,minecraft:stained_hardened_clay
1151,2026-08-04T18:32:47.677Z,0.0,0.066241704,0.0,0.8733589,0,0,0,0,0.016045121,0.006021983,0.009354167,0.039809473,,minecraft:stained_hardened_clay
1152,2026-08-04T18:32:47.725Z,0.0,0.081267916,0.0,0.7888992,0,0,0,0,0.017798379,0.006085705,0.009612471,0.04158539,,minecraft:stained_hardened_clay
1153,2026-08-04T18:32:47.775Z,0.0,0.092937775,0.0,0.7113801,0,0,0,0,0.019172926,0.0062070047,0.009951582,0.04321123,,minecraft:stained_hardened_clay
1154,2026-08-04T18:32:47.825Z,0.0,0.09999121,0.0,0.6525984,0,0,0,0,0.019976161,0.006350396,0.0102946,0.04448415,,minecraft:stained_hardened_clay
1155,2026-08-04T18:32:47.874Z,0.094200134,0.103352524,2.637455,0.62910175,0,0,0,0,0.021484882,0.00647065,0.010500124,0.04617911,,minecraft:stained_hardened_clay
1156,2026-08-04T18:32:47.925Z,0.56516266,0.106855415,1.4129257,0.59478486,0,0,0,0,0.023053078,0.0065990523,0.010784278,0.048001412,,minecraft:stained_hardened_clay
1157,2026-08-04T18:32:47.975Z,0.0,0.11003444,0.0,0.543202,0,0,0,1,0.024060808,0.006742128,0.01116541,0.04948956,minecraft:stained_hardened_clay,minecraft:stained_hardened_clay
1158,2026-08-04T18:32:48.025Z,0.0,0.11074587,0.0,0.4894779,0,0,0,0,0.024581512,0.0069265114,0.011605991,0.05069887,,minecraft:stained_hardened_clay
1159,2026-08-04T18:32:48.076Z,0.0,0.07935596,0.0,0.4018083,0,0,0,0,0.015490669,0.006236095,0.0109623065,0.041137155,,minecraft:stained_hardened_clay
1160,2026-08-04T18:32:48.127Z,0.0,0.061475225,0.0,0.4267449,0,0,0,0,0.013344804,0.0058379956,0.0103793135,0.03867295,,minecraft:stained_hardened_clay
1161,2026-08-04T18:32:48.177Z,0.0,0.042716667,0.0,0.5136598,0,0,0,1,0.013550219,0.0056367936,0.009761837,0.039103422,minecraft:stained_hardened_clay,minecraft:stained_hardened_clay
1162,2026-08-04T18:32:48.225Z,0.0,0.03069359,0.0,0.542817,0,0,0,0,0.014111616,0.0056260964,0.009659746,0.040068354,,minecraft:stained_hardened_clay
1163,2026-08-04T18:32:48.278Z,0.0,0.025301881,0.0,0.5267597,0,0,0,0,0.016192652,0.0058184867,0.010016095,0.042945527,,minecraft:stained_hardened_clay
1164,2026-08-04T18:32:48.328Z,0.0,0.01867196,0.0,0.501872,0,0,0,0,0.016172444,0.005818395,0.0100836735,0.042828657,,minecraft:stained_hardened_clay
1165,2026-08-04T18:32:48.378Z,0.0,0.012625217,0.0,0.4624857,0,0,0,1,0.01644874,0.0058764927,0.010298459,0.043115698,minecraft:stained_hardened_clay,minecraft:stained_hardened_clay
1166,2026-08-04T18:32:48.426Z,0.0,0.006544158,0.0,0.43937728,0,0,0,0,0.015578183,0.0058784434,0.010365751,0.042176075,,minecraft:stained_hardened_clay
1167,2026-08-04T18:32:48.476Z,0.0,0.0012473017,0.0,0.42136547,0,0,0,0,0.015628068,0.005915798,0.010498216,0.042306717,,minecraft:stained_hardened_clay
1168,2026-08-04T18:32:48.530Z,0.0,-0.0026279092,0.0,0.41046783,0,0,0,0,0.016806073,0.005931398,0.010605562,0.04328911,,minecraft:stained_hardened_clay
1169,2026-08-04T18:32:48.579Z,0.0,-0.0046297535,0.0,0.425455,0,0,0,1,0.015500955,0.005936523,0.010557057,0.04240196,minecraft:stained_hardened_clay,minecraft:stained_hardened_clay
1170,2026-08-04T18:32:48.630Z,0.0,-0.0061080754,0.0,0.44183573,0,0,0,0,0.014686595,0.0058693266,0.01041391,0.041494537,,minecraft:stained_hardened_clay
1171,2026-08-04T18:32:48.678Z,0.0,0.039257802,0.0,0.3349272,0,0,0,0,0.009724623,0.005848214,0.011206808,0.038851336,,minecraft:stained_hardened_clay
1172,2026-08-04T18:32:48.732Z,0.0,0.052847125,0.0,0.2787481,0,0,0,0,0.00773544,0.0062461025,0.012542222,0.03833401,,minecraft:stained_hardened_clay
1173,2026-08-04T18:32:48.785Z,0.0,0.06650973,0.0,0.2240634,0,0,0,1,0.0075051985,0.007142637,0.014457082,0.040750425,minecraft:stained_hardened_clay,minecraft:stained_hardened_clay
1174,2026-08-04T18:32:48.836Z,0.0,0.06980231,0.0,0.15096593,0,0,0,0,0.008033947,0.007670879,0.015849229,0.04299395,,minecraft:stained_hardened_clay
1175,2026-08-04T18:32:48.884Z,0.0,0.07140405,0.0,0.13565227,0,0,0,0,0.008119707,0.0080276225,0.01655619,0.044000603,,minecraft:stained_hardened_clay
1176,2026-08-04T18:32:48.929Z,0.0,0.07232272,0.0,0.122422524,0,0,0,0,0.008163616,0.00826322,0.017043328,0.044563547,,minecraft:stained_hardened_clay
1177,2026-08-04T18:32:48.980Z,0.0,0.07315015,0.0,0.11360628,0,0,0,1,0.008140625,0.008388704,0.017304603,0.044663694,minecraft:stained_hardened_clay,minecraft:stained_hardened_clay
1178,2026-08-04T18:32:49.029Z,0.0,0.07303598,0.0,0.10740728,0,0,0,0,0.008101466,0.008475167,0.017503152,0.044713616,,minecraft:stained_hardened_clay
1179,2026-08-04T18:32:49.079Z,0.0,0.07227113,0.0,0.10016016,0,0,0,0,0.008036734,0.008532103,0.017671758,0.04465565,,minecraft:stained_hardened_clay
1180,2026-08-04T18:32:49.126Z,0.0,0.071119435,0.0,0.094254635,0,0,0,0,0.00797214,0.008557704,0.017776093,0.044520847,,minecraft:stained_hardened_clay
1181,2026-08-04T18:32:49.180Z,0.0,0.06974948,0.0,0.08966481,0,0,0,1,0.007904886,0.0085584195,0.01782635,0.044320244,minecraft:stained_hardened_clay,minecraft:stained_hardened_clay
1182,2026-08-04T18:32:49.227Z,2.1664886,0.067603655,2.3548698,0.092648156,0,0,0,0,0.007915828,0.0085340645,0.017778117,0.044287015,,minecraft:stained_hardened_clay
1183,2026-08-04T18:32:49.276Z,5.65168,0.06560511,3.108429,0.09657919,0,0,0,0,0.008003653,0.008473329,0.017652085,0.044282675,,minecraft:stained_hardened_clay
1184,2026-08-04T18:32:49.328Z,0.7535553,0.06465354,0.47097397,0.09320661,0,0,0,0,0.008106929,0.008386519,0.017516892,0.044091407,,minecraft:stained_hardened_clay
1185,2026-08-04T18:32:49.379Z,0.0,0.012945905,0.0,0.32649243,0,0,0,1,0.015036992,0.008455108,0.0154367,0.05221536,minecraft:stained_hardened_clay,minecraft:stained_hardened_clay
1186,2026-08-04T18:32:49.430Z,-1.2245331,0.0028452426,0.4709816,0.26591453,0,0,0,0,0.022135423,0.0076590767,0.014338325,0.053216733,,minecraft:stained_hardened_clay
1187,2026-08-04T18:32:49.479Z,-1.7897034,-0.0054034144,0.7535629,0.19706851,0,0,0,0,0.026981683,0.0070759226,0.013627391,0.05281165,,minecraft:stained_hardened_clay
1188,2026-08-04T18:32:49.530Z,-0.8477478,-0.016566508,0.47097778,0.16108492,0,0,0,0,0.029648306,0.006618788,0.013062632,0.05139947,,minecraft:stained_hardened_clay
1189,2026-08-04T18:32:49.581Z,0.0,-0.026572246,0.0,0.15191826,0,0,0,1,0.031454764,0.006188595,0.012463749,0.049799897,minecraft:stained_hardened_clay,minecraft:stained_hardened_clay
1190,2026-08-04T18:32:49.632Z,0.0,0.011111096,0.0,0.037232958,0,0,0,0,0.04552616,0.00625929,0.01274912,0.057483193,,minecraft:stained_hardened_clay
1191,2026-08-04T18:32:49.680Z,0.0,0.042269625,0.0,-0.054056283,0,0,0,0,0.050076727,0.006805804,0.013866041,0.061650783,,minecraft:stained_hardened_clay
1192,2026-08-04T18:32:49.733Z,0.0,0.060003825,0.0,-0.13750172,0,0,0,0,0.050799243,0.007065411,0.014684523,0.06290896,,minecraft:stained_hardened_clay
1193,2026-08-04T18:32:49.782Z,0.0,0.088524036,0.0,-0.30393603,0,0,0,1,0.0896129,0.0064648925,0.013047972,0.06198688,minecraft:stained_hardened_clay,minecraft:stained_hardened_clay
1194,2026-08-04T18:32:49.831Z,0.0,0.08803103,0.0,-0.3223915,0,0,0,0,0.11401152,0.005279618,0.0111619355,0.056800194,,minecraft:stained_hardened_clay
1195,2026-08-04T18:32:49.883Z,0.0,0.08792765,0.0,-0.30933896,0,0,0,0,0.10474061,0.004584904,0.010041337,0.050706454,,minecraft:stained_hardened_clay
1196,2026-08-04T18:32:49.930Z,0.0,0.08941815,0.0,-0.26315105,0,0,0,0,0.08059296,0.0042950255,0.009491597,0.04531661,,minecraft:stained_hardened_clay
1197,2026-08-04T18:32:49.981Z,0.0,0.09331366,0.0,-0.192696,0,0,0,1,0.058424577,0.0042359596,0.009218433,0.041246496,minecraft:stained_hardened_clay,minecraft:stained_hardened_clay
1198,2026-08-04T18:32:50.030Z,0.0,0.09724469,0.0,-0.108988345,0,0,0,0,0.042729422,0.0042991247,0.009093206,0.03829549,,minecraft:stained_hardened_clay
1199,2026-08-04T18:32:50.078Z,0.0,0.09960676,0.0,-0.025965273,0,0,0,0,0.032805018,0.0043987404,0.009011699,0.03620121,,minecraft:stained_hardened_clay
1200,2026-08-04T18:32:50.126Z,0.0,0.09755959,0.0,0.042368896,0,0,0,0,0.027011732,0.00445386,0.008883303,0.03475603,,minecraft:stained_hardened_clay
1201,2026-08-04T18:32:50.177Z,0.0,0.07354308,0.0,-0.727982,0,0,0,0,0.0062530055,0.0021671474,0.007082881,0.010784328,,minecraft:stained_hardened_clay
1202,2026-08-04T18:32:50.226Z,0.0,0.081308655,0.0,-0.59583056,0,0,0,0,0.0022334103,0.0017780707,0.0061803074,0.006456839,,minecraft:stained_hardened_clay
1203,2026-08-04T18:32:50.276Z,0.0,0.06318756,0.0,-0.25860596,0,0,0,0,0.0014096078,0.0017916108,0.005663304,0.0053073196,,minecraft:stained_hardened_clay
1204,2026-08-04T18:32:50.327Z,0.0,0.05863052,0.0,-0.14725658,0,0,0,0,0.0012261455,0.0017155625,0.0052770446,0.0048891623,,minecraft:stained_hardened_clay
1205,2026-08-04T18:32:50.376Z,0.0,0.06212411,0.0,-0.10594822,0,0,0,0,0.0012755722,0.0017005386,0.0051325113,0.0048760097,,minecraft:stained_hardened_clay
1206,2026-08-04T18:32:50.427Z,0.0,0.06361855,0.0,-0.09801303,0,0,0,0,0.0013187653,0.0016580328,0.0049968236,0.0047807414,,minecraft:stained_hardened_clay
1207,2026-08-04T18:32:50.477Z,0.0,0.0656606,0.0,-0.10766908,0,0,0,0,0.0013717734,0.0016178264,0.0049175704,0.0046952916,,minecraft:stained_hardened_clay
1208,2026-08-04T18:32:50.526Z,0.0,0.06879937,0.0,-0.12947173,0,0,0,0,0.0014383846,0.0015855968,0.0048691314,0.00463435,,minecraft:stained_hardened_clay
1209,2026-08-04T18:32:50.575Z,-0.37677765,0.076383345,-2.5432625,-0.18537293,0,0,0,0,0.0014875018,0.0015563107,0.0048779445,0.0045211636,,minecraft:stained_hardened_clay
1210,2026-08-04T18:32:50.626Z,-0.18839264,0.08089926,-1.1303444,-0.22088681,0,0,0,0,0.0015430968,0.0015423967,0.0048936885,0.0044625252,,minecraft:stained_hardened_clay
1211,2026-08-04T18:32:50.674Z,0.0,0.08174824,0.0,-0.2302703,0,0,0,0,0.001615459,0.0015309084,0.004872878,0.0044535287,,minecraft:stained_hardened_clay
1212,2026-08-04T18:32:50.726Z,0.094192505,0.08209596,-0.09419632,-0.23530266,0,0,0,0,0.0016930365,0.0015148513,0.004832505,0.0044481982,,minecraft:stained_hardened_clay
1213,2026-08-04T18:32:50.776Z,0.2825775,0.10016621,-0.09419632,-0.3861592,0,0,0,0,0.0016617063,0.0015312991,0.0052082734,0.004466846,,minecraft:stained_hardened_clay
1214,2026-08-04T18:32:50.826Z,1.9781036,0.16311848,-2.8258476,-0.7576896,0,0,0,0,0.0021141819,0.0014402068,0.005796065,0.005067532,,minecraft:stained_hardened_clay
1215,2026-08-04T18:32:50.874Z,0.65935516,0.17623258,-1.0361481,-0.7818568,0,0,0,0,0.00330042,0.0014959261,0.005847066,0.0057804245,,minecraft:stained_hardened_clay
1216,2026-08-04T18:32:50.924Z,0.094192505,0.17079651,0.0,-0.67457896,0,0,0,0,0.004859029,0.0014977091,0.005549309,0.0064948816,,minecraft:stained_hardened_clay
1217,2026-08-04T18:32:50.976Z,0.094192505,0.13430673,0.0,-0.028560877,0,0,0,0,0.020901095,0.0018691862,0.0049852463,0.011649398,,minecraft:stained_hardened_clay
1218,2026-08-04T18:32:51.025Z,-0.47097015,0.13069808,1.4129295,-0.03238918,0,0,0,0,0.030690955,0.001640636,0.004379003,0.012082472,,minecraft:stained_hardened_clay
1219,2026-08-04T18:32:51.076Z,-1.0361252,0.14201853,0.18839264,-0.12255554,0,0,0,0,0.031831175,0.0014648798,0.0040363963,0.011235562,,minecraft:stained_hardened_clay
1220,2026-08-04T18:32:51.125Z,0.0,0.1554595,0.0,-0.12298002,0,0,0,0,0.03065471,0.0013745484,0.0038125466,0.010631931,,minecraft:stained_hardened_clay
1221,2026-08-04T18:32:51.175Z,0.0,0.15893057,0.0,0.055965476,0,0,0,0,0.024911871,0.0011968589,0.0033994382,0.009784911,,minecraft:stained_hardened_clay
1222,2026-08-04T18:32:51.226Z,0.0,0.17871514,0.0,0.027345456,0,0,0,0,0.015626272,0.0012134815,0.003482598,0.008560515,,minecraft:stained_hardened_clay
1223,2026-08-04T18:32:51.277Z,0.0,0.18297064,-1.7897072,-0.05570036,0,0,0,0,0.0092571,0.001280179,0.003730717,0.007483421,,minecraft:stained_hardened_clay
1224,2026-08-04T18:32:51.327Z,0.0,0.15532207,-0.09419632,0.00023990124,0,0,0,0,0.0051786364,0.0014478319,0.004129906,0.005847526,,minecraft:stained_hardened_clay
1225,2026-08-04T18:32:51.375Z,0.0,0.14911914,0.0,0.1402823,0,0,0,0,0.0046560224,0.0014664795,0.004032842,0.0056892294,,minecraft:stained_hardened_clay
1226,2026-08-04T18:32:51.426Z,0.0,0.14039364,0.0,0.31998965,0,0,0,0,0.005141991,0.0014398715,0.0038130193,0.005916597,,minecraft:stained_hardened_clay
1227,2026-08-04T18:32:51.477Z,0.0,0.13798061,-0.7535629,0.46063808,0,0,0,0,0.0059556887,0.00138988,0.003608865,0.006145823,,minecraft:stained_hardened_clay
1228,2026-08-04T18:32:51.525Z,0.0,0.16670308,0.0,0.9638626,0,0,0,0,0.024261363,0.0013193205,0.0029616866,0.009375674,,minecraft:stained_hardened_clay
1229,2026-08-04T18:32:51.576Z,0.0,0.16676855,1.6013107,2.3035,1,0,0,1,0.6434187,0.0013959197,0.0021775474,0.036840744,minecraft:stained_hardened_clay,minecraft:stained_hardened_clay
1230,2026-08-04T18:32:51.628Z,-1.601326,0.16234118,8.477524,3.1598582,1,0,0,0,0.9628845,0.0010887576,0.0014941513,0.080365375,,minecraft:stained_hardened_clay
1231,2026-08-04T18:32:51.677Z,-1.9781113,0.09993511,9.325279,3.5809,1,0,0,0,0.98593545,0.0007398362,0.0010621808,0.09233236,,minecraft:stained_hardened_clay
1232,2026-08-04T18:32:51.726Z,-0.094200134,0.08356594,3.9561844,3.414401,1,0,0,1,0.98871136,0.0006556595,0.0010014214,0.09391423,minecraft:stained_hardened_clay,minecraft:stained_hardened_clay
1233,2026-08-04T18:32:51.777Z,0.65935516,0.085837714,2.072258,2.947604,1,0,0,0,0.9852615,0.00067253446,0.0011062715,0.08233454,,minecraft:stained_hardened_clay
1234,2026-08-04T18:32:51.827Z,0.47097778,0.081373654,5.2749176,2.5655584,1,0,0,0,0.9843003,0.00061780243,0.0011038318,0.0777444,,minecraft:stained_hardened_clay
1235,2026-08-04T18:32:51.876Z,0.94194794,0.070352964,5.27491,2.422371,1,0,0,1,0.98713034,0.0005877264,0.0010821822,0.08334994,minecraft:stained_hardened_clay,minecraft:stained_hardened_clay
1236,2026-08-04T18:32:51.927Z,0.094192505,0.067844085,0.094192505,2.0661314,1,0,0,0,0.9881246,0.00055193,0.0011015885,0.08506881,,minecraft:stained_hardened_clay
1237,2026-08-04T18:32:51.977Z,0.0,0.048422746,1.6955109,1.6898504,1,0,0,0,0.99373335,0.00062949274,0.0012905814,0.12759411,,minecraft:stained_hardened_clay
1238,2026-08-04T18:32:52.026Z,-0.18839264,0.039031826,4.238785,0.43997297,1,0,0,1,0.9940592,0.0005819901,0.0015621427,0.13545758,minecraft:stained_hardened_clay,minecraft:stained_hardened_clay
1239,2026-08-04T18:32:52.076Z,0.6593704,0.079436965,-6.028473,-1.5846907,1,0,0,0,0.9809039,0.0005065567,0.0021829023,0.08878757,,minecraft:stained_hardened_clay
1240,2026-08-04T18:32:52.125Z,0.0,0.08437391,-13.187302,-3.3876214,1,0,0,0,0.85334635,0.000484301,0.0034908955,0.03941739,,minecraft:stained_hardened_clay
1241,2026-08-04T18:32:52.175Z,0.0,0.09520707,-1.4129257,-2.732764,1,0,0,1,0.8639015,0.00071819604,0.004347351,0.040117156,minecraft:stained_hardened_clay,minecraft:stained_hardened_clay
1242,2026-08-04T18:32:52.226Z,0.37677765,0.072466366,1.5071182,-0.690284,1,0,0,0,0.90807724,0.00076843315,0.0031098507,0.043782357,,minecraft:stained_hardened_clay
1243,2026-08-04T18:32:52.276Z,-3.014244,0.026974007,5.934288,1.9514327,1,0,0,0,0.96788174,0.00073725433,0.0016764977,0.05780495,,minecraft:stained_hardened_clay
1244,2026-08-04T18:32:52.328Z,-2.731659,-0.0010477826,7.064644,3.3654552,1,0,0,1,0.9902699,0.0006839712,0.0011068581,0.095147,minecraft:stained_hardened_clay,minecraft:stained_hardened_clay
1245,2026-08-04T18:32:52.376Z,0.0,-0.0057617724,1.7896957,3.2160141,1,0,0,0,0.9942167,0.0006446646,0.0010845807,0.11844614,,minecraft:stained_hardened_clay
1246,2026-08-04T18:32:52.425Z,-0.37677765,0.015828326,0.8477402,2.2554278,1,0,0,0,0.9951083,0.0005963234,0.0011718174,0.12972504,,minecraft:stained_hardened_clay
1247,2026-08-04T18:32:52.475Z,-0.18838501,0.024503805,0.094192505,1.0741293,1,0,0,0,0.9937715,0.00053934206,0.0013366689,0.119545795,,minecraft:stained_hardened_clay
1248,2026-08-04T18:32:52.525Z,0.565155,0.022200212,0.0,0.14975816,1,0,0,0,0.99139154,0.0005014495,0.0015118603,0.10392034,,minecraft:stained_hardened_clay
1249,2026-08-04T18:32:52.575Z,0.47097015,0.021659926,2.2606583,-0.46437976,1,0,0,0,0.9881342,0.0004937933,0.0017062546,0.08796729,,minecraft:stained_hardened_clay
1250,2026-08-04T18:32:52.624Z,0.18838501,0.011096798,2.2606583,-0.28351608,1,0,0,0,0.9887216,0.00050466246,0.0017038487,0.0867299,,minecraft:stained_hardened_clay
1251,2026-08-04T18:32:52.674Z,0.18838501,-0.0016319826,0.0,0.13777748,1,0,0,0,0.99118996,0.0005149969,0.0016124118,0.09387714,,minecraft:stained_hardened_clay
1252,2026-08-04T18:32:52.733Z,1.0361176,0.0050369874,0.18838501,0.2934835,1,0,0,0,0.995249,0.0005257833,0.0016575143,0.12202523,,minecraft:stained_hardened_clay
1253,2026-08-04T18:32:52.775Z,0.37677765,-0.0018086508,5.086525,-0.35145697,1,0,0,1,0.99348843,0.0005288959,0.0019210496,0.12194301,minecraft:stained_hardened_clay,minecraft:stained_hardened_clay
1254,2026-08-04T18:32:52.824Z,0.0,0.020647258,0.32660675,-1.1169124,1,0,0,0,0.9907574,0.00057921465,0.0024394533,0.12078379,,minecraft:stained_hardened_clay
1255,2026-08-04T18:32:52.874Z,0.37677002,0.0016370788,-0.37677765,0.009436086,1,0,0,0,0.9962676,0.0007718432,0.0024889566,0.18013677,,minecraft:stained_hardened_clay
1256,2026-08-04T18:32:52.924Z,0.0,-0.027498342,0.37677765,0.28979436,1,0,0,1,0.99732864,0.0007754501,0.0024034635,0.20921859,minecraft:stained_hardened_clay,minecraft:stained_hardened_clay
1257,2026-08-04T18:32:52.974Z,0.0,0.0018879622,0.0,0.108837985,1,0,0,0,0.99720216,0.000697543,0.0021352365,0.18979917,,minecraft:stained_hardened_clay
1258,2026-08-04T18:32:53.026Z,4.3329926,0.032741793,-9.231094,-0.438059,1,0,0,0,0.9957163,0.0006984709,0.0023189643,0.16636583,,minecraft:stained_hardened_clay
1259,2026-08-04T18:32:53.073Z,2.0722961,0.0876159,-19.686718,-2.0663447,1,0,0,0,0.9764856,0.000600403,0.0029098794,0.0829308,,minecraft:stained_hardened_clay
1260,2026-08-04T18:32:53.125Z,0.37678528,0.084343396,-6.122669,-2.3516264,1,0,0,0,0.91520303,0.00057713164,0.003302598,0.043315444,,minecraft:stained_hardened_clay
1261,2026-08-04T18:32:53.174Z,0.0,0.045238942,0.0,-1.1369911,1,0,0,0,0.9041275,0.0006054626,0.0028444037,0.03669545,,minecraft:stained_hardened_clay
1262,2026-08-04T18:32:53.224Z,-0.18839264,-0.006353773,4.144577,0.7366174,1,0,0,0,0.95959616,0.0006052272,0.0019249895,0.04635398,,minecraft:stained_hardened_clay
1263,2026-08-04T18:32:53.274Z,-0.18839264,-0.03705398,10.173058,2.010914,1,0,0,0,0.9844556,0.00063374056,0.0015067166,0.069426455,,minecraft:stained_hardened_clay
1264,2026-08-04T18:32:53.324Z,0.6593704,-0.04952875,13.752464,2.8531926,1,0,0,0,0.9954319,0.0006278768,0.0012023436,0.11823871,,minecraft:stained_hardened_clay
1265,2026-08-04T18:32:53.374Z,1.6013184,-0.04750879,2.6374512,2.7177866,1,0,0,0,0.997303,0.0005388157,0.0010867822,0.14876887,,minecraft:stained_hardened_clay
1266,2026-08-04T18:32:53.424Z,-1.695488,-0.075580075,0.47097015,1.8277818,1,0,0,1,0.9980019,0.0005299948,0.0013324224,0.17992939,minecraft:stained_hardened_clay,minecraft:stained_hardened_clay
1267,2026-08-04T18:32:53.474Z,-0.2825775,-0.039957486,0.2825775,0.22942811,1,0,0,0,0.99773264,0.0005759568,0.0018713777,0.18644908,,minecraft:stained_hardened_clay
1268,2026-08-04T18:32:53.524Z,-2.166504,0.036963835,-9.325317,-1.9489228,1,0,0,0,0.9931338,0.00065938086,0.003186054,0.14654894,,minecraft:stained_hardened_clay
1269,2026-08-04T18:32:53.574Z,-0.47097778,0.08048407,-17.89701,-2.0648415,1,0,0,1,0.9918948,0.00089780637,0.0042737564,0.15114665,minecraft:stained_hardened_clay,minecraft:stained_hardened_clay
1270,2026-08-04T18:32:53.624Z,-0.18839264,0.050600313,-1.1303406,-0.90145206,1,0,0,0,0.99399155,0.0010727374,0.0041153175,0.17056222,,minecraft:stained_hardened_clay
1271,2026-08-04T18:32:53.675Z,3.956215,0.004895821,13.093071,0.970784,1,0,0,0,0.9962302,0.00086486863,0.0022740394,0.17053117,,minecraft:stained_hardened_clay
1272,2026-08-04T18:32:53.725Z,1.2245483,-0.050981767,18.838982,2.066302,1,0,0,1,0.99749774,0.00067602133,0.0015587994,0.19362724,minecraft:stained_hardened_clay,minecraft:stained_hardened_clay
1273,2026-08-04T18:32:53.774Z,-0.6593704,-0.061919726,0.0,1.2504151,1,0,0,0,0.99788314,0.00064733747,0.00173926,0.21148807,,minecraft:stained_hardened_clay
1274,2026-08-04T18:32:53.824Z,-0.565155,-0.025336586,-0.47097015,-0.20895101,1,0,0,0,0.99743193,0.0007270752,0.0024636574,0.21325146,,minecraft:stained_hardened_clay
1275,2026-08-04T18:32:53.874Z,-4.2387924,0.068041645,-9.60788,-2.244711,1,0,0,0,0.99213517,0.0007062565,0.0034118562,0.14496513,,minecraft:stained_hardened_clay
1276,2026-08-04T18:32:53.923Z,-3.1084518,0.074954756,-33.34497,-3.6041622,1,0,0,0,0.93018556,0.0006371994,0.004534833,0.05759774,,minecraft:stained_hardened_clay
1277,2026-08-04T18:32:53.976Z,0.28258514,0.09096029,-9.325283,-3.0055687,1,0,0,0,0.8813353,0.000836649,0.0055312286,0.043057356,,minecraft:stained_hardened_clay
1278,2026-08-04T18:32:54.025Z,0.094192505,0.0908825,0.09419632,-1.3187679,1,0,0,0,0.88241625,0.0009601777,0.0045792907,0.040802967,,minecraft:stained_hardened_clay
1279,2026-08-04T18:32:54.074Z,1.789711,0.048617654,10.738201,0.93847793,1,0,0,0,0.94930774,0.0009332742,0.002788925,0.05171401,,minecraft:stained_hardened_clay
1280,2026-08-04T18:32:54.124Z,2.9200745,-0.029663734,20.628658,3.4011493,1,0,0,1,0.99355185,0.0008510878,0.0014349909,0.12277191,minecraft:stained_hardened_clay,minecraft:stained_hardened_clay
1281,2026-08-04T18:32:54.174Z,3.3910294,-0.040618986,11.115013,3.3857985,1,0,0,0,0.9969212,0.00062882627,0.0011502468,0.15750614,,minecraft:stained_hardened_clay
1282,2026-08-04T18:32:54.224Z,-0.94194794,-0.05673581,5.7459106,2.3039007,1,0,0,1,0.99780864,0.00058398076,0.0013168601,0.19991331,minecraft:stained_hardened_clay,minecraft:stained_hardened_clay
1283,2026-08-04T18:32:54.273Z,-1.7897186,-0.09346257,4.427124,1.3821273,1,0,0,0,0.99834836,0.0005853369,0.0015989512,0.22834446,,minecraft:stained_hardened_clay
1284,2026-08-04T18:32:54.324Z,-1.3187103,-0.11965546,-0.94194794,0.634304,1,0,0,0,0.9984389,0.0006308348,0.001946519,0.24633881,,minecraft:stained_hardened_clay
1285,2026-08-04T18:32:54.373Z,-1.507103,-0.0579636,-1.4129181,-0.52212864,1,0,0,0,0.9979005,0.0006883433,0.0024694272,0.22581528,,minecraft:stained_hardened_clay
1286,2026-08-04T18:32:54.424Z,-4.89814,-0.033044036,2.354866,-1.1064175,1,0,0,1,0.9973519,0.00076633407,0.003029249,0.22299396,minecraft:stained_hardened_clay,minecraft:stained_hardened_clay
1287,2026-08-04T18:32:54.474Z,0.84776306,0.008231647,-4.144554,-1.7548897,1,0,0,0,0.99616516,0.0008204714,0.0036100515,0.20468812,,minecraft:stained_hardened_clay
1288,2026-08-04T18:32:54.525Z,1.8839111,0.08788956,-30.519138,-3.5185118,1,0,0,0,0.97879195,0.0007353654,0.004664089,0.1148679,,minecraft:stained_hardened_clay
1289,2026-08-04T18:32:54.577Z,-2.0722961,0.06377105,-36.07661,-4.117177,1,0,0,0,0.8623055,0.0008161585,0.006709489,0.054029394,,minecraft:stained_hardened_clay
1290,2026-08-04T18:32:54.627Z,0.2825699,0.07740023,-3.2026215,-3.4906952,1,0,0,0,0.7214401,0.0011984936,0.00859333,0.041555602,,minecraft:stained_hardened_clay
1291,2026-08-04T18:32:54.673Z,0.0,0.12915692,0.0,-2.4761395,0,0,0,0,0.4993968,0.0014709843,0.008513323,0.031737484,,minecraft:stained_hardened_clay
1292,2026-08-04T18:32:54.726Z,2.731659,0.11053272,-0.8477516,-1.5401255,0,0,0,0,0.34295982,0.0015995489,0.007614732,0.025986712,,minecraft:stained_hardened_clay
1293,2026-08-04T18:32:54.778Z,2.8258362,0.110717155,-0.6593628,-0.116605416,1,0,0,0,0.75212944,0.0017483291,0.0061094454,0.04475108,,minecraft:stained_hardened_clay
1294,2026-08-04T18:32:54.826Z,0.0,0.1083098,0.0,0.35921967,1,0,0,0,0.79717976,0.0014531459,0.004676575,0.042825174,,minecraft:stained_hardened_clay
1295,2026-08-04T18:32:54.877Z,0.0,0.11324202,0.0,0.6982661,1,0,0,0,0.77461255,0.0011467411,0.003616606,0.03273933,,minecraft:stained_hardened_clay
1296,2026-08-04T18:32:54.925Z,0.0,0.13796183,0.0,0.52928865,1,0,0,0,0.70121235,0.00096515066,0.0033115048,0.02487935,,minecraft:stained_hardened_clay
1297,2026-08-04T18:32:54.978Z,0.0,0.14877516,0.0,0.11872157,1,0,0,0,0.5784,0.00087695126,0.0033450855,0.019332051,,minecraft:stained_hardened_clay
1298,2026-08-04T18:32:55.026Z,0.0,0.1098677,0.0,-0.013227381,1,0,0,0,0.62154025,0.0007597006,0.002936078,0.017803872,,minecraft:stained_hardened_clay
1299,2026-08-04T18:32:55.078Z,0.0,0.102952324,0.0,-0.242365,1,0,0,0,0.6500666,0.0006547749,0.0027215467,0.016812606,,minecraft:stained_hardened_clay
1300,2026-08-04T18:32:55.123Z,-0.7535553,0.10615348,-3.9561815,-0.54633564,1,0,0,0,0.6649746,0.00059193344,0.0026777976,0.016105564,,minecraft:stained_hardened_clay
1301,2026-08-04T18:32:55.174Z,-3.8620071,0.17509815,-11.77435,-1.1618624,1,0,0,0,0.58324057,0.0005893501,0.0031971768,0.014577482,,minecraft:stained_hardened_clay
1302,2026-08-04T18:32:55.228Z,-2.9200516,0.1408683,-7.441389,-1.8288183,1,0,0,0,0.58096987,0.0007478943,0.004358645,0.015559207,,minecraft:stained_hardened_clay
1303,2026-08-04T18:32:55.279Z,-3.5794067,0.10890851,-6.68783,-2.239806,1,0,1,0,0.5389724,0.00085647043,0.0052977162,0.015813323,,minecraft:stained_hardened_clay
1304,2026-08-04T18:32:55.324Z,-8.854309,0.068248235,-9.607868,-2.4612355,1,0,0,0,0.6904253,0.0010153977,0.0062318174,0.022555428,,minecraft:stained_hardened_clay
1305,2026-08-04T18:32:55.375Z,-4.8039474,0.05093494,-7.6297817,-2.5548265,1,0,0,0,0.77224493,0.0010441049,0.0065398472,0.026847482,,minecraft:stained_hardened_clay
1306,2026-08-04T18:32:55.426Z,-1.6013107,0.10035884,-4.2387695,-2.3675258,0,0,0,0,0.6035881,0.0010659812,0.006799193,0.020896602,,minecraft:stained_hardened_clay
1307,2026-08-04T18:32:55.476Z,-0.94195175,0.1366508,-3.579403,-2.0436616,0,0,0,0,0.49731347,0.0014652042,0.008414907,0.021710182,,minecraft:stained_hardened_clay
1308,2026-08-04T18:32:55.525Z,-4.3329544,0.1623576,-7.629776,-1.9084259,0,0,0,0,0.3589832,0.0018885803,0.010122969,0.021038132,,minecraft:stained_hardened_clay
1309,2026-08-04T18:32:55.578Z,-6.8762207,0.15688142,-1.7897034,-1.7028621,0,0,1,0,0.19850405,0.0022331828,0.011286009,0.017614122,,minecraft:stained_hardened_clay
1310,2026-08-04T18:32:55.626Z,-2.6374626,0.17793372,-0.7535591,-1.4651765,0,0,0,0,0.09613994,0.002592207,0.0121985795,0.015169967,,minecraft:stained_hardened_clay
1311,2026-08-04T18:32:55.675Z,0.0,0.19405398,0.0,-1.2247344,0,0,0,0,0.053287193,0.0030195005,0.013150163,0.013687514,,minecraft:stained_hardened_clay
1312,2026-08-04T18:32:55.727Z,0.94194794,0.19764116,2.9200401,-1.0344949,0,0,1,0,0.03283848,0.0034675668,0.014114442,0.01263852,,minecraft:stained_hardened_clay
1313,2026-08-04T18:32:55.774Z,3.9561882,0.20293283,3.108429,-0.91437167,0,0,0,0,0.02424675,0.003785204,0.014619214,0.012106588,,minecraft:stained_hardened_clay
1314,2026-08-04T18:32:55.828Z,-0.9419441,0.20577538,0.94195175,-0.83513504,0,0,0,0,0.020502042,0.0040687136,0.015191475,0.01188002,,minecraft:stained_hardened_clay
1315,2026-08-04T18:32:55.875Z,-7.5355797,0.26749146,5.1807175,-0.8284123,0,0,0,0,0.017864978,0.0050543337,0.018280583,0.012359291,,minecraft:stained_hardened_clay
1316,2026-08-04T18:32:55.927Z,-0.09419632,0.27840373,0.18839264,-0.8693007,0,0,0,0,0.017732088,0.006969248,0.02401861,0.013401439,,minecraft:stained_hardened_clay
1317,2026-08-04T18:32:55.977Z,0.28258896,0.25762457,-0.18839264,-0.7108103,0,0,0,0,0.0171049,0.0075509925,0.024814365,0.01411569,,minecraft:stained_hardened_clay
1318,2026-08-04T18:32:56.025Z,0.09419632,0.25677207,0.0,-0.7211187,0,0,0,0,0.0152112115,0.0076320767,0.025476085,0.013789949,,minecraft:stained_hardened_clay
1319,2026-08-04T18:32:56.075Z,0.47097397,0.2650351,-1.6955032,-0.80957156,0,0,0,0,0.016600695,0.007855187,0.026460959,0.014341026,,minecraft:stained_hardened_clay
1320,2026-08-04T18:32:56.125Z,1.1303368,0.2668231,-6.8762207,-0.8779297,0,0,0,0,0.018258091,0.007996834,0.02692553,0.014802429,,minecraft:stained_hardened_clay
1321,2026-08-04T18:32:56.175Z,-0.6593704,0.267166,-3.0142326,-0.91417056,0,0,0,0,0.018978018,0.008021469,0.027028091,0.014961444,,minecraft:stained_hardened_clay
1322,2026-08-04T18:32:56.225Z,-0.28258514,0.2692837,-1.2245331,-0.92120886,0,0,0,0,0.018870093,0.0079918755,0.026850212,0.014928268,,minecraft:stained_hardened_clay
1323,2026-08-04T18:32:56.274Z,0.0,0.27183205,0.0,-0.91286695,0,0,0,0,0.018715668,0.007903977,0.026400853,0.014837873,,minecraft:stained_hardened_clay
1324,2026-08-04T18:32:56.324Z,0.0,0.27450663,0.0,-0.9005843,0,0,0,0,0.018655084,0.00778375,0.02583252,0.014736588,,minecraft:stained_hardened_clay
1325,2026-08-04T18:32:56.374Z,0.0,0.26689067,0.0,-0.8153798,0,0,0,0,0.021436105,0.008713876,0.0263986,0.016378148,,minecraft:stained_hardened_clay
1326,2026-08-04T18:32:56.427Z,0.0,0.21870732,0.0,-0.38837647,0,0,0,0,0.033384174,0.0068597198,0.018472062,0.014791097,,minecraft:stained_hardened_clay
1327,2026-08-04T18:32:56.475Z,0.0,0.18787307,0.0,-0.22427472,0,0,0,0,0.031445872,0.0041974178,0.011714686,0.011304893,,minecraft:stained_hardened_clay
1328,2026-08-04T18:32:56.526Z,0.0,0.1655455,0.0,-0.19137196,0,0,0,0,0.03119889,0.0028278371,0.008352946,0.00899443,,minecraft:stained_hardened_clay
1329,2026-08-04T18:32:56.576Z,0.0,0.13978869,0.0,0.1836012,0,0,0,0,0.06271249,0.0021166913,0.005913272,0.010033704,,minecraft:stained_hardened_clay
1330,2026-08-04T18:32:56.626Z,0.0,0.13986805,0.0,0.4145787,0,0,0,0,0.15434507,0.0015744263,0.004446522,0.011661048,,minecraft:stained_hardened_clay
1331,2026-08-04T18:32:56.674Z,0.0,0.14289647,0.0,0.51654345,0,0,0,0,0.33077332,0.0012183238,0.003554459,0.013656284,,minecraft:stained_hardened_clay
1332,2026-08-04T18:32:56.726Z,0.0,0.1377936,0.0,0.56056315,1,0,0,0,0.5611745,0.0009732484,0.002945871,0.01596542,,minecraft:stained_hardened_clay
1333,2026-08-04T18:32:56.776Z,0.0,0.12377227,0.0,0.5673593,1,0,0,0,0.73074317,0.0008141805,0.002540902,0.018271705,,minecraft:stained_hardened_clay
1334,2026-08-04T18:32:56.824Z,0.0,0.112258054,0.0,0.55654514,1,0,0,0,0.8341526,0.00070106646,0.002235735,0.020685213,,minecraft:stained_hardened_clay
1335,2026-08-04T18:32:56.876Z,0.0,0.106609695,0.0,0.53445774,1,0,0,0,0.89693767,0.0006147048,0.0019926273,0.023354886,,minecraft:stained_hardened_clay
1336,2026-08-04T18:32:56.923Z,0.0,0.09947511,0.0,0.50090384,1,0,0,0,0.9286842,0.0005547609,0.0018264785,0.025492337,,minecraft:stained_hardened_clay
1337,2026-08-04T18:32:56.974Z,42.85865,0.07912966,51.198,1.1301054,1,0,0,0,0.93542707,0.0006208459,0.0020276834,0.030618398,,minecraft:stained_hardened_clay
1338,2026-08-04T18:32:57.027Z,0.0,0.117442705,1.4129219,1.3153281,1,0,0,0,0.9514575,0.0005374036,0.0016749055,0.033196364,,minecraft:stained_hardened_clay
1339,2026-08-04T18:32:57.077Z,0.0,0.10841366,0.6593635,1.6338434,1,0,0,0,0.9731011,0.00050206535,0.001424692,0.039424222,,minecraft:stained_hardened_clay
1340,2026-08-04T18:32:57.124Z,0.0,0.08950605,0.0,1.7539998,1,0,0,0,0.9829207,0.00044894338,0.0012419004,0.043450218,,minecraft:stained_hardened_clay
1341,2026-08-04T18:32:57.179Z,-0.094192505,0.087655134,0.4709742,1.4348247,1,0,0,0,0.97954184,0.00040024368,0.0012194234,0.038780294,,minecraft:stained_hardened_clay
1342,2026-08-04T18:32:57.228Z,-0.65935516,0.07484428,2.4490647,1.8688481,1,0,0,0,0.98881537,0.00043884324,0.0011448365,0.050986033,,minecraft:stained_hardened_clay
1343,2026-08-04T18:32:57.273Z,-0.37677765,0.06459098,2.3548694,1.9772785,1,0,0,0,0.9919757,0.00042153953,0.0010550352,0.0568886,,minecraft:stained_hardened_clay
1344,2026-08-04T18:32:57.328Z,0.0,0.10032388,1.0361414,1.278644,1,0,0,0,0.99251693,0.00043195178,0.0012479532,0.05550828,,minecraft:stained_hardened_clay
1345,2026-08-04T18:32:57.374Z,0.0,0.108067475,0.65936184,0.94690746,1,0,0,0,0.9857863,0.0004383359,0.0012830348,0.04185644,,minecraft:stained_hardened_clay
1346,2026-08-04T18:32:57.423Z,0.0,0.10546195,0.09419441,0.7464573,1,0,0,0,0.9658025,0.00043046148,0.0013345032,0.030054538,,minecraft:stained_hardened_clay
1347,2026-08-04T18:32:57.478Z,0.0,0.094162725,0.0,0.7051299,1,0,0,0,0.92361563,0.00043205553,0.0013980997,0.022430794,,minecraft:stained_hardened_clay
1348,2026-08-04T18:32:57.525Z,0.0,0.080173455,0.0,0.7263074,1,0,0,0,0.8444447,0.00045265615,0.0014960741,0.017532844,,minecraft:stained_hardened_clay
1349,2026-08-04T18:32:57.576Z,0.0,0.08932703,0.0,0.004099615,1,0,0,0,0.4427505,0.0004851544,0.0019848798,0.011074234,,minecraft:stained_hardened_clay
1350,2026-08-04T18:32:57.624Z,0.0,0.11853994,0.0,0.31682694,1,0,0,0,0.19665812,0.0006456677,0.0023266696,0.010597978,,minecraft:stained_hardened_clay
1351,2026-08-04T18:32:57.674Z,0.0,0.10909379,0.0,0.62179273,1,0,0,0,0.1719478,0.00078987505,0.0024706807,0.011454463,,minecraft:stained_hardened_clay
1352,2026-08-04T18:32:57.725Z,0.0,0.16468206,0.0,0.76692617,0,0,0,0,0.20453809,0.0006878279,0.0020437925,0.011214461,,minecraft:stained_hardened_clay
1353,2026-08-04T18:32:57.777Z,0.0,0.14865267,3.6735973,0.97469383,0,0,0,0,0.25350222,0.0008010387,0.0020745073,0.012931789,,minecraft:stained_hardened_clay
1354,2026-08-04T18:32:57.826Z,0.94195557,0.13599053,6.49944,0.98740405,0,0,0,0,0.25472867,0.00083631504,0.002078282,0.013204573,,minecraft:stained_hardened_clay
1355,2026-08-04T18:32:57.878Z,0.18838501,0.14341208,1.8838959,0.8899786,0,0,0,0,0.19925556,0.0008448682,0.0021018381,0.0121288225,,minecraft:stained_hardened_clay
1356,2026-08-04T18:32:57.923Z,0.0,0.14717728,0.0,0.70645964,0,0,0,0,0.08939805,0.0007996122,0.0021722172,0.009746527,,minecraft:stained_hardened_clay
1357,2026-08-04T18:32:57.974Z,0.0,0.16889182,0.0,0.40067342,0,0,0,0,0.025073966,0.00090423826,0.002582009,0.007233075,,minecraft:stained_hardened_clay
1358,2026-08-04T18:32:58.025Z,0.0,0.20188159,0.0,0.19843543,0,0,0,0,0.019748654,0.0010625578,0.0031212603,0.0074872863,,minecraft:stained_hardened_clay
1359,2026-08-04T18:32:58.075Z,0.0,0.17972758,0.0,0.20007887,0,0,0,0,0.020418873,0.0012221327,0.0034689624,0.0071670525,,minecraft:stained_hardened_clay
1360,2026-08-04T18:32:58.124Z,0.0,0.19428197,0.0,0.2515794,0,0,0,0,0.0184529,0.0012511421,0.0035361263,0.007215989,,minecraft:stained_hardened_clay
1361,2026-08-04T18:32:58.174Z,0.0,0.19772992,0.8477516,0.3487757,0,0,0,0,0.018263696,0.0012888715,0.003566233,0.0073510096,,minecraft:stained_hardened_clay
1362,2026-08-04T18:32:58.227Z,0.18839264,0.2040697,3.2026234,1.7458079,1,0,0,0,0.42127118,0.0013820252,0.0025772585,0.024461659,,minecraft:stained_hardened_clay
1363,2026-08-04T18:32:58.273Z,0.18838501,0.1899808,2.9200382,2.6650195,1,0,0,0,0.8852156,0.0011344975,0.0018050314,0.048574712,,minecraft:stained_hardened_clay
1364,2026-08-04T18:32:58.324Z,-0.18838501,0.19000107,1.6955013,2.1660442,1,0,0,0,0.77362573,0.00085811125,0.0016984862,0.027444478,,minecraft:stained_hardened_clay
1365,2026-08-04T18:32:58.374Z,-0.094192505,0.18402919,0.8477497,1.4142786,0,0,0,0,0.4260915,0.0006958104,0.001727772,0.015208834,,minecraft:stained_hardened_clay
1366,2026-08-04T18:32:58.424Z,-0.094192505,0.17581284,0.37677765,0.8626829,0,0,0,0,0.1740169,0.0006928057,0.0019483467,0.010509239,,minecraft:stained_hardened_clay
1367,2026-08-04T18:32:58.476Z,-0.37677002,0.16479439,0.6593609,0.62375695,0,0,0,0,0.06384011,0.0007660029,0.0022596472,0.008019432,,minecraft:stained_hardened_clay
1368,2026-08-04T18:32:58.526Z,0.0,0.1509968,0.0,0.5251227,0,0,0,0,0.03120407,0.0008885806,0.0026397903,0.0070019816,,minecraft:stained_hardened_clay
1369,2026-08-04T18:32:58.575Z,0.0,0.13805413,0.0,0.618799,0,0,0,0,0.03210207,0.0009177732,0.0026675938,0.007046061,,minecraft:stained_hardened_clay
1370,2026-08-04T18:32:58.636Z,0.0,0.09564733,0.0,0.98278016,0,0,0,0,0.07911638,0.0010124288,0.0025429754,0.010411532,,minecraft:stained_hardened_clay
1371,2026-08-04T18:32:58.676Z,0.0,0.079693146,0.0,0.8375956,0,0,0,0,0.21490076,0.00090269645,0.0023373032,0.013767239,,minecraft:stained_hardened_clay
1372,2026-08-04T18:32:58.726Z,0.0,0.09913007,0.0,0.38231418,0,0,0,0,0.36116856,0.0007481862,0.0022259175,0.01544551,,minecraft:stained_hardened_clay
1373,2026-08-04T18:32:58.775Z,0.0,0.13833812,0.0,-0.6370962,1,0,0,0,0.31432214,0.0007134832,0.0028077385,0.015006908,,minecraft:stained_hardened_clay
1374,2026-08-04T18:32:58.823Z,0.0,0.1672709,0.0,-0.056389548,1,0,0,0,0.72028327,0.00090125046,0.0030164863,0.028463118,,minecraft:stained_hardened_clay
1375,2026-08-04T18:32:58.875Z,-0.37678528,0.13355634,6.78203,0.7732179,1,0,0,0,0.8418731,0.0009018694,0.0025315557,0.034977417,,minecraft:stained_hardened_clay
1376,2026-08-04T18:32:58.924Z,-0.6593704,0.09855942,11.868538,2.2578974,1,0,0,0,0.93575776,0.00085969723,0.0017863469,0.043760907,,minecraft:stained_hardened_clay
1377,2026-08-04T18:32:58.975Z,-0.6593704,0.050183535,10.549812,3.6094034,1,0,0,0,0.98566794,0.0007412978,0.0011342495,0.08313223,,minecraft:stained_hardened_clay
1378,2026-08-04T18:32:59.024Z,0.65935516,0.045831807,3.391014,3.709095,1,0,0,0,0.9935515,0.0006077248,0.00093956204,0.11069789,,minecraft:stained_hardened_clay
1379,2026-08-04T18:32:59.075Z,0.56516266,0.03584303,1.0361252,3.178995,1,0,0,0,0.9951574,0.0006480362,0.0010497521,0.123717755,,minecraft:stained_hardened_clay
1380,2026-08-04T18:32:59.125Z,0.65934753,0.055200495,1.695488,2.2296195,1,0,0,0,0.99555165,0.00059879065,0.0011459029,0.12526834,,minecraft:stained_hardened_clay
1381,2026-08-04T18:32:59.174Z,0.9419327,0.059578113,1.883873,1.3927047,1,0,0,0,0.9954234,0.0005445236,0.0012410199,0.12111108,,minecraft:stained_hardened_clay
1382,2026-08-04T18:32:59.223Z,1.130333,0.04501631,2.449051,0.81085885,1,0,0,0,0.99440163,0.00053039426,0.001446772,0.12191854,,minecraft:stained_hardened_clay
1383,2026-08-04T18:32:59.274Z,0.18838501,0.03764838,1.6012955,0.34439343,1,0,0,1,0.9944865,0.0005464843,0.0016149877,0.13386099,minecraft:stained_hardened_clay,minecraft:stained_hardened_clay
1384,2026-08-04T18:32:59.323Z,0.0,0.0558644,0.18838501,-0.4416169,1,0,0,0,0.99491477,0.0005488662,0.0019019254,0.12996678,,minecraft:stained_hardened_clay
1385,2026-08-04T18:32:59.374Z,-3.6735764,0.08161632,-0.7535629,-1.6959479,1,0,0,0,0.99163,0.00059293484,0.0026479114,0.1155611,,minecraft:stained_hardened_clay
1386,2026-08-04T18:32:59.426Z,-1.130333,0.08124863,-3.108429,-1.0617802,1,0,0,1,0.9947747,0.0006537667,0.0026820297,0.13522942,minecraft:stained_hardened_clay,minecraft:stained_hardened_clay
1387,2026-08-04T18:32:59.473Z,1.6954956,0.0649604,-2.8258362,-0.05471582,1,0,0,0,0.9965448,0.00064503634,0.0022422376,0.15323807,,minecraft:stained_hardened_clay
1388,2026-08-04T18:32:59.523Z,1.7896805,0.06433485,-0.7535553,0.63162875,1,0,0,0,0.99727315,0.0005727857,0.0016974815,0.15058222,,minecraft:stained_hardened_clay
1389,2026-08-04T18:32:59.574Z,0.18838501,0.041043468,2.260643,1.0359666,1,0,0,1,0.9976774,0.0005310038,0.0014721054,0.15623622,minecraft:stained_hardened_clay,minecraft:stained_hardened_clay
1390,2026-08-04T18:32:59.624Z,0.094192505,0.019172847,0.9419403,1.0671555,1,0,0,0,0.9978434,0.000511856,0.0014155734,0.16021019,,minecraft:stained_hardened_clay
1391,2026-08-04T18:32:59.673Z,0.094192505,0.011218458,0.8477402,0.7729148,1,0,0,0,0.9978928,0.00051066664,0.0014894508,0.16296011,,minecraft:stained_hardened_clay
1392,2026-08-04T18:32:59.725Z,-0.18838501,-0.029777408,3.485199,0.6910346,1,0,0,1,0.99818474,0.0005328874,0.0016166692,0.18734457,minecraft:stained_hardened_clay,minecraft:stained_hardened_clay
1393,2026-08-04T18:32:59.774Z,0.37677002,-0.024502002,1.2245102,-0.039141886,1,0,0,0,0.9980726,0.0005986283,0.0020255626,0.19702229,,minecraft:stained_hardened_clay
1394,2026-08-04T18:32:59.823Z,0.0,0.04433632,0.094192505,-1.7625957,1,0,0,0,0.9958211,0.00068886834,0.0031224906,0.16956335,,minecraft:stained_hardened_clay
1395,2026-08-04T18:32:59.873Z,-0.18839264,0.10621505,3.0142517,-2.957022,1,0,0,0,0.9859022,0.0006696864,0.0038763592,0.1095339,,minecraft:stained_hardened_clay
1396,2026-08-04T18:32:59.923Z,0.0,0.057944648,5.0865326,-1.0427657,1,0,0,0,0.99554944,0.00079757726,0.0032205123,0.15100804,,minecraft:stained_hardened_clay
1397,2026-08-04T18:32:59.973Z,-0.6593704,0.04686687,-9.51371,-0.04860962,1,0,0,0,0.997001,0.000724495,0.002497267,0.16099429,,minecraft:stained_hardened_clay
1398,2026-08-04T18:33:00.024Z,0.0,0.02725473,-1.9780884,0.74921894,1,0,0,0,0.99758613,0.0006285857,0.0018996737,0.16500507,,minecraft:stained_hardened_clay
1399,2026-08-04T18:33:00.074Z,0.0,0.009916253,0.0,0.94946235,1,0,0,0,0.9977976,0.0005820628,0.0016995448,0.16903746,,minecraft:stained_hardened_clay
1400,2026-08-04T18:33:00.123Z,0.0,0.005909577,0.18838501,0.6911794,1,0,0,0,0.9978021,0.0005698332,0.0017363209,0.16966936,,minecraft:stained_hardened_clay
1401,2026-08-04T18:33:00.174Z,0.9419403,-0.033337988,4.80394,0.94912535,1,0,0,0,0.9979724,0.000555229,0.0015641074,0.17326145,,minecraft:stained_hardened_clay
1402,2026-08-04T18:33:00.224Z,1.2245255,-0.04734674,1.9780807,0.893431,1,0,0,0,0.9979023,0.0005547855,0.0015588135,0.17328697,,minecraft:stained_hardened_clay
1403,2026-08-04T18:33:00.274Z,0.565155,-0.03498472,-0.18838501,0.44492134,1,0,0,0,0.99749196,0.0005904977,0.0017731122,0.16692089,,minecraft:stained_hardened_clay
1404,2026-08-04T18:33:00.323Z,0.28258514,-0.026838627,-0.094192505,0.09504043,1,0,0,0,0.9965023,0.0006302392,0.0019614524,0.15213808,,minecraft:stained_hardened_clay
1405,2026-08-04T18:33:00.373Z,0.0,-0.02858387,0.0,-0.039844558,1,0,0,0,0.99543095,0.0006296998,0.0020032264,0.13727167,,minecraft:stained_hardened_clay
1406,2026-08-04T18:33:00.424Z,0.0,-0.03219311,0.0,-0.04247116,1,0,0,0,0.9941051,0.00062763144,0.001994607,0.12391873,,minecraft:stained_hardened_clay
1407,2026-08-04T18:33:00.474Z,0.37677765,-0.042494908,4.2387695,0.25060484,1,0,0,0,0.99359435,0.000641329,0.0019203457,0.12045563,,minecraft:stained_hardened_clay
1408,2026-08-04T18:33:00.524Z,0.094192505,-0.06575028,0.6593628,0.37754345,1,0,0,1,0.993814,0.0007017797,0.0020782223,0.13563232,minecraft:stained_hardened_clay,minecraft:stained_hardened_clay
1409,2026-08-04T18:33:00.574Z,0.0,-0.032061223,-6.9704437,-1.3958831,1,0,0,0,0.9842494,0.00075510365,0.003138654,0.11235723,,minecraft:stained_hardened_clay
1410,2026-08-04T18:33:00.624Z,0.0,0.015061706,-4.709732,-2.1144257,1,0,0,0,0.98036915,0.00081226794,0.0038793762,0.0979862,,minecraft:stained_hardened_clay
1411,2026-08-04T18:33:00.673Z,0.0,0.015478045,-1.8838577,-1.4987816,1,0,0,0,0.9755946,0.0008862012,0.0039068065,0.08762512,,minecraft:stained_hardened_clay
1412,2026-08-04T18:33:00.725Z,0.0,-0.0033230335,-0.094192505,-0.13206899,1,0,0,0,0.97413087,0.0009007024,0.0030727321,0.077409595,,minecraft:stained_hardened_clay
1413,2026-08-04T18:33:00.776Z,-3.4852371,-0.050227523,10.07888,1.9581647,1,0,0,0,0.9898211,0.0009366499,0.0020165616,0.10729465,,minecraft:stained_hardened_clay
1414,2026-08-04T18:33:00.825Z,-0.18839264,-0.075319596,1.6955032,2.7953227,1,0,0,0,0.99527943,0.0007937,0.0014851494,0.14106604,,minecraft:stained_hardened_clay
1415,2026-08-04T18:33:00.875Z,0.0,-0.07085238,0.0,2.4848962,1,0,0,0,0.9968957,0.0006969745,0.0014009939,0.16800539,,minecraft:stained_hardened_clay
1416,2026-08-04T18:33:00.923Z,0.0,-0.061244402,0.0,1.7042525,1,0,0,0,0.99725276,0.00067501055,0.0015369187,0.1796002,,minecraft:stained_hardened_clay
1417,2026-08-04T18:33:00.974Z,0.0,-0.049993925,0.0,0.90870434,1,0,0,0,0.9971763,0.0006876323,0.0017685932,0.18015015,,minecraft:stained_hardened_clay
1418,2026-08-04T18:33:01.023Z,0.0,-0.0445752,0.0,0.3317957,1,0,0,0,0.9969764,0.0006868149,0.0019499802,0.17522281,,minecraft:stained_hardened_clay
1419,2026-08-04T18:33:01.074Z,0.94195557,-0.050870672,3.7677994,0.2377392,1,0,0,1,0.9969824,0.00067681645,0.0019684846,0.17336668,minecraft:stained_hardened_clay,minecraft:stained_hardened_clay
1420,2026-08-04T18:33:01.124Z,0.2825775,-0.058131862,1.507103,0.2643283,1,0,0,0,0.99709344,0.00066638505,0.0019467338,0.17399712,,minecraft:stained_hardened_clay
1421,2026-08-04T18:33:01.174Z,0.0,-0.07681518,0.0,0.11789923,1,0,0,0,0.9973236,0.0007057636,0.0021625946,0.19184232,,minecraft:stained_hardened_clay
1422,2026-08-04T18:33:01.224Z,0.0,-0.043104567,0.0,-0.82824355,1,0,0,0,0.9957569,0.0006980534,0.0025269014,0.16692433,,minecraft:stained_hardened_clay
1423,2026-08-04T18:33:01.274Z,0.0,0.006899081,0.0,-1.8852518,1,0,0,1,0.99130124,0.00073820516,0.0032564048,0.14151123,minecraft:stained_hardened_clay,minecraft:stained_hardened_clay
1424,2026-08-04T18:33:01.324Z,0.0,-0.015218373,0.0,-0.94086844,1,0,0,0,0.99596703,0.0008185624,0.0029816974,0.16887252,,minecraft:stained_hardened_clay
1425,2026-08-04T18:33:01.374Z,-0.47097778,-0.04275204,-1.2245255,0.07447041,1,0,0,0,0.99774534,0.00073680194,0.0023506328,0.1990861,,minecraft:stained_hardened_clay
1426,2026-08-04T18:33:01.423Z,-3.9562073,-0.06163947,-4.8039474,0.43812755,1,0,0,0,0.99805284,0.0007054749,0.0021252057,0.21224387,,minecraft:stained_hardened_clay
1427,2026-08-04T18:33:01.474Z,-3.7677765,-0.067209624,-0.28258514,0.26832297,1,0,0,0,0.9981061,0.00069732795,0.0021362302,0.21476427,,minecraft:stained_hardened_clay
1428,2026-08-04T18:33:01.524Z,-5.557495,-0.05129607,-2.6374664,-0.25171506,1,0,0,0,0.9975625,0.0007243872,0.0023227723,0.19837981,,minecraft:stained_hardened_clay
1429,2026-08-04T18:33:01.573Z,-1.2245331,-0.05099518,-0.5651703,-0.41331428,1,0,0,0,0.99688053,0.0007285935,0.0023420525,0.17859606,,minecraft:stained_hardened_clay
1430,2026-08-04T18:33:01.624Z,-2.3548584,-0.060610425,0.84775543,-0.24243662,1,0,0,0,0.9965611,0.0007158338,0.0022233764,0.16862047,,minecraft:stained_hardened_clay
1431,2026-08-04T18:33:01.673Z,-8.477539,-0.046140343,-4.238777,-0.56300896,1,0,0,0,0.99558336,0.00066733354,0.0022514455,0.14457554,,minecraft:stained_hardened_clay
1432,2026-08-04T18:33:01.724Z,-14.882767,-0.019955717,-5.1807404,-1.1583643,1,0,0,0,0.99319804,0.00063086575,0.0023802707,0.1188242,,minecraft:stained_hardened_clay
1433,2026-08-04T18:33:01.774Z,-3.4852104,-0.008486114,0.5651703,-0.8132865,1,0,0,1,0.9940832,0.0006388121,0.0023471464,0.1245174,minecraft:stained_hardened_clay,minecraft:stained_hardened_clay
1434,2026-08-04T18:33:01.823Z,-4.1445694,-0.017607529,-2.1664963,-0.05705926,1,0,0,0,0.9955388,0.00063179113,0.0020755443,0.13171664,,minecraft:stained_hardened_clay
1435,2026-08-04T18:33:01.874Z,-6.593643,-0.022452831,-0.18839264,0.26933405,1,0,0,0,0.9959337,0.00052196137,0.0016294679,0.112400495,,minecraft:stained_hardened_clay
1436,2026-08-04T18:33:01.924Z,-1.507122,0.001249358,2.6374512,-0.03919112,1,0,0,1,0.99538606,0.00044722162,0.0015080151,0.098777615,minecraft:stained_hardened_clay,minecraft:stained_hardened_clay
1437,2026-08-04T18:33:01.973Z,0.0,0.027007088,0.0,-0.71405506,1,0,0,0,0.9935034,0.00043250178,0.0016869635,0.087259464,,minecraft:stained_hardened_clay
1438,2026-08-04T18:33:02.024Z,4.332966,0.027237989,-3.5794067,0.06042067,1,0,0,0,0.9967367,0.0006373449,0.0020623214,0.13819082,,minecraft:stained_hardened_clay
1439,2026-08-04T18:33:02.074Z,13.658237,0.008009918,-3.7677917,-0.043543305,1,0,0,1,0.9970511,0.00068644254,0.002281163,0.14939317,minecraft:stained_hardened_clay,minecraft:stained_hardened_clay
1440,2026-08-04T18:33:02.124Z,5.7458916,0.017084412,-1.3187294,-0.67488796,1,0,0,0,0.99669635,0.00073529244,0.0028107318,0.1554638,,minecraft:stained_hardened_clay
1441,2026-08-04T18:33:02.174Z,4.6155586,0.025077127,0.6593666,-0.3815304,1,0,0,0,0.99687445,0.00064677413,0.0022878032,0.14169039,,minecraft:stained_hardened_clay
1442,2026-08-04T18:33:02.225Z,-3.767784,-0.011685342,6.876236,0.76065695,1,0,0,1,0.9977344,0.0005459886,0.001642058,0.14727157,minecraft:stained_hardened_clay,minecraft:stained_hardened_clay
1443,2026-08-04T18:33:02.274Z,-5.7458725,-0.054082043,7.4413986,1.5553553,1,0,0,0,0.99823064,0.00047069357,0.001273642,0.1568416,,minecraft:stained_hardened_clay
1444,2026-08-04T18:33:02.324Z,-1.6955147,-0.07779346,1.8838806,1.5444119,1,0,0,0,0.99843925,0.00044633917,0.0011966029,0.16845284,,minecraft:stained_hardened_clay
1445,2026-08-04T18:33:02.374Z,0.09419632,-0.083259955,0.47096252,1.1816972,1,0,0,1,0.99852175,0.00042966654,0.0012183993,0.17194255,minecraft:stained_hardened_clay,minecraft:stained_hardened_clay
1446,2026-08-04T18:33:02.425Z,5.0865326,-0.060690843,0.65935516,0.42886993,1,0,0,0,0.9983004,0.00045337,0.0014551828,0.17048764,,minecraft:stained_hardened_clay
1447,2026-08-04T18:33:02.474Z,7.9123535,0.010129444,-10.549858,-0.78656685,1,0,0,0,0.9973773,0.0005415373,0.002205236,0.16060674,,minecraft:stained_hardened_clay
1448,2026-08-04T18:33:02.524Z,5.1807175,0.010275021,-6.8762207,-0.55022067,1,0,0,0,0.99792707,0.00059926364,0.0023398653,0.17232974,,minecraft:stained_hardened_clay
1449,2026-08-04T18:33:02.576Z,-2.2606812,-0.0053187385,1.6013107,-0.11566512,1,0,0,1,0.99812657,0.00061797915,0.00225812,0.1824101,minecraft:stained_hardened_clay,minecraft:stained_hardened_clay
1450,2026-08-04T18:33:02.623Z,-8.006554,-0.027938738,5.5575104,0.447661,1,0,0,0,0.99802077,0.00058670057,0.0018954519,0.1686409,,minecraft:stained_hardened_clay
1451,2026-08-04T18:33:02.674Z,-9.890457,-0.054262158,4.898155,0.9603513,1,0,0,0,0.9981433,0.000542131,0.0015820438,0.1685514,,minecraft:stained_hardened_clay
1452,2026-08-04T18:33:02.725Z,-11.962738,-0.06325056,2.9200516,0.9620213,1,0,0,1,0.9981945,0.0005228571,0.0015124702,0.16999003,minecraft:stained_hardened_clay,minecraft:stained_hardened_clay
1453,2026-08-04T18:33:02.773Z,-4.0503807,-0.040806826,-4.238777,0.41504297,1,0,0,0,0.9979113,0.00055067724,0.0017051436,0.16303621,,minecraft:stained_hardened_clay
1454,2026-08-04T18:33:02.823Z,-3.3910103,-0.037354264,-3.1084442,0.09867125,1,0,0,0,0.9975439,0.0005154561,0.0016154482,0.13612945,,minecraft:stained_hardened_clay
1455,2026-08-04T18:33:02.874Z,-0.09419441,0.0048140287,0.0,-0.4324886,1,0,0,1,0.99568474,0.0004649123,0.0016253616,0.10336418,minecraft:stained_hardened_clay,minecraft:stained_hardened_clay
1456,2026-08-04T18:33:02.923Z,0.0,0.039492726,0.0,-1.2505517,1,0,0,0,0.9857662,0.00042206384,0.001836782,0.06355411,,minecraft:stained_hardened_clay
1457,2026-08-04T18:33:02.975Z,0.0,0.06821642,0.0,-1.4697437,1,0,0,0,0.96296936,0.0004205686,0.002031249,0.042000532,,minecraft:stained_hardened_clay
1458,2026-08-04T18:33:03.025Z,5.3691006,0.054590143,-3.8619766,0.92339283,1,0,0,0,0.99532396,0.0006312534,0.0016631166,0.11178605,,minecraft:stained_hardened_clay
1459,2026-08-04T18:33:03.075Z,12.151138,0.05930262,-12.151131,1.2214215,1,0,0,1,0.99700123,0.0005522862,0.0014866507,0.13079715,minecraft:stained_hardened_clay,minecraft:stained_hardened_clay
1460,2026-08-04T18:33:03.124Z,4.5213547,0.10554417,-3.391014,-0.15441297,1,0,0,0,0.9955922,0.00055606134,0.0018944977,0.1107314,,minecraft:stained_hardened_clay
1461,2026-08-04T18:33:03.177Z,-4.992325,0.10106046,4.8981285,-0.4742695,1,0,0,1,0.9906984,0.00050308596,0.001910287,0.07506383,minecraft:stained_hardened_clay,minecraft:stained_hardened_clay
1462,2026-08-04T18:33:03.223Z,0.28258896,0.05731667,8.665928,0.7217734,1,0,0,0,0.9945721,0.00057169946,0.0016336987,0.10009406,,minecraft:stained_hardened_clay
1463,2026-08-04T18:33:03.274Z,6.8762207,0.04111653,3.767807,1.1096433,1,0,0,0,0.9956334,0.0005621366,0.001503172,0.1120689,,minecraft:stained_hardened_clay
1464,2026-08-04T18:33:03.324Z,8.383335,0.03365463,9.98465,1.4566028,1,0,0,1,0.9968321,0.00054046366,0.0013687941,0.13479026,minecraft:stained_hardened_clay,minecraft:stained_hardened_clay
1465,2026-08-04T18:33:03.375Z,9.419498,0.05137874,-5.1807175,1.0156947,1,0,0,0,0.99691296,0.0005289332,0.00146055,0.14171854,,minecraft:stained_hardened_clay
1466,2026-08-04T18:33:03.424Z,6.970436,0.03933534,-7.25301,0.66589326,1,0,0,0,0.996806,0.0006098313,0.0018900656,0.16990812,,minecraft:stained_hardened_clay
1467,2026-08-04T18:33:03.473Z,7.1588135,0.042855255,4.050396,0.3740163,1,0,0,1,0.99662375,0.00066744775,0.0021536495,0.18347873,minecraft:stained_hardened_clay,minecraft:stained_hardened_clay
1468,2026-08-04T18:33:03.524Z,17.708633,0.08755811,1.6955185,-0.5989013,1,0,0,0,0.99096316,0.00058505934,0.0022971488,0.12774241,,minecraft:stained_hardened_clay
1469,2026-08-04T18:33:03.573Z,19.780914,0.11104668,2.6374664,-1.173112,1,0,0,0,0.97747076,0.000607521,0.0027220503,0.09499098,,minecraft:stained_hardened_clay
1470,2026-08-04T18:33:03.624Z,7.2529526,0.023873024,11.303421,0.66639215,1,0,0,1,0.99563605,0.00082658755,0.0024093164,0.17844996,minecraft:stained_hardened_clay,minecraft:stained_hardened_clay
1471,2026-08-04T18:33:03.673Z,0.18838501,-0.044323787,3.2026215,1.1085912,1,0,0,0,0.9975561,0.0007147817,0.0020065706,0.20870437,,minecraft:stained_hardened_clay
1472,2026-08-04T18:33:03.723Z,-5.8400497,0.021809436,-10.926613,-0.4416012,1,0,0,0,0.9971956,0.0007462526,0.0026887474,0.20215221,,minecraft:stained_hardened_clay
1473,2026-08-04T18:33:03.774Z,-9.419487,0.08509263,-9.796288,-1.7324593,1,0,0,1,0.99460995,0.00072853663,0.0033209787,0.15931603,minecraft:stained_hardened_clay,minecraft:stained_hardened_clay
1474,2026-08-04T18:33:03.824Z,-1.4129181,0.07615087,-3.7677803,-1.557287,1,0,0,0,0.9927375,0.0007578575,0.003392663,0.13563566,,minecraft:stained_hardened_clay
1475,2026-08-04T18:33:03.874Z,2.6374512,0.046331964,-2.8258476,-0.6017305,1,0,0,0,0.99303836,0.00078121165,0.0029521442,0.13132642,,minecraft:stained_hardened_clay
1476,2026-08-04T18:33:03.924Z,6.405258,0.023866601,4.2387695,0.46206495,1,0,0,1,0.9950134,0.00077196455,0.0023577341,0.14095315,minecraft:stained_hardened_clay,minecraft:stained_hardened_clay
1477,2026-08-04T18:33:03.973Z,17.331848,0.016425118,1.4129105,0.8979793,1,0,0,0,0.99589455,0.00072856224,0.0020731883,0.1498561,,minecraft:stained_hardened_clay
1478,2026-08-04T18:33:04.024Z,9.136887,-0.028740108,-5.4633026,1.520157,1,0,0,0,0.9971571,0.0007176354,0.0018992798,0.19430916,,minecraft:stained_hardened_clay
1479,2026-08-04T18:33:04.074Z,-19.780914,-0.04678812,7.347191,1.3939507,1,0,0,1,0.9974728,0.00071171514,0.0018884409,0.21218185,minecraft:stained_hardened_clay,minecraft:stained_hardened_clay
1480,2026-08-04T18:33:04.124Z,-26.091972,-0.023251481,-1.7896957,0.7099225,1,0,0,0,0.99712366,0.0007251988,0.002165421,0.21449119,,minecraft:stained_hardened_clay
1481,2026-08-04T18:33:04.174Z,-21.853195,0.06428852,-19.027351,-1.2904514,1,0,0,0,0.9908285,0.00076176925,0.0033568095,0.1660164,,minecraft:stained_hardened_clay
1482,2026-08-04T18:33:04.223Z,-1.4129257,0.11308896,-9.042706,-1.409867,1,0,0,1,0.9909608,0.0009422793,0.0042529246,0.16818134,minecraft:stained_hardened_clay,minecraft:stained_hardened_clay
1483,2026-08-04T18:33:04.273Z,25.620987,0.0827548,11.114979,-0.027440324,1,0,0,0,0.9942114,0.0011450873,0.0039167632,0.20384936,,minecraft:stained_hardened_clay
1484,2026-08-04T18:33:04.324Z,40.127,0.042285345,22.041573,1.5147986,1,0,0,0,0.9964819,0.00094030274,0.0023420025,0.20719807,,minecraft:stained_hardened_clay
1485,2026-08-04T18:33:04.374Z,5.1806946,-0.026334394,2.2606735,2.3287706,1,0,0,1,0.9976019,0.000772246,0.0017302278,0.22510703,minecraft:stained_hardened_clay,minecraft:stained_hardened_clay
1486,2026-08-04T18:33:04.424Z,-12.527924,-0.05301378,5.180748,2.0501585,1,0,0,0,0.99813604,0.0006612984,0.0016062625,0.23513156,,minecraft:stained_hardened_clay
1487,2026-08-04T18:33:04.474Z,-13.564079,-0.059360716,-1.6955261,1.3096921,1,0,0,0,0.99832886,0.0006534925,0.0017808032,0.24632402,,minecraft:stained_hardened_clay
1488,2026-08-04T18:33:04.525Z,-17.049278,-0.04605276,-2.354889,0.6359351,1,0,0,1,0.9982889,0.00066078117,0.0020455527,0.24488513,minecraft:stained_hardened_clay,minecraft:stained_hardened_clay
1489,2026-08-04T18:33:04.574Z,-15.353752,-0.03711676,-0.094200134,0.3109411,1,0,0,0,0.9981964,0.00067239004,0.002205352,0.2404161,,minecraft:stained_hardened_clay
1490,2026-08-04T18:33:04.624Z,-5.4633102,0.002131693,0.94195557,-0.41142866,1,0,0,0,0.99747986,0.0007451906,0.0027391135,0.22813012,,minecraft:stained_hardened_clay
1491,2026-08-04T18:33:04.674Z,-0.094192505,0.07854643,0.65935516,-1.4753429,1,0,0,1,0.99511105,0.00070476724,0.0030817653,0.1766048,minecraft:stained_hardened_clay,minecraft:stained_hardened_clay
1492,2026-08-04T18:33:04.725Z,3.6735992,0.06514227,0.094200134,-0.6262887,1,0,0,0,0.99703276,0.0007074468,0.002696479,0.19168417,,minecraft:stained_hardened_clay
1493,2026-08-04T18:33:04.774Z,-2.9200516,0.06349341,-12.9047165,-0.5939522,1,0,0,0,0.99709845,0.00067961094,0.002632738,0.18752903,,minecraft:stained_hardened_clay
1494,2026-08-04T18:33:04.825Z,-16.955078,0.060169704,-3.861988,-0.77399087,1,0,0,1,0.99616635,0.00070166704,0.0028153302,0.16596542,minecraft:stained_hardened_clay,minecraft:stained_hardened_clay
1495,2026-08-04T18:33:04.875Z,-13.187275,0.042618126,4.6155396,-0.22847506,1,0,0,0,0.99663335,0.0006672013,0.002429381,0.16517033,,minecraft:stained_hardened_clay
1496,2026-08-04T18:33:04.924Z,-4.9923325,0.026638553,0.94195175,0.2965265,1,0,0,0,0.99705863,0.00061262207,0.0020488454,0.1646624,,minecraft:stained_hardened_clay
1497,2026-08-04T18:33:04.973Z,-14.035027,0.0148901865,3.1084518,0.61868507,1,0,0,1,0.99739146,0.000565377,0.0017810193,0.16550444,minecraft:stained_hardened_clay,minecraft:stained_hardened_clay
1498,2026-08-04T18:33:05.024Z,-10.9265995,-0.004152,6.216858,0.88928807,1,0,0,0,0.99774027,0.00052854285,0.0015805019,0.17049192,,minecraft:stained_hardened_clay
1499,2026-08-04T18:33:05.075Z,2.7316494,0.0004806891,-1.3187256,0.61757845,1,0,0,0,0.997686,0.00051831803,0.0016159745,0.16936553,,minecraft:stained_hardened_clay
1500,2026-08-04T18:33:05.125Z,7.4413834,0.03914778,-1.1303482,-0.6667346,1,0,0,0,0.9956456,0.00054536265,0.0020857677,0.14505666,,minecraft:stained_hardened_clay
1501,2026-08-04T18:33:05.173Z,18.838966,0.08181115,-6.8762207,-2.1989627,1,0,0,1,0.9855531,0.0005332083,0.0028297282,0.089998074,minecraft:stained_hardened_clay,minecraft:stained_hardened_clay
1502,2026-08-04T18:33:05.223Z,2.637455,0.09759108,-6.1226616,-1.4895965,1,0,0,0,0.9910227,0.00068835344,0.0030483638,0.103936635,,minecraft:stained_hardened_clay
1503,2026-08-04T18:33:05.274Z,0.6593666,0.07871335,-1.1303406,-0.2562089,1,0,0,0,0.99385095,0.0007214995,0.0025440447,0.11182426,,minecraft:stained_hardened_clay
1504,2026-08-04T18:33:05.325Z,3.0142288,-0.0022439957,13.84663,1.9983852,1,0,0,0,0.9972825,0.00062368816,0.0014843132,0.13935642,,minecraft:stained_hardened_clay
1505,2026-08-04T18:33:05.373Z,4.0504,-0.059022397,14.506004,3.0650058,1,0,0,0,0.9981875,0.00047526747,0.0009808551,0.15710457,,minecraft:stained_hardened_clay
1506,2026-08-04T18:33:05.424Z,0.28258514,-0.073676154,1.1303406,2.5346816,1,0,0,0,0.99850595,0.00043796207,0.0010100126,0.17554466,,minecraft:stained_hardened_clay
1507,2026-08-04T18:33:05.473Z,-0.18838501,-0.0757705,-1.8838882,1.4419699,1,0,0,0,0.9986223,0.00046839233,0.0012652725,0.1951555,,minecraft:stained_hardened_clay
1508,2026-08-04T18:33:05.524Z,0.0,-0.07283469,0.0,0.83725524,1,0,0,0,0.9986681,0.0004706059,0.0014116385,0.20498878,,minecraft:stained_hardened_clay
1509,2026-08-04T18:33:05.574Z,0.0,-0.074315466,0.0,0.62085444,1,0,0,0,0.99869895,0.00047797232,0.0014935547,0.21041906,,minecraft:stained_hardened_clay
1510,2026-08-04T18:33:05.624Z,0.0,-0.046125047,0.0,0.13192728,1,0,0,0,0.99851054,0.0005228796,0.0017528097,0.19833447,,minecraft:stained_hardened_clay
1511,2026-08-04T18:33:05.674Z,0.0,-0.035432067,0.0,0.14051566,1,0,0,0,0.9984469,0.0005284494,0.001772848,0.19160086,,minecraft:stained_hardened_clay
1512,2026-08-04T18:33:05.724Z,0.0,-0.043944284,0.0,0.23339552,1,0,0,0,0.9982449,0.00053745386,0.0017563725,0.1908058,,minecraft:stained_hardened_clay
1513,2026-08-04T18:33:05.773Z,0.0,-0.0065902695,0.0,-0.5116166,1,0,0,0,0.9979646,0.0005825032,0.0021902982,0.18756865,,minecraft:stained_hardened_clay
1514,2026-08-04T18:33:05.823Z,1.3187332,0.03327238,0.0,-1.151879,1,0,0,0,0.99746597,0.0006577508,0.002775027,0.18355778,,minecraft:stained_hardened_clay
1515,2026-08-04T18:33:05.873Z,7.723984,0.02499567,1.1303482,-0.9076874,1,0,0,0,0.99719954,0.0007428911,0.0028293326,0.17656516,,minecraft:stained_hardened_clay
1516,2026-08-04T18:33:05.923Z,3.6735916,-0.026974123,0.6593628,-0.1289348,1,0,0,0,0.9974704,0.0006209169,0.002142815,0.16297477,,minecraft:stained_hardened_clay
1517,2026-08-04T18:33:05.974Z,0.0,-0.031293236,0.0,0.38445193,1,0,0,0,0.9975044,0.00058087485,0.0018384036,0.16470772,,minecraft:stained_hardened_clay
1518,2026-08-04T18:33:06.023Z,-0.28258514,-0.01610002,1.0361252,0.07601049,1,0,0,0,0.99719405,0.0005594901,0.0018619115,0.15226547,,minecraft:stained_hardened_clay
1519,2026-08-04T18:33:06.074Z,-0.75354004,-0.0068436414,0.65934753,0.27151698,1,0,0,0,0.99780315,0.0005588764,0.0018546733,0.17453142,,minecraft:stained_hardened_clay
1520,2026-08-04T18:33:06.124Z,-0.8477478,0.0013263673,0.9419403,-0.2636875,1,0,0,1,0.997027,0.0006403426,0.002262808,0.18100989,minecraft:stained_hardened_clay,minecraft:stained_hardened_clay
1521,2026-08-04T18:33:06.173Z,2.7316513,0.01441104,-0.94195557,-0.24137995,1,0,0,0,0.9975707,0.0006681902,0.0023727913,0.1982025,,minecraft:stained_hardened_clay
1522,2026-08-04T18:33:06.223Z,18.17958,0.029091,-3.4852448,-1.066326,1,0,0,0,0.99472934,0.00080367224,0.0032321527,0.17412885,,minecraft:stained_hardened_clay
1523,2026-08-04T18:33:06.274Z,5.086525,0.0032369643,0.18838501,-1.6066759,1,0,0,1,0.98319983,0.00085022365,0.0037623297,0.121619605,minecraft:stained_hardened_clay,minecraft:stained_hardened_clay
1524,2026-08-04T18:33:06.324Z,0.0,-0.016325075,0.0,-1.524214,1,0,0,0,0.95767176,0.0008882136,0.0038994167,0.08761934,,minecraft:stained_hardened_clay
1525,2026-08-04T18:33:06.373Z,0.0,-0.04480754,0.0,-1.0016296,1,0,0,0,0.69528383,0.0007842321,0.0033334263,0.037276946,,minecraft:stained_hardened_clay
1526,2026-08-04T18:33:06.424Z,-1.4129181,-0.10083236,2.8258362,-0.3580681,0,0,0,1,0.35949725,0.00092550874,0.0034454116,0.025493098,minecraft:stained_hardened_clay,minecraft:stained_hardened_clay
1527,2026-08-04T18:33:06.474Z,0.0,-0.05044756,0.18839264,-0.03799399,0,0,0,0,0.7388134,0.0010394522,0.00334169,0.04007391,,minecraft:stained_hardened_clay
1528,2026-08-04T18:33:06.523Z,0.0,0.0012649521,0.0,-0.6408075,0,0,0,0,0.84132075,0.00089620636,0.0033049972,0.04458676,,minecraft:stained_hardened_clay
1529,2026-08-04T18:33:06.573Z,-0.094192505,-0.06725681,0.0,-1.1364911,0,0,0,0,0.8377061,0.0009333351,0.003897321,0.04458131,,minecraft:stained_hardened_clay
1530,2026-08-04T18:33:06.623Z,-8.854309,-0.06581349,-4.1445923,-1.2727387,0,0,0,0,0.738713,0.0006809407,0.0031427285,0.034803957,,minecraft:stained_hardened_clay
1531,2026-08-04T18:33:06.674Z,-6.216881,-0.031231277,-5.5575256,-1.3518151,0,0,0,0,0.61020994,0.0006431003,0.003108008,0.028080143,,minecraft:stained_hardened_clay
1532,2026-08-04T18:33:06.724Z,-2.3548813,-0.024551768,-11.774391,-1.3390472,0,0,0,0,0.5511752,0.0006726371,0.0031847972,0.025169535,,minecraft:stained_hardened_clay
1533,2026-08-04T18:33:06.774Z,3.7678146,-0.0145307,-7.441395,-1.523212,1,0,0,0,0.4434298,0.00071823475,0.0035129236,0.022297675,,minecraft:stained_hardened_clay
1534,2026-08-04T18:33:06.824Z,0.18838501,-0.011438277,-0.37678146,-0.84936666,1,0,0,0,0.80864453,0.0007470253,0.0028690214,0.03986841,,minecraft:stained_hardened_clay
1535,2026-08-04T18:33:06.874Z,0.0,0.0019402951,0.0,-0.47786048,1,0,0,0,0.95556813,0.00063524605,0.0022447414,0.05805344,,minecraft:stained_hardened_clay
1536,2026-08-04T18:33:06.923Z,-2.5432816,0.06550302,-9.984646,-0.32700852,1,0,0,0,0.987941,0.0006144749,0.002220394,0.08032539,,minecraft:stained_hardened_clay
1537,2026-08-04T18:33:06.974Z,-6.216858,0.09200027,-5.18071,-0.23802224,1,0,0,0,0.9893216,0.0005727464,0.002140468,0.08084939,,minecraft:stained_hardened_clay
1538,2026-08-04T18:33:07.026Z,0.0,0.099144064,0.0,-0.14198832,1,0,0,0,0.98467326,0.000548668,0.0020949508,0.06996887,,minecraft:stained_hardened_clay
1539,2026-08-04T18:33:07.074Z,0.0,0.027354471,0.0,-0.0657319,1,0,0,0,0.9330158,0.00046769524,0.0017635872,0.03572365,,minecraft:stained_hardened_clay
1540,2026-08-04T18:33:07.123Z,0.0,-0.02906876,0.0,-0.44232124,1,0,0,0,0.62061846,0.0004417601,0.0019638734,0.019481272,,minecraft:stained_hardened_clay
1541,2026-08-04T18:33:07.176Z,0.0,-0.01922309,0.0,-0.7980782,1,0,0,0,0.19362564,0.0005532325,0.002559155,0.013381199,,minecraft:stained_hardened_clay
1542,2026-08-04T18:33:07.226Z,0.0,-0.005332358,0.0,-0.83104175,0,0,0,0,0.046841886,0.00074900733,0.0032652977,0.010128624,,minecraft:stained_hardened_clay
1543,2026-08-04T18:33:07.275Z,0.0,0.10793059,0.0,-0.686407,0,0,0,0,0.011039586,0.0008435381,0.003265481,0.0065964544,,minecraft:stained_hardened_clay
1544,2026-08-04T18:33:07.324Z,0.0,0.14614439,0.0,-0.51561385,0,0,0,0,0.0034350925,0.0010226322,0.0037441005,0.0047817416,,minecraft:stained_hardened_clay
1545,2026-08-04T18:33:07.374Z,0.0,0.14943671,0.0,0.09188906,0,0,0,0,0.0035236178,0.001530415,0.0043335548,0.006573927,,minecraft:stained_hardened_clay
1546,2026-08-04T18:33:07.424Z,0.0,0.13813436,0.0,0.054518126,0,0,0,0,0.0033143815,0.0018022037,0.0049132253,0.0067783394,,minecraft:stained_hardened_clay
1547,2026-08-04T18:33:07.475Z,0.0,0.13505667,0.0,0.043142326,0,0,0,0,0.0038526997,0.0020664877,0.0055133197,0.007597977,,minecraft:stained_hardened_clay
1548,2026-08-04T18:33:07.525Z,0.0,0.13484302,0.0,0.010972828,0,0,0,0,0.004163695,0.0022638945,0.005991932,0.008073642,,minecraft:stained_hardened_clay
1549,2026-08-04T18:33:07.573Z,0.0,0.07484337,0.0,0.16224974,0,0,0,0,0.0046973825,0.0020982707,0.0053058895,0.008703391,,minecraft:stained_hardened_clay
1550,2026-08-04T18:33:07.624Z,0.0,0.0921851,0.0,0.067547284,0,0,0,0,0.0036020451,0.0021520313,0.0054955413,0.008632238,,minecraft:stained_hardened_clay
1551,2026-08-04T18:33:07.674Z,0.0,0.11404354,0.0,0.07921318,0,0,0,0,0.0030865285,0.002164815,0.00567104,0.008674271,,minecraft:stained_hardened_clay
1552,2026-08-04T18:33:07.723Z,0.0,0.07145626,0.0,0.178208,0,0,0,0,0.0030652569,0.0024233,0.005844123,0.009140681,,minecraft:stained_hardened_clay
1553,2026-08-04T18:33:07.774Z,0.0,0.1455549,0.0,0.009705476,0,0,0,0,0.0034593276,0.002669539,0.00693668,0.010846243,,minecraft:stained_hardened_clay
1554,2026-08-04T18:33:07.825Z,0.0,0.16847008,0.0,-0.031835712,0,0,0,0,0.0046676807,0.003130083,0.008051782,0.013372236,,minecraft:stained_hardened_clay
1555,2026-08-04T18:33:07.873Z,0.0,0.19648924,0.0,-0.09435131,0,0,0,0,0.007214554,0.0033317837,0.0085587995,0.015791735,,minecraft:stained_hardened_clay
1556,2026-08-04T18:33:07.924Z,0.0,0.20996389,0.0,-0.24092379,0,0,0,0,0.010506625,0.003319123,0.009004799,0.01796743,,minecraft:stained_hardened_clay
1557,2026-08-04T18:33:07.977Z,8.289322,0.15939826,-43.23499,-1.4972501,0,0,0,0,0.0049971226,0.0025297944,0.011469288,0.008774898,,minecraft:stained_hardened_clay
1558,2026-08-04T18:33:08.024Z,0.0,0.14142731,0.0,-0.6541036,0,0,0,0,0.0024755253,0.00376716,0.012742194,0.010168617,,minecraft:stained_hardened_clay
1559,2026-08-04T18:33:08.079Z,0.0,0.106621616,0.0,0.02202744,0,0,0,0,0.0025091567,0.0046123625,0.011289958,0.014147213,,minecraft:stained_hardened_clay
1560,2026-08-04T18:33:08.124Z,0.0,0.07272922,0.0,0.2657458,0,0,0,0,0.0030824947,0.004906181,0.01047339,0.017570462,,minecraft:stained_hardened_clay
1561,2026-08-04T18:33:08.176Z,0.0,0.05896654,0.0,0.32242677,0,0,0,0,0.0033441365,0.00530329,0.010740632,0.019855136,,minecraft:stained_hardened_clay
1562,2026-08-04T18:33:08.229Z,0.0,0.048305273,0.0,0.35934165,0,0,0,0,0.0037296398,0.0058148573,0.01128345,0.022364024,,minecraft:stained_hardened_clay
1563,2026-08-04T18:33:08.275Z,0.0,0.04454799,0.0,0.390177,0,0,0,0,0.004281665,0.0062372712,0.011697159,0.024847602,,minecraft:stained_hardened_clay
1564,2026-08-04T18:33:08.324Z,0.0,0.045205347,0.0,0.4090757,0,0,0,0,0.0049008825,0.006545131,0.012028707,0.027017228,,minecraft:stained_hardened_clay
1565,2026-08-04T18:33:08.377Z,-0.18838501,0.04994323,-0.470974,0.41620263,0,0,0,0,0.00560002,0.006783272,0.012296674,0.029001614,,minecraft:stained_hardened_clay
1566,2026-08-04T18:33:08.426Z,0.18838501,0.054163985,-0.0941948,0.41794208,0,0,0,0,0.006171267,0.006972156,0.012529856,0.030575955,,minecraft:stained_hardened_clay
1567,2026-08-04T18:33:08.476Z,0.0,0.059639297,0.0,0.41105697,0,0,0,0,0.0067221327,0.007147335,0.012788424,0.031996805,,minecraft:stained_hardened_clay
1568,2026-08-04T18:33:08.525Z,0.0,0.06410494,0.0,0.4035096,0,0,0,0,0.0071434043,0.0072842035,0.013017489,0.03310804,,minecraft:stained_hardened_clay
1569,2026-08-04T18:33:08.581Z,0.0,0.06854477,0.0,0.3939497,0,0,0,0,0.0075098667,0.00740531,0.01323626,0.034049544,,minecraft:stained_hardened_clay
1570,2026-08-04T18:33:08.629Z,0.0,0.03753472,0.1883896,0.4437543,0,0,0,0,0.0061758603,0.0064250464,0.011507661,0.030649502,,minecraft:stained_hardened_clay
1571,2026-08-04T18:33:08.681Z,-1.5071182,0.015817508,4.3329606,0.5453083,0,0,0,0,0.006414726,0.0057690903,0.010073806,0.030022856,,minecraft:stained_hardened_clay
1572,2026-08-04T18:33:08.733Z,-3.391014,-0.011020731,11.774349,0.66343427,0,0,0,0,0.0075725345,0.005272413,0.008899024,0.03095064,,minecraft:stained_hardened_clay
1573,2026-08-04T18:33:08.778Z,-1.3187332,-0.022185557,6.8762197,0.7084027,0,0,0,0,0.008682829,0.004962255,0.008378242,0.031412397,,minecraft:stained_hardened_clay
1574,2026-08-04T18:33:08.830Z,0.094192505,-0.024587609,0.47097397,0.67699546,0,0,0,0,0.009088893,0.0048437864,0.008325682,0.031450596,,minecraft:stained_hardened_clay
1575,2026-08-04T18:33:08.877Z,0.0,0.020155497,0.0,0.48307315,0,0,0,0,0.0065715048,0.0051046885,0.009379432,0.031056272,,minecraft:stained_hardened_clay
1576,2026-08-04T18:33:08.925Z,0.0,0.035886228,0.0,0.36261353,0,0,0,0,0.0057210713,0.0058984566,0.011349316,0.03283787,,minecraft:stained_hardened_clay
1577,2026-08-04T18:33:08.981Z,0.0,0.041331038,0.0,0.31337553,0,0,0,0,0.005483129,0.0065200096,0.012730802,0.03433624,,minecraft:stained_hardened_clay
1578,2026-08-04T18:33:09.026Z,0.0,0.04452394,0.0,0.28555298,0,0,0,0,0.00554028,0.007088705,0.013891793,0.036101762,,minecraft:stained_hardened_clay
1579,2026-08-04T18:33:09.080Z,0.0,0.046153978,0.0,0.26369813,0,0,0,0,0.0057128854,0.0075544664,0.014853459,0.0377967,,minecraft:stained_hardened_clay
1580,2026-08-04T18:33:09.127Z,0.0,0.04715343,0.0,0.24513713,0,0,0,0,0.0058919988,0.007954856,0.01569819,0.03930878,,minecraft:stained_hardened_clay
1581,2026-08-04T18:33:09.184Z,0.0,0.05001098,0.0,0.2100662,0,0,0,0,0.0060294745,0.008346783,0.01666694,0.040484224,,minecraft:stained_hardened_clay
1582,2026-08-04T18:33:09.233Z,0.0,0.0502508,0.0,0.20015654,0,0,0,0,0.006015408,0.008484493,0.016998451,0.040687397,,minecraft:stained_hardened_clay
1583,2026-08-04T18:33:09.277Z,0.0,0.05230982,-0.94194794,0.21369675,0,0,0,0,0.0061426084,0.008427616,0.016824938,0.040644005,,minecraft:stained_hardened_clay
1584,2026-08-04T18:33:09.331Z,0.0,0.05204516,0.0,0.2000401,0,0,0,0,0.006504649,0.00857025,0.017213251,0.041675337,,minecraft:stained_hardened_clay
1585,2026-08-04T18:33:09.386Z,-1.2245407,0.050958954,0.7535572,0.21089724,0,0,0,0,0.0063985167,0.008502864,0.01701288,0.041266188,,minecraft:stained_hardened_clay
1586,2026-08-04T18:33:09.430Z,0.0,0.04979501,0.0,0.22537687,0,0,0,0,0.006322355,0.008364159,0.016669558,0.040731452,,minecraft:stained_hardened_clay
1587,2026-08-04T18:33:09.486Z,0.0,0.04787726,0.0,0.24826956,0,0,0,0,0.0062125493,0.008184162,0.016162682,0.03999384,,minecraft:stained_hardened_clay
1588,2026-08-04T18:33:09.532Z,0.0,0.0470229,0.0,0.25133768,0,0,0,0,0.005951317,0.008181601,0.016116282,0.039425522,,minecraft:stained_hardened_clay
1589,2026-08-04T18:33:09.587Z,0.0,0.06613142,0.0,0.17679566,0,0,0,0,0.0072182915,0.008571543,0.017155688,0.042403296,,minecraft:stained_hardened_clay
1590,2026-08-04T18:33:09.631Z,0.0,0.06497479,0.0,0.17353767,0,0,0,0,0.0071817865,0.008532592,0.017123403,0.04215587,,minecraft:stained_hardened_clay
1591,2026-08-04T18:33:09.682Z,0.0,0.063703366,0.0,0.1705141,0,0,0,0,0.007157846,0.008476181,0.01707868,0.041874252,,minecraft:stained_hardened_clay
1592,2026-08-04T18:33:09.733Z,0.0,0.062155984,0.0,0.16834074,0,0,0,0,0.0071487934,0.008409478,0.017022626,0.041594747,,minecraft:stained_hardened_clay
1593,2026-08-04T18:33:09.779Z,3.2026215,0.058858015,4.4271564,0.18110275,0,0,0,0,0.0072783376,0.008294994,0.01679618,0.041607425,,minecraft:stained_hardened_clay
1594,2026-08-04T18:33:09.834Z,6.5936356,0.05566206,7.3471947,0.15144014,0,0,0,0,0.0075284275,0.0062431144,0.0128140105,0.030067196,,minecraft:stained_hardened_clay
1595,2026-08-04T18:33:09.881Z,1.3187256,0.029276319,3.767788,0.1798192,0,0,0,0,0.006928398,0.0046912823,0.010123133,0.022965329,,minecraft:stained_hardened_clay
1596,2026-08-04T18:33:09.930Z,0.0,0.012363531,0.09419632,0.18860301,0,0,0,0,0.0061569093,0.003860555,0.008714605,0.018980745,,minecraft:stained_hardened_clay
1597,2026-08-04T18:33:09.982Z,0.0,0.0026141107,0.0,0.18805557,0,0,0,0,0.0056371195,0.003403864,0.007924187,0.016685925,,minecraft:stained_hardened_clay
1598,2026-08-04T18:33:10.029Z,0.0,-0.0036356673,0.0,0.18647346,0,0,0,0,0.005346161,0.0031210352,0.0074098706,0.015267858,,minecraft:stained_hardened_clay
1599,2026-08-04T18:33:10.081Z,0.0,-0.0065574944,0.0,0.18125108,0,0,0,0,0.005202031,0.0029188527,0.0070279757,0.014242656,,minecraft:stained_hardened_clay
1600,2026-08-04T18:33:10.131Z,0.0,-0.006606482,0.0,0.176527,0,0,0,0,0.0051218746,0.002756053,0.0067047807,0.013434801,,minecraft:stained_hardened_clay
1601,2026-08-04T18:33:10.180Z,-3.202629,-0.015544988,0.47097778,0.18091518,0,0,0,0,0.0059808264,0.0025380997,0.006187285,0.013009342,,minecraft:stained_hardened_clay
1602,2026-08-04T18:33:10.232Z,-3.0142365,-0.018277798,0.09419632,0.18005025,0,0,0,0,0.0066115116,0.002431181,0.0059191408,0.0128648495,,minecraft:stained_hardened_clay
1603,2026-08-04T18:33:10.282Z,-1.3187256,-0.021009367,0.18838882,0.16365868,0,0,0,0,0.007726967,0.0022894072,0.0056112916,0.012729922,,minecraft:stained_hardened_clay
1604,2026-08-04T18:33:10.331Z,0.0,-0.09749551,0.0,-0.0417496,0,0,0,0,0.016095819,0.0022233254,0.005575263,0.014209957,,minecraft:stained_hardened_clay
1605,2026-08-04T18:33:10.381Z,0.0,-0.15563343,0.0,-0.12359801,0,0,0,0,0.040324774,0.0018137756,0.0047905566,0.015442094,,minecraft:stained_hardened_clay
1606,2026-08-04T18:33:10.429Z,0.0,-0.12727344,0.0,-0.12236877,0,0,0,0,0.14011204,0.0018462139,0.005028447,0.024251688,,minecraft:stained_hardened_clay
1607,2026-08-04T18:33:10.480Z,0.0,-0.086968005,0.0,0.4261296,1,0,0,0,0.62415713,0.002046795,0.004385196,0.057352,,minecraft:stained_hardened_clay
1608,2026-08-04T18:33:10.528Z,0.0,-0.05854107,0.0,0.41802457,1,0,0,0,0.87546825,0.0018256502,0.004025868,0.083538875,,minecraft:stained_hardened_clay
1609,2026-08-04T18:33:10.578Z,-1.3187332,-0.06170672,-3.2026253,0.14416668,1,0,0,0,0.9339919,0.0013259333,0.0032459942,0.069443956,,minecraft:stained_hardened_clay
1610,2026-08-04T18:33:10.629Z,-1.6955109,-0.07227856,-1.6013184,-0.012328252,1,0,0,0,0.93876106,0.0009859214,0.0027021756,0.053587534,,minecraft:stained_hardened_clay
1611,2026-08-04T18:33:10.677Z,-0.094192505,-0.043809235,-0.18839264,-0.19960243,1,0,0,0,0.91318554,0.0007074892,0.0021563156,0.03807969,,minecraft:stained_hardened_clay
1612,2026-08-04T18:33:10.729Z,0.0,-0.011698209,0.0,-0.43959042,1,0,0,0,0.82476264,0.00061586034,0.0020533644,0.027268218,,minecraft:stained_hardened_clay
1613,2026-08-04T18:33:10.777Z,0.0,0.01310955,0.0,-0.11526354,1,0,0,0,0.84214634,0.00077931595,0.0022878621,0.035616368,,minecraft:stained_hardened_clay
1614,2026-08-04T18:33:10.826Z,0.0,0.02608855,0.0,-0.26098505,1,0,0,0,0.56269354,0.0009963494,0.002894191,0.03520652,,minecraft:stained_hardened_clay
1615,2026-08-04T18:33:10.876Z,0.0,0.06527489,0.0,-0.24124318,0,0,0,0,0.15424524,0.0013393991,0.0037053865,0.027586842,,minecraft:stained_hardened_clay
1616,2026-08-04T18:33:10.926Z,0.0,0.08006305,0.0,0.036277913,0,0,0,0,0.035749305,0.0018866595,0.0045943824,0.022918927,,minecraft:stained_hardened_clay
1617,2026-08-04T18:33:10.976Z,0.0,0.05520893,0.0,-0.43618646,0,0,0,0,0.0046222326,0.0012671942,0.003986865,0.0065850536,,minecraft:stained_hardened_clay
1618,2026-08-04T18:33:11.026Z,0.0,0.050557807,0.0,-0.14919154,0,0,0,0,0.0019553802,0.0011952013,0.003802691,0.00455468,,minecraft:stained_hardened_clay
1619,2026-08-04T18:33:11.077Z,0.0,0.03585416,0.0,0.009139553,0,0,0,0,0.0015402905,0.0011959479,0.003714262,0.0041394015,,minecraft:stained_hardened_clay
1620,2026-08-04T18:33:11.128Z,0.0,0.04013639,0.0,0.034344472,0,0,0,0,0.0014770516,0.0011989002,0.0036960843,0.0039826143,,minecraft:stained_hardened_clay
1621,2026-08-04T18:33:11.177Z,0.0,0.04875551,0.0,0.009094395,0,0,0,0,0.0015137042,0.0012027406,0.003726501,0.0039026611,,minecraft:stained_hardened_clay
1622,2026-08-04T18:33:11.228Z,0.0,0.038181975,0.0,0.07616944,0,0,0,0,0.0016195001,0.001262784,0.0037630445,0.004161568,,minecraft:stained_hardened_clay
1623,2026-08-04T18:33:11.278Z,0.7535629,0.090813376,-0.37678146,-0.08134407,0,0,0,0,0.0022572372,0.0014967032,0.004601102,0.005185677,,minecraft:stained_hardened_clay
1624,2026-08-04T18:33:11.326Z,2.6374664,0.08821765,-0.7535629,-0.1265975,0,0,0,0,0.005932776,0.0020139606,0.0054680062,0.0076007564,,minecraft:stained_hardened_clay
1625,2026-08-04T18:33:11.377Z,0.18838501,0.09340241,0.0,-0.032012098,0,0,0,0,0.013553827,0.0016456664,0.004476154,0.008954417,,minecraft:stained_hardened_clay
1626,2026-08-04T18:33:11.427Z,0.094192505,0.12147354,0.0,0.062511556,0,0,0,0,0.025665859,0.0013533469,0.0037124504,0.009663123,,minecraft:stained_hardened_clay
1627,2026-08-04T18:33:11.480Z,0.094192505,0.13836998,0.28258514,0.14056051,0,0,0,0,0.037903864,0.0011622654,0.0032095113,0.009978218,,minecraft:stained_hardened_clay
1628,2026-08-04T18:33:11.529Z,1.0361404,0.09426949,5.8400764,0.633974,0,0,0,1,0.13448216,0.0010692354,0.0026337036,0.012439334,minecraft:stained_hardened_clay,minecraft:stained_hardened_clay
1629,2026-08-04T18:33:11.579Z,1.2245331,0.096965395,3.0142365,2.2430017,1,0,0,0,0.8678891,0.0009669918,0.0016496802,0.03839613,,minecraft:stained_hardened_clay
1630,2026-08-04T18:33:11.628Z,3.9562073,0.101197,18.556366,3.2614737,1,0,0,0,0.98746,0.0007335502,0.0010449104,0.09254632,,minecraft:stained_hardened_clay
1631,2026-08-04T18:33:11.677Z,2.1664734,0.06257131,4.4271545,3.648353,1,0,0,1,0.9947542,0.00053373456,0.0007941834,0.113230035,minecraft:stained_hardened_clay,minecraft:stained_hardened_clay
1632,2026-08-04T18:33:11.726Z,0.094200134,0.03659579,0.565155,3.3668604,1,0,0,0,0.99568105,0.0005537798,0.0008529156,0.12334333,,minecraft:stained_hardened_clay
1633,2026-08-04T18:33:11.777Z,-2.4490585,0.030591235,3.0142365,2.7945356,1,0,0,1,0.9965192,0.00054671115,0.0009129099,0.13626453,minecraft:stained_hardened_clay,minecraft:stained_hardened_clay
1634,2026-08-04T18:33:11.827Z,0.28258514,0.015480749,6.028488,2.2918823,1,0,0,0,0.99742055,0.0005059719,0.00093408243,0.1536288,,minecraft:stained_hardened_clay
1635,2026-08-04T18:33:11.877Z,0.0,-0.008736514,1.7896729,1.73055,1,0,0,0,0.9977779,0.00048738648,0.0010041551,0.1629775,,minecraft:stained_hardened_clay
1636,2026-08-04T18:33:11.926Z,0.0,-0.017974973,0.0,1.1300365,1,0,0,0,0.9978484,0.0004892864,0.0011250607,0.16604342,,minecraft:stained_hardened_clay
1637,2026-08-04T18:33:11.977Z,-0.2825775,-0.020911526,-0.18838501,0.111949824,1,0,0,1,0.99762064,0.0005146237,0.0014761201,0.16456084,minecraft:stained_hardened_clay,minecraft:stained_hardened_clay
1638,2026-08-04T18:33:12.028Z,-0.2825775,-0.011143174,0.18838501,-0.25897947,1,0,0,0,0.9969021,0.00051168835,0.0016095848,0.15015219,,minecraft:stained_hardened_clay
1639,2026-08-04T18:33:12.077Z,0.0,0.0067485124,0.0,-0.38501668,1,0,0,0,0.9960141,0.0005090417,0.0016667403,0.1359059,,minecraft:stained_hardened_clay
1640,2026-08-04T18:33:12.128Z,0.0,0.027297087,0.0,0.017169401,1,0,0,0,0.99523973,0.00057007035,0.0017725704,0.12916806,,minecraft:stained_hardened_clay
1641,2026-08-04T18:33:12.178Z,0.0,0.020077132,0.0,0.6225206,1,0,0,0,0.99554706,0.00058519124,0.0016022994,0.12781145,,minecraft:stained_hardened_clay
1642,2026-08-04T18:33:12.227Z,2.3548584,-0.017091144,-0.37677765,1.2412105,1,0,0,1,0.9961934,0.0006376903,0.0014227701,0.1268881,minecraft:stained_hardened_clay,minecraft:stained_hardened_clay
1643,2026-08-04T18:33:12.278Z,0.65935516,-0.0324948,2.637436,1.0144237,1,0,0,0,0.9958841,0.0004917078,0.0011752655,0.10706861,,minecraft:stained_hardened_clay
1644,2026-08-04T18:33:12.329Z,-3.5794373,-0.035206553,8.194969,0.9858101,1,0,0,0,0.9960524,0.00045737563,0.0011120897,0.103843175,,minecraft:stained_hardened_clay
1645,2026-08-04T18:33:12.379Z,-4.99234,-0.031370934,2.8698502,0.57351285,1,0,0,1,0.99652463,0.00045189334,0.0012301872,0.113454685,minecraft:stained_hardened_clay,minecraft:stained_hardened_clay
1646,2026-08-04T18:33:12.429Z,1.2245255,-0.034262456,0.0,0.36040053,1,0,0,0,0.9975017,0.00046991737,0.0013497274,0.13276823,,minecraft:stained_hardened_clay
1647,2026-08-04T18:33:12.481Z,0.0,-0.03103486,0.0,-0.07432362,1,0,0,0,0.99735886,0.0004839944,0.0015141167,0.13590421,,minecraft:stained_hardened_clay
1648,2026-08-04T18:33:12.531Z,0.0,-0.053354345,0.0,0.25159544,1,0,0,0,0.9969465,0.00060155924,0.0017270057,0.14732145,,minecraft:stained_hardened_clay
1649,2026-08-04T18:33:12.581Z,0.0,-0.073132,0.0,0.462521,1,0,0,1,0.99710244,0.0006597435,0.00184988,0.16273807,minecraft:stained_hardened_clay,minecraft:stained_hardened_clay
1650,2026-08-04T18:33:12.631Z,0.0,-0.08641694,0.0,0.41169378,1,0,0,0,0.9971168,0.00069719506,0.0019833616,0.17065737,,minecraft:stained_hardened_clay
1651,2026-08-04T18:33:12.680Z,0.0,-0.093785204,0.0,0.30033958,1,0,0,0,0.99698997,0.00072870735,0.0021089932,0.17309618,,minecraft:stained_hardened_clay
1652,2026-08-04T18:33:12.731Z,0.0,-0.097915515,0.0,0.22432679,1,0,0,0,0.9968321,0.00075116026,0.0021990396,0.17300218,,minecraft:stained_hardened_clay
1653,2026-08-04T18:33:12.781Z,0.0,-0.10051689,0.0,0.18181476,1,0,0,1,0.9966761,0.00076853094,0.002261566,0.17181359,minecraft:stained_hardened_clay,minecraft:stained_hardened_clay
1654,2026-08-04T18:33:12.829Z,0.0,-0.095631234,0.0,-0.123436764,1,0,0,0,0.99567753,0.0008118017,0.0024947193,0.16290434,,minecraft:stained_hardened_clay
1655,2026-08-04T18:33:12.879Z,0.0,-0.09674983,0.0,-0.2498447,1,0,0,0,0.9950051,0.00085224665,0.0026817915,0.15947571,,minecraft:stained_hardened_clay
1656,2026-08-04T18:33:12.930Z,0.0,-0.09770915,0.0,0.23019537,1,0,0,0,0.9965848,0.0008545686,0.0025264097,0.17999254,,minecraft:stained_hardened_clay
1657,2026-08-04T18:33:12.980Z,0.0,-0.0982302,0.0,0.40665486,1,0,0,1,0.99708986,0.00082181173,0.0023921533,0.18833865,minecraft:stained_hardened_clay,minecraft:stained_hardened_clay
1658,2026-08-04T18:33:13.029Z,0.0,-0.07797633,0.0,0.069237955,1,0,0,0,0.99701273,0.0007924413,0.002633552,0.19077465,,minecraft:stained_hardened_clay
1659,2026-08-04T18:33:13.078Z,0.0,-0.050937936,0.0,-0.21515411,1,0,0,0,0.9964606,0.0008386412,0.0029530688,0.19113046,,minecraft:stained_hardened_clay
1660,2026-08-04T18:33:13.130Z,0.0,-0.034164142,0.0,-0.14852907,1,0,0,0,0.99614197,0.00086328824,0.0030038534,0.19033912,,minecraft:stained_hardened_clay
1661,2026-08-04T18:33:13.178Z,0.0,-0.035555,0.0,0.033965446,1,0,0,1,0.9961747,0.0008756892,0.0029801074,0.19508177,minecraft:stained_hardened_clay,minecraft:stained_hardened_clay
1662,2026-08-04T18:33:13.229Z,0.0,-0.035426695,0.0,0.060852654,1,0,0,0,0.9961733,0.0008669717,0.0029336794,0.1969582,,minecraft:stained_hardened_clay
1663,2026-08-04T18:33:13.278Z,0.0,-0.03301288,0.0,0.001053445,1,0,0,0,0.99597424,0.00086252636,0.0029389411,0.19509336,,minecraft:stained_hardened_clay
1664,2026-08-04T18:33:13.329Z,0.0,-0.01635326,0.0,-0.33310503,1,0,0,0,0.9945919,0.0009118576,0.0032804327,0.19083211,,minecraft:stained_hardened_clay
1665,2026-08-04T18:33:13.378Z,0.0,-0.007422276,0.0,-0.46889764,1,0,0,1,0.9932012,0.0009597136,0.0035152496,0.18478343,minecraft:stained_hardened_clay,minecraft:stained_hardened_clay
1666,2026-08-04T18:33:13.428Z,0.0,-0.0134387165,0.0,0.03765578,1,0,0,0,0.9953336,0.0009453934,0.003161107,0.19725011,,minecraft:stained_hardened_clay
1667,2026-08-04T18:33:13.478Z,0.0,-0.014327202,0.0,0.22392616,1,0,0,0,0.9959443,0.00089973403,0.0029400575,0.20124477,,minecraft:stained_hardened_clay
1668,2026-08-04T18:33:13.527Z,0.0,-0.00026061386,0.0,0.13264176,1,0,0,0,0.996747,0.0007881889,0.0024201504,0.2079191,,minecraft:stained_hardened_clay
1669,2026-08-04T18:33:13.578Z,0.0,0.008245103,0.0,-0.026776657,1,0,0,1,0.9968652,0.0007190011,0.0023262657,0.20483808,minecraft:stained_hardened_clay,minecraft:stained_hardened_clay
1670,2026-08-04T18:33:13.626Z,0.0,0.016750582,0.0,-0.19607364,1,0,0,0,0.9968656,0.0006807934,0.0022822397,0.19884399,,minecraft:stained_hardened_clay
1671,2026-08-04T18:33:13.676Z,0.0,0.020719789,0.0,-0.2553056,1,0,0,0,0.9968465,0.00065503834,0.0022175086,0.19343089,,minecraft:stained_hardened_clay
1672,2026-08-04T18:33:13.725Z,0.0,0.024449773,0.0,-0.26778468,1,0,0,0,0.9967566,0.00063765683,0.002157148,0.18686333,,minecraft:stained_hardened_clay
1673,2026-08-04T18:33:13.776Z,0.0,0.025279067,0.0,-0.23197353,1,0,0,1,0.9967139,0.0006189791,0.0020755532,0.18115969,minecraft:stained_hardened_clay,minecraft:stained_hardened_clay
1674,2026-08-04T18:33:13.825Z,0.0,0.047699727,0.0,-0.6227396,1,0,0,0,0.9954733,0.0006274332,0.0022178865,0.16584127,,minecraft:stained_hardened_clay
1675,2026-08-04T18:33:13.875Z,0.0,0.060666688,0.0,-0.8613718,1,0,0,0,0.9939581,0.0006206293,0.002288771,0.150166,,minecraft:stained_hardened_clay
1676,2026-08-04T18:33:13.926Z,0.0,0.04534217,0.0,-0.15758914,1,0,0,0,0.9963111,0.0006153871,0.0020326346,0.1667935,,minecraft:stained_hardened_clay
1677,2026-08-04T18:33:13.975Z,0.0,0.027995221,0.0,0.24391976,1,0,0,1,0.99697244,0.0005789605,0.0018069631,0.17294987,minecraft:stained_hardened_clay,minecraft:stained_hardened_clay
1678,2026-08-04T18:33:14.026Z,0.0,0.03596139,0.0,0.7579862,1,0,0,0,0.99696016,0.0005493221,0.0014580284,0.16664216,,minecraft:stained_hardened_clay
1679,2026-08-04T18:33:14.074Z,0.0,0.030688696,0.0,1.0059482,1,0,0,0,0.99667275,0.0005359741,0.0013296962,0.16333856,,minecraft:stained_hardened_clay
1680,2026-08-04T18:33:14.124Z,0.0,0.035399355,0.0,0.62478626,1,0,0,0,0.9958954,0.0005370731,0.0014134874,0.15866336,,minecraft:stained_hardened_clay
1681,2026-08-04T18:33:14.174Z,0.0,0.020488694,0.0,0.10578584,1,0,0,1,0.9954561,0.00056333025,0.0016566907,0.16386887,minecraft:stained_hardened_clay,minecraft:stained_hardened_clay
1682,2026-08-04T18:33:14.224Z,0.0,0.019266233,0.0,-0.63279647,1,0,0,0,0.99400973,0.00058859,0.001978724,0.1568398,,minecraft:stained_hardened_clay
1683,2026-08-04T18:33:14.275Z,0.0,0.024796829,0.0,-1.2248327,1,0,0,0,0.99138695,0.0006124259,0.0022828334,0.14307669,,minecraft:stained_hardened_clay
1684,2026-08-04T18:33:14.324Z,0.0,0.05704046,0.0,-2.189228,1,0,0,0,0.977496,0.0006278367,0.0028757763,0.10865972,,minecraft:stained_hardened_clay
1685,2026-08-04T18:33:14.374Z,0.0,0.079171486,0.0,-2.6954958,1,0,0,0,0.93698263,0.00066506566,0.0035235088,0.07703402,,minecraft:stained_hardened_clay
1686,2026-08-04T18:33:14.425Z,0.0,0.05981105,0.0,-1.2764373,1,0,0,0,0.98296607,0.00086647377,0.0031582983,0.13001029,,minecraft:stained_hardened_clay
1687,2026-08-04T18:33:14.474Z,-0.094192505,0.046448812,0.0,-0.4168518,1,0,0,0,0.9921669,0.0008085647,0.002573207,0.16152218,,minecraft:stained_hardened_clay
1688,2026-08-04T18:33:14.524Z,0.0,0.076649,0.0,-1.1309168,1,0,0,0,0.9880993,0.00072293525,0.0025825666,0.13720757,,minecraft:stained_hardened_clay
1689,2026-08-04T18:33:14.575Z,-1.2245483,0.13870883,-12.245338,-2.8241582,0,0,0,0,0.93224967,0.0005870669,0.003336328,0.06650722,,minecraft:stained_hardened_clay
1690,2026-08-04T18:33:14.623Z,-2.0723114,0.08605487,-26.751324,-3.5243852,0,0,0,0,0.57562053,0.00059438247,0.0045875446,0.027638793,,minecraft:stained_hardened_clay
1691,2026-08-04T18:33:14.673Z,4.427185,0.11835823,-13.940834,-2.8884854,0,0,0,0,0.183114,0.0008508165,0.0058947247,0.016938932,,minecraft:stained_hardened_clay
1692,2026-08-04T18:33:14.724Z,2.4490662,0.11931882,-3.1084328,-1.7352417,0,0,0,0,0.056100283,0.0010889154,0.0056310203,0.012219235,,minecraft:stained_hardened_clay
1693,2026-08-04T18:33:14.774Z,0.0,0.08036738,0.0,-0.53265405,0,0,0,0,0.027415272,0.0012925528,0.0047933036,0.010065221,,minecraft:stained_hardened_clay
1694,2026-08-04T18:33:14.825Z,0.0,0.07012699,0.0,-0.22267623,0,0,0,0,0.010706266,0.0014008211,0.0047191395,0.007950648,,minecraft:stained_hardened_clay
1695,2026-08-04T18:33:14.874Z,0.0,0.06326795,0.0,-0.1257542,0,0,0,0,0.006075947,0.001607847,0.005136216,0.0071841674,,minecraft:stained_hardened_clay
1696,2026-08-04T18:33:14.924Z,0.0,0.05510602,0.0,-0.020434871,0,0,0,0,0.0050980356,0.0017932473,0.0054174494,0.007228711,,minecraft:stained_hardened_clay
1697,2026-08-04T18:33:14.974Z,-0.5651703,0.04394681,0.6593666,0.071957774,0,0,0,0,0.0049202642,0.0019377603,0.0056121647,0.007415467,,minecraft:stained_hardened_clay
1698,2026-08-04T18:33:15.023Z,-3.6736069,0.040373415,5.3690987,0.24453664,0,0,0,0,0.005690778,0.0018717938,0.0052172537,0.0074515217,,minecraft:stained_hardened_clay
1699,2026-08-04T18:33:15.074Z,-1.3187408,0.031105228,8.760117,0.58908385,0,0,0,0,0.007924588,0.0018164797,0.004738561,0.008006694,,minecraft:stained_hardened_clay
1700,2026-08-04T18:33:15.124Z,2.6374664,-0.0013343245,6.687828,1.4813298,0,0,0,0,0.07028373,0.0017682583,0.0035853956,0.015772387,,minecraft:stained_hardened_clay
1701,2026-08-04T18:33:15.174Z,1.6013107,-0.0015331134,4.615555,2.254427,0,0,0,0,0.45974356,0.0014829909,0.0025628374,0.030856015,,minecraft:stained_hardened_clay
1702,2026-08-04T18:33:15.225Z,-0.18838501,0.02831015,1.130352,2.5053492,0,0,0,1,0.7153628,0.0012369651,0.0021968642,0.038654063,minecraft:stained_hardened_clay,minecraft:stained_hardened_clay
1703,2026-08-04T18:33:15.274Z,0.47097015,0.05891239,-0.94195175,2.685148,0,0,0,0,0.87090504,0.0010762305,0.0018668718,0.049100902,,minecraft:stained_hardened_clay
1704,2026-08-04T18:33:15.323Z,-0.47097778,0.061619632,-4.898136,2.3450627,0,0,0,0,0.964656,0.0010243874,0.0019074425,0.08416254,,minecraft:stained_hardened_clay
1705,2026-08-04T18:33:15.374Z,-0.094192505,0.05741092,-0.7535629,1.0224345,0,0,0,1,0.98528045,0.00090040115,0.0022335642,0.1153699,minecraft:stained_hardened_clay,minecraft:stained_hardened_clay
1706,2026-08-04T18:33:15.424Z,0.18838501,0.05740898,0.7535629,-1.0399524,1,0,0,0,0.98394775,0.00086587865,0.003317939,0.11722886,,minecraft:stained_hardened_clay
1707,2026-08-04T18:33:15.474Z,-0.18838501,0.05954372,3.2026443,-0.8816115,1,0,0,0,0.993299,0.0009192208,0.0034294263,0.15293708,,minecraft:stained_hardened_clay
1708,2026-08-04T18:33:15.524Z,-0.18839264,-0.015991356,8.477543,0.52514404,1,0,0,1,0.99684936,0.00083693245,0.0025351006,0.19050223,minecraft:stained_hardened_clay,minecraft:stained_hardened_clay
1709,2026-08-04T18:33:15.574Z,3.2968445,-0.06318564,15.447975,1.4685683,1,0,0,0,0.9979153,0.0006570544,0.0016713827,0.20553164,,minecraft:stained_hardened_clay
1710,2026-08-04T18:33:15.623Z,5.5575104,-0.0766046,7.5355377,1.2018942,1,0,0,0,0.9980926,0.00062157173,0.0016549077,0.21730258,,minecraft:stained_hardened_clay
1711,2026-08-04T18:33:15.673Z,4.050415,-0.08279465,0.0,0.24534768,1,0,0,1,0.9980203,0.00071582635,0.0022281692,0.23583151,minecraft:stained_hardened_clay,minecraft:stained_hardened_clay
1712,2026-08-04T18:33:15.724Z,0.0,-0.059602402,0.0,-0.80422443,1,0,0,0,0.9973787,0.00082071766,0.0030094662,0.23031658,,minecraft:stained_hardened_clay
1713,2026-08-04T18:33:15.774Z,-4.99234,0.011858702,-10.173035,-1.8567563,1,0,0,0,0.9948796,0.00082802307,0.0036858704,0.1880906,,minecraft:stained_hardened_clay
1714,2026-08-04T18:33:15.823Z,-6.970421,0.07450213,-23.737095,-3.5686617,1,0,0,0,0.9608812,0.00070488505,0.0046645426,0.08936223,,minecraft:stained_hardened_clay
1715,2026-08-04T18:33:15.874Z,-0.84776306,0.027827837,-3.861988,-3.8192308,1,0,0,1,0.8153235,0.0009141224,0.006844624,0.050848007,minecraft:stained_hardened_clay,minecraft:stained_hardened_clay
1716,2026-08-04T18:33:15.923Z,0.18839264,0.027402133,0.5651665,-3.1006148,1,0,0,0,0.6121666,0.0013295967,0.008447347,0.03910679,,minecraft:stained_hardened_clay
1717,2026-08-04T18:33:15.973Z,4.615547,0.018831328,8.948505,-0.051012963,1,0,0,0,0.93714446,0.0017688088,0.0056003886,0.08843551,,minecraft:stained_hardened_clay
1718,2026-08-04T18:33:16.025Z,3.202652,-0.008153155,11.209221,2.3261275,1,0,0,1,0.99080515,0.0014255545,0.0027518205,0.16133328,minecraft:stained_hardened_clay,minecraft:stained_hardened_clay
1719,2026-08-04T18:33:16.074Z,0.37678528,-0.0044961125,4.144562,2.6818588,1,0,0,0,0.99500054,0.0009975177,0.0017702037,0.16995203,,minecraft:stained_hardened_clay
1720,2026-08-04T18:33:16.124Z,0.0,-0.0027686432,0.0,2.1367638,1,0,0,0,0.9963923,0.000818706,0.0016301863,0.1841062,,minecraft:stained_hardened_clay
1721,2026-08-04T18:33:16.174Z,-0.47097778,-0.037668657,6.028488,1.4502,1,0,0,1,0.9972363,0.0007713983,0.0018072271,0.21055582,minecraft:stained_hardened_clay,minecraft:stained_hardened_clay
1722,2026-08-04T18:33:16.224Z,-0.18839264,-0.035438903,2.1664734,0.23173961,1,0,0,0,0.99719906,0.0008164323,0.002370714,0.22013684,,minecraft:stained_hardened_clay
1723,2026-08-04T18:33:16.274Z,-0.28258514,-0.0036224872,-2.4490585,-1.1001201,1,0,0,0,0.9957469,0.00087804697,0.0032262346,0.20219135,,minecraft:stained_hardened_clay
1724,2026-08-04T18:33:16.323Z,-0.47097778,0.0371134,-4.0503693,-2.1891782,1,0,0,1,0.9908284,0.0008516285,0.0038430933,0.15545556,minecraft:stained_hardened_clay,minecraft:stained_hardened_clay
1725,2026-08-04T18:33:16.374Z,-3.6736145,0.07656189,-7.064636,-3.4339347,1,0,0,0,0.9501351,0.00081113173,0.0049917055,0.084367335,,minecraft:stained_hardened_clay
1726,2026-08-04T18:33:16.424Z,-1.4129105,0.02901835,-1.6954956,-3.5342505,1,0,0,0,0.8321546,0.0009747114,0.006548825,0.05193121,,minecraft:stained_hardened_clay
1727,2026-08-04T18:33:16.474Z,0.0,0.0351151,0.0,-1.7994907,1,0,0,1,0.9426971,0.0011531332,0.0053545097,0.0737592,minecraft:stained_hardened_clay,minecraft:stained_hardened_clay
1728,2026-08-04T18:33:16.523Z,0.0,0.027000219,0.0,0.20864332,1,0,0,0,0.97875,0.001019485,0.003244836,0.09574846,,minecraft:stained_hardened_clay
1729,2026-08-04T18:33:16.574Z,0.0,0.018927969,0.18838501,1.6161463,1,0,0,0,0.99105483,0.00089162355,0.0020741986,0.11661642,,minecraft:stained_hardened_clay
1730,2026-08-04T18:33:16.624Z,-0.37678528,-0.028684068,12.056953,2.6943612,1,0,0,1,0.9963638,0.00071933074,0.0013941993,0.15632254,minecraft:stained_hardened_clay,minecraft:stained_hardened_clay
1731,2026-08-04T18:33:16.673Z,0.28258514,-0.04126631,1.5071106,2.3990624,1,0,0,0,0.997543,0.00060622656,0.0012944074,0.18041007,,minecraft:stained_hardened_clay
1732,2026-08-04T18:33:16.724Z,-0.47097015,-0.05001098,2.1664658,1.4906434,1,0,0,0,0.9978911,0.0005973092,0.0014899976,0.19767112,,minecraft:stained_hardened_clay
1733,2026-08-04T18:33:16.775Z,-1.1303406,-0.06596836,4.0503464,0.61999226,1,0,0,1,0.99803597,0.00064934103,0.0018965347,0.22030166,minecraft:stained_hardened_clay,minecraft:stained_hardened_clay
1734,2026-08-04T18:33:16.823Z,0.0,-0.04140063,-0.47097015,-0.46207464,1,0,0,0,0.99763894,0.0007398056,0.0025546653,0.22057846,,minecraft:stained_hardened_clay
1735,2026-08-04T18:33:16.874Z,-2.8258743,0.09218868,-18.36802,-3.090652,1,0,0,0,0.98411405,0.0007453177,0.004138568,0.12597454,,minecraft:stained_hardened_clay
1736,2026-08-04T18:33:16.925Z,-3.391037,0.04299362,-18.368,-4.06941,1,0,0,0,0.83126366,0.00071403716,0.0058037066,0.04656197,,minecraft:stained_hardened_clay
1737,2026-08-04T18:33:16.974Z,0.18838501,0.074673586,-2.7316551,-2.9260323,1,0,0,0,0.867984,0.0010730579,0.0066631306,0.049186185,,minecraft:stained_hardened_clay
1738,2026-08-04T18:33:17.024Z,0.0,0.058947854,0.5651741,-0.6181186,1,0,0,0,0.91949,0.0010530404,0.0042952113,0.05306397,,minecraft:stained_hardened_clay
1739,2026-08-04T18:33:17.074Z,1.1303482,0.014794938,8.100754,1.8857917,1,0,0,0,0.9728862,0.00096867897,0.0022596656,0.06905244,,minecraft:stained_hardened_clay
1740,2026-08-04T18:33:17.124Z,1.601326,-0.022456165,7.81818,3.4043314,1,0,0,0,0.9917801,0.00083642936,0.0013751816,0.1067543,,minecraft:stained_hardened_clay
1741,2026-08-04T18:33:17.174Z,0.0,-0.03638029,5.5575027,3.4641855,1,0,0,0,0.9956476,0.0006624379,0.0011422558,0.13401663,,minecraft:stained_hardened_clay
1742,2026-08-04T18:33:17.224Z,0.18838501,-0.043813135,1.3187027,2.7008712,1,0,0,0,0.996926,0.00062875374,0.0012270293,0.15824834,,minecraft:stained_hardened_clay
1743,2026-08-04T18:33:17.275Z,1.4129181,-0.0317997,3.2967987,1.761127,1,0,0,0,0.99718386,0.000619567,0.001412407,0.16696887,,minecraft:stained_hardened_clay
1744,2026-08-04T18:33:17.324Z,2.7316742,-0.036732595,6.6878586,1.2043576,1,0,0,0,0.99730825,0.0006202136,0.0015535732,0.17263335,,minecraft:stained_hardened_clay
1745,2026-08-04T18:33:17.373Z,1.6955032,-0.03854791,2.6374512,0.73117566,1,0,0,0,0.99696356,0.0006581829,0.001799584,0.17602347,,minecraft:stained_hardened_clay
1746,2026-08-04T18:33:17.424Z,0.65934753,-0.03400108,-0.28258514,0.42664126,1,0,0,0,0.99663097,0.0006617176,0.0019057284,0.17306508,,minecraft:stained_hardened_clay
1747,2026-08-04T18:33:17.474Z,0.8477402,-0.029968861,2.1664734,0.2827776,1,0,0,1,0.9963953,0.0006707468,0.001977665,0.17214838,minecraft:stained_hardened_clay,minecraft:stained_hardened_clay
1748,2026-08-04T18:33:17.524Z,0.6593628,-0.045685217,1.9780731,-0.032011203,1,0,0,0,0.99635714,0.00071848015,0.0023284857,0.18400913,,minecraft:stained_hardened_clay
1749,2026-08-04T18:33:17.574Z,0.094192505,-0.014226511,0.0,-0.702675,1,0,0,0,0.99553394,0.000693095,0.0024876276,0.17089878,,minecraft:stained_hardened_clay
1750,2026-08-04T18:33:17.624Z,0.0,0.027609982,0.09426117,-1.8284683,1,0,0,0,0.9905592,0.00074439595,0.003290082,0.14467432,,minecraft:stained_hardened_clay
1751,2026-08-04T18:33:17.673Z,0.37678528,0.004853606,-1.6955032,-1.259902,1,0,0,0,0.99514115,0.0009702417,0.0039093625,0.19455154,,minecraft:stained_hardened_clay
1752,2026-08-04T18:33:17.724Z,-5.086525,0.050662257,-25.244217,-2.1501405,1,0,0,0,0.9926877,0.0009551584,0.004637721,0.17060408,,minecraft:stained_hardened_clay
1753,2026-08-04T18:33:17.774Z,-6.6878357,0.096271195,-15.918926,-3.176367,1,0,0,0,0.9695896,0.00083665334,0.004946718,0.09201403,,minecraft:stained_hardened_clay
1754,2026-08-04T18:33:17.824Z,0.47096252,0.06581696,-1.4129333,-2.1986098,1,0,0,0,0.92977184,0.00087858055,0.0046047373,0.05642376,,minecraft:stained_hardened_clay
1755,2026-08-04T18:33:17.875Z,3.2026215,0.019853026,0.84775543,-0.100518815,1,0,0,0,0.9179828,0.000846335,0.0031290802,0.046205286,,minecraft:stained_hardened_clay
1756,2026-08-04T18:33:17.923Z,0.0,-0.010778397,0.09419632,1.3256764,1,0,0,0,0.9130161,0.00077032513,0.0021908903,0.04254937,,minecraft:stained_hardened_clay
1757,2026-08-04T18:33:17.973Z,0.0,0.010438755,0.0,0.30417082,1,0,0,0,0.67769784,0.0006048074,0.0023509702,0.02115362,,minecraft:stained_hardened_clay
1758,2026-08-04T18:33:18.026Z,1.5071259,0.05631677,-7.441395,-1.0780952,0,0,0,0,0.1572053,0.0006617908,0.0034446206,0.010194105,,minecraft:stained_hardened_clay
1759,2026-08-04T18:33:18.076Z,1.412941,0.031806767,-10.549812,-1.6906391,0,0,0,0,0.043384533,0.001149991,0.006411414,0.00860979,,minecraft:stained_hardened_clay
1760,2026-08-04T18:33:18.123Z,0.7535629,0.004455045,-6.5936356,-1.757744,0,0,0,0,0.023142746,0.0018619896,0.010107009,0.008597296,,minecraft:stained_hardened_clay
1761,2026-08-04T18:33:18.175Z,0.0,-0.005060151,-6.028469,-1.6797142,0,0,0,0,0.016639499,0.002569317,0.013001698,0.008908743,,minecraft:stained_hardened_clay
1762,2026-08-04T18:33:18.227Z,0.47097015,-0.0046917796,-3.7677927,-1.6382545,0,0,0,0,0.013016232,0.0033656927,0.016113931,0.00977508,,minecraft:stained_hardened_clay
1763,2026-08-04T18:33:18.277Z,0.094192505,-0.012680352,-0.28258324,-1.497143,0,0,0,0,0.011032664,0.004166879,0.01856896,0.010541339,,minecraft:stained_hardened_clay
1764,2026-08-04T18:33:18.324Z,0.18838501,-0.01831805,-0.6593628,-1.3191137,0,0,0,0,0.010244057,0.0047993055,0.019818591,0.011193615,,minecraft:stained_hardened_clay
1765,2026-08-04T18:33:18.374Z,0.094192505,-0.021976747,-1.1303349,-1.1626524,0,0,0,0,0.009347298,0.0052645965,0.020448646,0.0115222,,minecraft:stained_hardened_clay
1766,2026-08-04T18:33:18.425Z,0.0,-0.026344534,-0.18838882,-1.0356041,0,0,0,0,0.008642413,0.005570055,0.020599848,0.011689659,,minecraft:stained_hardened_clay
1767,2026-08-04T18:33:18.473Z,0.0,-0.030779913,0.0,-0.93819004,0,0,0,0,0.008155882,0.005736578,0.020442761,0.011757902,,minecraft:stained_hardened_clay
1768,2026-08-04T18:33:18.526Z,0.0,-0.03391148,0.0,-0.86931235,0,0,0,0,0.007979818,0.0057503474,0.019985463,0.0117581785,,minecraft:stained_hardened_clay
1769,2026-08-04T18:33:18.576Z,0.0,-0.035831034,0.0,-0.8140352,0,0,0,0,0.007929163,0.005708884,0.019466544,0.011729069,,minecraft:stained_hardened_clay
1770,2026-08-04T18:33:18.624Z,0.0,-0.036796432,0.0,-0.76818514,0,0,0,0,0.007922231,0.005652096,0.018982334,0.011683343,,minecraft:stained_hardened_clay
1771,2026-08-04T18:33:18.677Z,-0.18839264,-0.03776926,0.0,-0.73102456,0,0,0,0,0.007971254,0.005563722,0.018464278,0.011609776,,minecraft:stained_hardened_clay
1772,2026-08-04T18:33:18.725Z,-1.5071182,-0.039036486,-0.09419441,-0.6987244,0,0,0,0,0.008081772,0.005448786,0.017907942,0.011504689,,minecraft:stained_hardened_clay
1773,2026-08-04T18:33:18.774Z,-0.18838501,-0.04054092,0.09419441,-0.6672329,0,0,0,0,0.008237562,0.005327655,0.017346257,0.01140966,,minecraft:stained_hardened_clay
1774,2026-08-04T18:33:18.824Z,0.0,-0.041113153,0.0,-0.64260155,0,0,0,0,0.008439635,0.0051982207,0.01680783,0.011311738,,minecraft:stained_hardened_clay
1775,2026-08-04T18:33:18.878Z,0.0,-0.03934669,-1.6013117,-0.6416178,0,0,0,0,0.008583071,0.0050608576,0.016403379,0.0111644035,,minecraft:stained_hardened_clay
1776,2026-08-04T18:33:18.923Z,0.28258514,-0.03768083,-1.9780912,-0.6399572,0,0,0,0,0.008683781,0.004964113,0.016120993,0.011050994,,minecraft:stained_hardened_clay
1777,2026-08-04T18:33:18.976Z,0.0,-0.03937613,-0.18838978,-0.60758346,0,0,0,0,0.008876501,0.004930706,0.015833877,0.011047695,,minecraft:stained_hardened_clay
1778,2026-08-04T18:33:19.027Z,0.0,-0.042484388,0.0,-0.56165195,0,0,0,0,0.00914306,0.0048940503,0.015457645,0.0110656265,,minecraft:stained_hardened_clay
1779,2026-08-04T18:33:19.076Z,0.0,-0.045485206,0.0,-0.51668906,0,0,0,0,0.009482493,0.0048175235,0.014980633,0.011064635,,minecraft:stained_hardened_clay
1780,2026-08-04T18:33:19.126Z,0.0,-0.049725257,0.0,-0.47032788,0,0,0,0,0.009695841,0.004864584,0.014816447,0.011102265,,minecraft:stained_hardened_clay
1781,2026-08-04T18:33:19.174Z,0.0,-0.029764112,0.0,-0.3525135,0,0,0,0,0.012836329,0.004103741,0.012179736,0.010897747,,minecraft:stained_hardened_clay
1782,2026-08-04T18:33:19.226Z,0.094192505,-0.0030379444,0.0,-0.1494156,0,0,0,0,0.014814053,0.0036487163,0.010523186,0.010695509,,minecraft:stained_hardened_clay
1783,2026-08-04T18:33:19.275Z,0.0,-0.018784337,0.0,0.7749575,1,0,0,0,0.102294676,0.0034293595,0.008083564,0.016935842,,minecraft:stained_hardened_clay
1784,2026-08-04T18:33:19.325Z,0.0,-0.016299773,3.391014,1.1897063,1,0,0,0,0.30129996,0.0027394197,0.0059666145,0.021050185,,minecraft:stained_hardened_clay
1785,2026-08-04T18:33:19.377Z,0.8477478,-0.02208928,4.992324,1.7592597,1,0,0,0,0.51227456,0.0020776817,0.0042330883,0.023589533,,minecraft:stained_hardened_clay
1786,2026-08-04T18:33:19.423Z,0.7535553,-0.018855337,2.8258448,1.6960287,1,0,0,0,0.45812815,0.0015720841,0.0034755142,0.019134903,,minecraft:stained_hardened_clay
1787,2026-08-04T18:33:19.476Z,0.28258514,-0.01937275,1.7896976,1.4834225,1,0,0,0,0.35919362,0.0013367224,0.0032251766,0.0154306935,,minecraft:stained_hardened_clay
1788,2026-08-04T18:33:19.526Z,0.094192505,-0.023490798,1.883892,1.2786449,1,0,0,0,0.26388067,0.0012428825,0.0031930157,0.012898259,,minecraft:stained_hardened_clay
1789,2026-08-04T18:33:19.573Z,0.2825775,-0.029628497,1.7896957,1.100218,1,0,0,0,0.18173596,0.0012236411,0.0032861144,0.011008405,,minecraft:stained_hardened_clay
1790,2026-08-04T18:33:19.623Z,0.18838501,-0.033055376,0.9419441,0.92937917,1,0,0,0,0.12986153,0.0012169796,0.0033997241,0.009674871,,minecraft:stained_hardened_clay
1791,2026-08-04T18:33:19.676Z,0.0,-0.03212753,0.0,0.7442081,0,0,0,0,0.07893693,0.0012776027,0.0036824693,0.008405439,,minecraft:stained_hardened_clay
1792,2026-08-04T18:33:19.727Z,0.0,-0.028051727,0.0,0.57704246,0,0,0,0,0.049376402,0.0013600502,0.0040116454,0.0074812504,,minecraft:stained_hardened_clay
1793,2026-08-04T18:33:19.775Z,0.0,-0.06864852,0.0,0.3924286,0,0,0,0,0.023417877,0.0016101326,0.005000536,0.0064188335,,minecraft:stained_hardened_clay
1794,2026-08-04T18:33:19.827Z,0.0,-0.084507,0.0,0.25784737,0,0,0,0,0.015101084,0.0018737885,0.0057863276,0.006160715,,minecraft:stained_hardened_clay
1795,2026-08-04T18:33:19.877Z,0.0,-0.09299352,0.0,0.16486827,0,0,0,0,0.012405317,0.0020621947,0.006296776,0.006112269,,minecraft:stained_hardened_clay
1796,2026-08-04T18:33:19.925Z,0.0,-0.12199187,0.0,0.043152906,0,0,0,0,0.012004184,0.0024767136,0.007468062,0.0067680134,,minecraft:stained_hardened_clay
1797,2026-08-04T18:33:19.974Z,-1.4129181,-0.15515141,-3.8619862,-0.019456722,0,0,0,0,0.01339842,0.0031487274,0.009203572,0.00803343,,minecraft:stained_hardened_clay
1798,2026-08-04T18:33:20.027Z,-1.7897034,-0.1510508,-3.6735992,0.1689851,0,0,0,0,0.025958817,0.003028651,0.00855198,0.009129022,,minecraft:stained_hardened_clay
1799,2026-08-04T18:33:20.076Z,-0.37677765,-0.10741496,-1.9780903,0.29302555,0,0,0,0,0.036241096,0.0026726336,0.0076947734,0.009894177,,minecraft:stained_hardened_clay
1800,2026-08-04T18:33:20.125Z,-0.094192505,-0.10074867,-0.18838882,0.0436674,0,0,0,0,0.07902131,0.002295306,0.006900648,0.011275388,,minecraft:stained_hardened_clay
1801,2026-08-04T18:33:20.174Z,-0.37677002,-0.10547907,0.0,0.13494068,1,0,0,0,0.17150034,0.0020672646,0.006166569,0.0135345105,,minecraft:stained_hardened_clay
1802,2026-08-04T18:33:20.226Z,0.0,-0.11302192,0.0,0.29017016,1,0,0,0,0.49647486,0.0018503809,0.0053170677,0.019235032,,minecraft:stained_hardened_clay
1803,2026-08-04T18:33:20.274Z,-2.2606812,-0.074468106,-3.108427,0.22952306,1,0,0,0,0.7095092,0.0015188183,0.0044350494,0.023059802,,minecraft:stained_hardened_clay
1804,2026-08-04T18:33:20.325Z,-10.549828,-0.07632479,-9.79626,-0.13442847,1,0,0,0,0.7085204,0.0012628002,0.004347948,0.021336732,,minecraft:stained_hardened_clay
1805,2026-08-04T18:33:20.376Z,-18.179596,-0.06766203,-10.738207,-0.61489016,1,0,0,0,0.66855913,0.0011757911,0.0046804915,0.01975918,,minecraft:stained_hardened_clay
1806,2026-08-04T18:33:20.425Z,-3.6735992,-0.06316276,-4.2387657,-0.9860876,1,0,0,0,0.574102,0.001320342,0.005674429,0.019486591,,minecraft:stained_hardened_clay
1807,2026-08-04T18:33:20.477Z,0.37677765,-0.08731202,-6.687831,-0.09876277,1,0,0,0,0.7002976,0.0019074904,0.00664475,0.031912975,,minecraft:stained_hardened_clay
1808,2026-08-04T18:33:20.525Z,4.992325,-0.08975383,-9.890451,0.22918072,1,0,0,0,0.48842156,0.0021777009,0.007166557,0.028413936,,minecraft:stained_hardened_clay
1809,2026-08-04T18:33:20.574Z,16.013107,-0.03308026,-6.7820206,0.6121203,0,0,0,0,0.33342612,0.0020308613,0.006036852,0.021797057,,minecraft:stained_hardened_clay
1810,2026-08-04T18:33:20.625Z,23.642899,0.011518598,6.499443,0.85013574,0,0,0,0,0.19078065,0.0020829856,0.005853969,0.018078946,,minecraft:stained_hardened_clay
1811,2026-08-04T18:33:20.674Z,13.752441,0.016096272,26.374544,1.1349658,0,0,0,0,0.11389496,0.0022530549,0.00585682,0.016145306,,minecraft:stained_hardened_clay
1812,2026-08-04T18:33:20.726Z,-8.194946,-0.037079018,33.439156,1.6820977,0,0,0,0,0.113535404,0.0022908475,0.0051160585,0.016645242,,minecraft:stained_hardened_clay
1813,2026-08-04T18:33:20.776Z,-39.37343,-0.055797555,7.7239685,1.8415112,0,0,0,0,0.12284223,0.0020141648,0.004335804,0.016429018,,minecraft:stained_hardened_clay
1814,2026-08-04T18:33:20.825Z,-16.860859,-0.0655703,9.419483,1.8940715,0,0,0,0,0.13059032,0.0018643802,0.0039597643,0.016388666,,minecraft:stained_hardened_clay
1815,2026-08-04T18:33:20.874Z,4.6155434,-0.11068623,11.585953,1.7990835,0,0,0,0,0.08703246,0.002217953,0.004790809,0.01773232,,minecraft:stained_hardened_clay
1816,2026-08-04T18:33:20.925Z,5.086525,-0.13338189,3.2026215,1.5548646,0,0,0,0,0.044945255,0.0026717833,0.0058077364,0.016602868,,minecraft:stained_hardened_clay
1817,2026-08-04T18:33:20.976Z,0.09419632,-0.12872532,0.0,1.2575547,0,0,0,0,0.023205344,0.003203353,0.006923622,0.015122076,,minecraft:stained_hardened_clay
1818,2026-08-04T18:33:21.025Z,0.0,-0.1244912,0.0,0.9349175,0,0,0,0,0.012022486,0.0040535484,0.008756201,0.014893667,,minecraft:stained_hardened_clay
1819,2026-08-04T18:33:21.075Z,-4.050377,-0.116698116,1.5071182,0.7125512,0,0,0,0,0.007850272,0.0049126823,0.010563245,0.014977818,,minecraft:stained_hardened_clay
1820,2026-08-04T18:33:21.125Z,-15.353764,-0.12793815,9.231091,0.7123027,0,0,0,0,0.009325211,0.0058443174,0.011971307,0.017093072,,minecraft:stained_hardened_clay
1821,2026-08-04T18:33:21.175Z,-30.519115,-0.13135234,0.8477478,0.7810989,0,0,0,0,0.012542671,0.006430637,0.012694581,0.019310595,,minecraft:stained_hardened_clay
1822,2026-08-04T18:33:21.225Z,-14.976974,-0.11928399,-1.0361481,0.7440955,0,0,0,0,0.013173599,0.006649432,0.013284046,0.019733056,,minecraft:stained_hardened_clay
1823,2026-08-04T18:33:21.275Z,0.0,-0.10870372,0.0,0.7004754,0,0,0,0,0.012632328,0.0067751138,0.013697508,0.019644555,,minecraft:stained_hardened_clay
1824,2026-08-04T18:33:21.325Z,0.0,-0.10212286,0.0,0.6597,0,0,0,0,0.011616098,0.0069118296,0.014077101,0.01944422,,minecraft:stained_hardened_clay
1825,2026-08-04T18:33:21.375Z,0.0,-0.0713731,0.0,0.5557557,0,0,0,0,0.008036372,0.005800596,0.012380583,0.015698433,,minecraft:stained_hardened_clay
1826,2026-08-04T18:33:21.424Z,0.0,-0.058126517,0.0,0.5027059,0,0,0,0,0.008733867,0.0057253665,0.012828748,0.015222037,,minecraft:stained_hardened_clay
1827,2026-08-04T18:33:21.475Z,0.18838978,-0.052193873,-1.6013107,0.3738908,0,0,0,0,0.010418057,0.005774418,0.013565339,0.015282532,,minecraft:stained_hardened_clay
1828,2026-08-04T18:33:21.525Z,11.303375,-0.07333742,0.18840027,0.6592616,0,0,0,0,0.019221554,0.005683775,0.012182431,0.018267203,,minecraft:stained_hardened_clay
1829,2026-08-04T18:33:21.574Z,19.121544,-0.043575868,1.6955261,0.73241204,0,0,0,0,0.02897545,0.005505696,0.012000173,0.020364277,,minecraft:stained_hardened_clay
1830,2026-08-04T18:33:21.625Z,44.45993,-0.031772424,3.4852448,0.8315197,0,0,0,0,0.04640094,0.005046932,0.011251636,0.02260584,,minecraft:stained_hardened_clay
1831,2026-08-04T18:33:21.674Z,36.076614,-0.16313457,6.122673,0.77188206,0,0,0,0,0.04725481,0.0034580866,0.008119891,0.015197518,,minecraft:stained_hardened_clay
1832,2026-08-04T18:33:21.724Z,0.0,-0.20524073,0.0,0.6256757,0,0,0,0,0.03221411,0.0025236788,0.0066295248,0.011046815,,minecraft:stained_hardened_clay
1833,2026-08-04T18:33:21.774Z,0.0,-0.23004463,0.0,0.464964,0,0,0,0,0.023836354,0.0022500234,0.0062252823,0.009058396,,minecraft:stained_hardened_clay
1834,2026-08-04T18:33:21.824Z,0.0,-0.2030668,0.0,0.21537307,0,0,0,0,0.018436017,0.0023133722,0.0069757197,0.008620547,,minecraft:stained_hardened_clay
1835,2026-08-04T18:33:21.874Z,0.0,-0.19523722,0.0,0.04705275,0,0,0,0,0.017844861,0.0023756328,0.007427599,0.008532749,,minecraft:stained_hardened_clay
1836,2026-08-04T18:33:21.925Z,0.0,-0.20351225,0.0,-0.4675122,0,0,0,0,0.019288765,0.0022095817,0.007799875,0.007997999,,minecraft:stained_hardened_clay
1837,2026-08-04T18:33:21.974Z,0.0,-0.20448938,0.0,-0.33522934,0,0,0,0,0.02034578,0.0021662249,0.0074196965,0.007701464,,minecraft:stained_hardened_clay
1838,2026-08-04T18:33:22.024Z,0.0,-0.20202321,0.0,-0.323518,0,0,0,0,0.02090499,0.0019888557,0.006827093,0.0072533987,,minecraft:stained_hardened_clay
1839,2026-08-04T18:33:22.075Z,0.0,-0.21723658,0.0,-0.43201715,0,0,0,0,0.022520974,0.0020153518,0.007020529,0.0072893775,,minecraft:stained_hardened_clay
1840,2026-08-04T18:33:22.124Z,0.0,-0.21877342,0.0,-0.4739558,0,0,0,0,0.023453811,0.0020438489,0.0072261766,0.007395393,,minecraft:stained_hardened_clay
1841,2026-08-04T18:33:22.174Z,0.0,-0.22366884,0.0,-0.5019906,0,0,0,0,0.027903724,0.0019470628,0.0070070596,0.007489866,,minecraft:stained_hardened_clay
1842,2026-08-04T18:33:22.225Z,0.0,-0.22627941,0.0,-0.5402188,0,0,0,0,0.033210013,0.0018367524,0.006745689,0.007539813,,minecraft:stained_hardened_clay
1843,2026-08-04T18:33:22.275Z,0.0,-0.10402001,0.0,-0.13305193,0,0,0,0,0.014861681,0.001836629,0.005877468,0.0067335274,,minecraft:stained_hardened_clay
1844,2026-08-04T18:33:22.325Z,0.0,-0.03271106,0.0,0.3852842,0,0,0,0,0.018269101,0.0018801043,0.005032101,0.008460894,,minecraft:stained_hardened_clay
1845,2026-08-04T18:33:22.375Z,0.0,-0.030929223,0.0,-0.22490051,0,0,0,0,0.0063305837,0.0016532518,0.00525818,0.005361747,,minecraft:stained_hardened_clay
1846,2026-08-04T18:33:22.424Z,0.0,-0.013156258,0.0,-0.32452804,0,0,0,0,0.004456242,0.0015840719,0.005271553,0.0047676302,,minecraft:stained_hardened_clay
1847,2026-08-04T18:33:22.475Z,0.0,-0.011744171,0.0,-0.22198316,0,0,0,0,0.003947073,0.0016886378,0.0053910604,0.0047035143,,minecraft:stained_hardened_clay
1848,2026-08-04T18:33:22.524Z,0.0,-0.009823471,0.0,-0.13714638,0,0,0,0,0.0039195195,0.0017521123,0.005399663,0.0047205975,,minecraft:stained_hardened_clay
1849,2026-08-04T18:33:22.575Z,0.0,-0.0072759315,0.0,-0.095779195,0,0,0,0,0.004114497,0.0017716037,0.005355767,0.0047396766,,minecraft:stained_hardened_clay
1850,2026-08-04T18:33:22.625Z,0.0,-0.0068009123,0.0,-0.07445125,0,0,0,0,0.004619768,0.0017580161,0.0052651907,0.0047641173,,minecraft:stained_hardened_clay
1851,2026-08-04T18:33:22.675Z,0.0,-0.004873641,0.0,-0.06426315,0,0,0,0,0.0054902453,0.0017057175,0.0051307976,0.004794785,,minecraft:stained_hardened_clay
1852,2026-08-04T18:33:22.724Z,0.0,-0.0033583865,0.0,-0.0628768,0,0,0,0,0.0068341815,0.0016359689,0.004979474,0.0048490046,,minecraft:stained_hardened_clay
1853,2026-08-04T18:33:22.779Z,-14.694275,0.028172418,-81.6167,-0.37594903,0,0,0,0,0.0081631215,0.0021248832,0.0076489323,0.0061948774,,minecraft:stained_hardened_clay
1854,2026-08-04T18:33:22.826Z,0.0,0.08773745,0.0,-0.6846421,0,0,0,0,0.010223795,0.0022399246,0.008222232,0.006979998,,minecraft:stained_hardened_clay
1855,2026-08-04T18:33:22.879Z,2.072281,0.09443932,-1.0361428,-0.7179346,0,0,0,0,0.020477481,0.002287382,0.008339032,0.008493219,,minecraft:stained_hardened_clay
1856,2026-08-04T18:33:22.927Z,6.122673,0.09570611,-3.0142336,-0.635372,0,0,0,0,0.052077394,0.0020894771,0.007486577,0.010346094,,minecraft:stained_hardened_clay
1857,2026-08-04T18:33:22.975Z,0.094192505,0.08354702,-0.18838978,-0.6397556,0,0,0,0,0.047411207,0.0019992467,0.0072114947,0.0100668995,,minecraft:stained_hardened_clay
1858,2026-08-04T18:33:23.028Z,0.0,0.065930866,0.0,-0.60838324,0,0,0,0,0.039373558,0.001989438,0.0070995335,0.009478431,,minecraft:stained_hardened_clay
1859,2026-08-04T18:33:23.076Z,0.0,0.05710753,0.0,-0.47028562,0,0,0,0,0.021893753,0.002096175,0.0071461783,0.008658298,,minecraft:stained_hardened_clay
1860,2026-08-04T18:33:23.128Z,-0.28258514,0.055838875,1.1303375,-0.32101306,0,0,0,0,0.013489738,0.0022605632,0.007296144,0.007980234,,minecraft:stained_hardened_clay
1861,2026-08-04T18:33:23.177Z,-0.094192505,0.056731246,1.0361431,-0.2747572,0,0,0,0,0.009066554,0.0023957277,0.007507003,0.0075080865,,minecraft:stained_hardened_clay
1862,2026-08-04T18:33:23.226Z,0.0,0.057521485,0.0,-0.2673211,0,0,0,0,0.0069639375,0.0025249417,0.007770838,0.0072578834,,minecraft:stained_hardened_clay
1863,2026-08-04T18:33:23.275Z,0.0,0.041036166,0.0,-0.20651102,0,0,0,0,0.009374146,0.0023524058,0.007156193,0.0069602844,,minecraft:stained_hardened_clay
1864,2026-08-04T18:33:23.327Z,0.0,0.018137082,0.0,-0.24665686,0,0,0,0,0.010163478,0.0021978617,0.006903096,0.006642935,,minecraft:stained_hardened_clay
1865,2026-08-04T18:33:23.379Z,0.0,-0.0053077266,0.0,-0.22453192,0,0,0,0,0.011816405,0.002112975,0.0066247624,0.006675293,,minecraft:stained_hardened_clay
1866,2026-08-04T18:33:23.425Z,-0.094192505,-0.024791192,0.0,-0.18595125,0,0,0,0,0.014350918,0.0020441418,0.00634842,0.0068252347,,minecraft:stained_hardened_clay
1867,2026-08-04T18:33:23.477Z,-6.1226654,-0.020727247,5.0865192,-0.36390764,0,0,0,0,0.017639026,0.0020828359,0.0066111074,0.007358375,,minecraft:stained_hardened_clay
1868,2026-08-04T18:33:23.526Z,-15.824722,-0.030428033,2.9200387,-0.31084415,0,0,0,0,0.027093593,0.002151935,0.006567907,0.008337789,,minecraft:stained_hardened_clay
1869,2026-08-04T18:33:23.578Z,-9.419479,-0.0348439,0.47097397,-0.24585828,0,0,0,0,0.037435096,0.0021370314,0.0063590137,0.009005267,,minecraft:stained_hardened_clay
1870,2026-08-04T18:33:23.626Z,0.0,-0.03678758,0.0,-0.20061612,0,0,0,0,0.045347825,0.0021122925,0.0061842883,0.009382706,,minecraft:stained_hardened_clay
1871,2026-08-04T18:33:23.675Z,0.0,-0.039350104,0.0,-0.16551098,0,0,0,0,0.05479967,0.0020520634,0.005942638,0.009688147,,minecraft:stained_hardened_clay
1872,2026-08-04T18:33:23.727Z,0.0,-0.03706785,0.0,0.0933897,0,0,0,0,0.05709541,0.002301483,0.0058554956,0.010784501,,minecraft:stained_hardened_clay
1873,2026-08-04T18:33:23.776Z,0.0,-0.033895224,0.0,0.26913124,0,0,0,0,0.057690993,0.0023994776,0.0057607787,0.011115124,,minecraft:stained_hardened_clay
1874,2026-08-04T18:33:23.827Z,0.56516266,-0.027347378,-0.56516933,0.37434974,0,0,0,0,0.054220624,0.002522829,0.0058000623,0.011201663,,minecraft:stained_hardened_clay
1875,2026-08-04T18:33:23.876Z,0.094192505,-0.023747016,0.37677956,0.3929082,0,0,0,0,0.06418055,0.0022136972,0.0054976447,0.011074045,,minecraft:stained_hardened_clay
1876,2026-08-04T18:33:23.926Z,0.6593628,0.0016920492,3.1084285,0.29797205,0,0,0,0,0.07176555,0.0021770264,0.0056419834,0.011490234,,minecraft:stained_hardened_clay
1877,2026-08-04T18:33:23.978Z,0.37677765,0.016607992,1.1303377,0.15555084,0,0,0,0,0.083035305,0.0020946576,0.0056632585,0.011886269,,minecraft:stained_hardened_clay
1878,2026-08-04T18:33:24.027Z,0.0,0.025808267,0.0,0.01823961,0,0,0,0,0.087682664,0.0020546361,0.0057468037,0.01198283,,minecraft:stained_hardened_clay
1879,2026-08-04T18:33:24.078Z,0.0,0.026260167,0.0,-0.06660332,0,0,0,0,0.08662005,0.002075239,0.0059035053,0.01198632,,minecraft:stained_hardened_clay
1880,2026-08-04T18:33:24.125Z,0.0,0.05285313,0.0,0.3513161,0,0,0,0,0.3102655,0.0026179724,0.006290102,0.019341923,,minecraft:stained_hardened_clay
1881,2026-08-04T18:33:24.177Z,-1.2245255,0.045006685,2.0722828,1.0013206,1,0,0,0,0.87219775,0.0026026047,0.005229067,0.04214764,,minecraft:stained_hardened_clay
1882,2026-08-04T18:33:24.228Z,3.014244,0.033435814,0.470973,1.0689522,1,0,0,0,0.9654177,0.0019222149,0.0038985242,0.05832859,,minecraft:stained_hardened_clay
1883,2026-08-04T18:33:24.275Z,7.0646133,0.047041282,-0.75355816,0.34430936,1,0,0,0,0.9306538,0.0011761922,0.0031736675,0.03274286,,minecraft:stained_hardened_clay
1884,2026-08-04T18:33:24.327Z,1.5071182,0.040976606,-0.47097397,0.479803,1,0,0,0,0.7832554,0.0010697412,0.002959834,0.02048124,,minecraft:stained_hardened_clay
1885,2026-08-04T18:33:24.376Z,0.0,0.008424126,0.0,0.59072185,1,0,0,0,0.66121143,0.0009386896,0.0026411114,0.015973708,,minecraft:stained_hardened_clay
1886,2026-08-04T18:33:24.425Z,0.0,-0.01253663,0.0,0.6115027,0,0,0,0,0.51242596,0.0009058184,0.0026000189,0.013175279,,minecraft:stained_hardened_clay
1887,2026-08-04T18:33:24.476Z,0.0,-0.026377045,0.0,0.5686414,0,0,0,0,0.3754868,0.0009100088,0.0026704827,0.011272029,,minecraft:stained_hardened_clay
1888,2026-08-04T18:33:24.528Z,0.0,-0.03502644,0.0,0.50189024,0,0,0,0,0.26565924,0.0009392474,0.00281301,0.0099186795,,minecraft:stained_hardened_clay
1889,2026-08-04T18:33:24.576Z,0.0,-0.015843064,0.0,0.619903,1,0,0,0,0.5595539,0.0010650499,0.0029373053,0.015244291,,minecraft:stained_hardened_clay
1890,2026-08-04T18:33:24.628Z,0.0,-0.01510958,0.0,0.24703917,1,0,0,0,0.81615806,0.00093629566,0.0028135597,0.020447686,,minecraft:stained_hardened_clay
1891,2026-08-04T18:33:24.674Z,0.0,0.091403835,0.0,-0.5447473,1,0,0,0,0.77740514,0.00066692027,0.0024754438,0.01758357,,minecraft:stained_hardened_clay
1892,2026-08-04T18:33:24.726Z,0.0,0.20235842,0.0,-1.3346994,1,0,0,0,0.4150487,0.0006164358,0.0029204767,0.011591116,,minecraft:stained_hardened_clay
1893,2026-08-04T18:33:24.774Z,0.0,0.2323072,0.0,-1.5238178,0,0,0,0,0.11695412,0.00074494805,0.003720906,0.008231378,,minecraft:stained_hardened_clay
1894,2026-08-04T18:33:24.828Z,0.0,0.20981386,0.0,-1.6044469,0,0,0,0,0.02627214,0.0010926728,0.0056262165,0.006658812,,minecraft:stained_hardened_clay
1895,2026-08-04T18:33:24.876Z,0.0,0.1784001,0.65936375,-1.5192721,0,0,0,0,0.0111764185,0.0016103695,0.007939204,0.0060015954,,minecraft:stained_hardened_clay
1896,2026-08-04T18:33:24.926Z,-0.8477478,0.18201384,1.0361423,-1.4831424,0,0,0,0,0.007358476,0.0020807984,0.009761731,0.0058581866,,minecraft:stained_hardened_clay
1897,2026-08-04T18:33:24.977Z,-7.2529984,0.18866974,-11.491765,-1.5407788,0,0,0,0,0.005894909,0.002478512,0.011557316,0.0059202076,,minecraft:stained_hardened_clay
1898,2026-08-04T18:33:25.026Z,-13.093079,0.21273488,-17.049257,-1.3683677,0,0,0,0,0.007977324,0.003095842,0.012968805,0.007010282,,minecraft:stained_hardened_clay
1899,2026-08-04T18:33:25.076Z,-6.3110504,0.21207649,-7.3471947,-1.3997697,0,0,0,0,0.0072901607,0.0035088046,0.01460796,0.0071978895,,minecraft:stained_hardened_clay
1900,2026-08-04T18:33:25.124Z,-0.6593666,0.15407327,-5.3691025,-1.6214305,0,0,0,0,0.0050551724,0.0032319962,0.014820157,0.00613685,,minecraft:stained_hardened_clay
1901,2026-08-04T18:33:25.174Z,-0.9419441,0.12808508,-12.339516,-1.5929946,0,0,0,0,0.004304995,0.0034887153,0.015915686,0.006239849,,minecraft:stained_hardened_clay
1902,2026-08-04T18:33:25.235Z,-3.3910065,0.11130706,-20.157688,-1.4540883,0,0,0,0,0.0048108185,0.0039112605,0.016603872,0.0066517093,,minecraft:stained_hardened_clay
1903,2026-08-04T18:33:25.275Z,-5.3691025,0.10064561,-17.802837,-1.4658519,0,0,0,0,0.0057114963,0.0041292435,0.016930303,0.0072260187,,minecraft:stained_hardened_clay
1904,2026-08-04T18:33:25.324Z,-0.94195175,0.09705608,-1.6013107,-1.5516214,0,0,0,0,0.0058578807,0.0041046552,0.017209776,0.007379896,,minecraft:stained_hardened_clay
1905,2026-08-04T18:33:25.376Z,0.0,0.07130621,0.0,-1.6376231,0,0,0,0,0.0072952425,0.0053246715,0.022352736,0.010683467,,minecraft:stained_hardened_clay
1906,2026-08-04T18:33:25.425Z,0.0,0.08138386,0.0,-1.2533556,0,0,0,0,0.0072380486,0.0069317515,0.027240677,0.013394089,,minecraft:stained_hardened_clay
1907,2026-08-04T18:33:25.475Z,0.0,0.10183314,0.0,-0.75343525,0,0,0,0,0.006236148,0.0077991416,0.027100451,0.014472908,,minecraft:stained_hardened_clay
1908,2026-08-04T18:33:25.525Z,0.0,0.10801745,0.0,-0.3234805,0,0,0,0,0.005578624,0.008011489,0.024247753,0.014686139,,minecraft:stained_hardened_clay
1909,2026-08-04T18:33:25.575Z,0.0,0.10544219,0.0,-0.0625695,0,0,0,0,0.005160783,0.007830942,0.021494674,0.014323694,,minecraft:stained_hardened_clay
1910,2026-08-04T18:33:25.627Z,0.0,0.10635907,0.0,0.13267577,0,0,0,0,0.0026441086,0.0056450153,0.014509347,0.010873878,,minecraft:stained_hardened_clay
1911,2026-08-04T18:33:25.675Z,0.0,0.10436069,0.0,0.11611294,0,0,0,0,0.0019069514,0.0046986956,0.012186428,0.009101648,,minecraft:stained_hardened_clay
1912,2026-08-04T18:33:25.724Z,0.0,0.09575879,0.0,0.0786918,0,0,0,0,0.0017512952,0.0043809116,0.011429394,0.008395679,,minecraft:stained_hardened_clay
1913,2026-08-04T18:33:25.775Z,0.0,0.10064443,0.0,0.0088584125,0,0,0,0,0.002071142,0.0043126256,0.011801953,0.008139305,,minecraft:stained_hardened_clay
1914,2026-08-04T18:33:25.825Z,0.0,0.103376515,0.0,-0.011579663,0,0,0,0,0.002254849,0.0041923225,0.011585015,0.0078788195,,minecraft:stained_hardened_clay
1915,2026-08-04T18:33:25.874Z,0.0,0.10441106,0.0,-0.015969895,0,0,0,0,0.0023584631,0.00402252,0.011231098,0.007621607,,minecraft:stained_hardened_clay
1916,2026-08-04T18:33:25.926Z,9.513676,0.119970225,-0.7535629,-0.07440761,0,0,0,0,0.0023596496,0.0038710656,0.0113567235,0.007296281,,minecraft:stained_hardened_clay
1917,2026-08-04T18:33:25.976Z,37.772125,0.09036852,1.6013336,-0.11103223,0,0,0,0,0.0025436322,0.0037743573,0.011266901,0.006618283,,minecraft:stained_hardened_clay
1918,2026-08-04T18:33:26.027Z,39.844406,0.05951456,-1.3187408,-0.09972818,0,0,0,0,0.0028800825,0.003718796,0.01118941,0.0065428503,,minecraft:stained_hardened_clay
1919,2026-08-04T18:33:26.076Z,7.0645905,0.038205817,-1.5071182,-0.10511219,0,0,0,0,0.0031417783,0.003633657,0.011058234,0.006493264,,minecraft:stained_hardened_clay
1920,2026-08-04T18:33:26.127Z,0.0,0.024847627,0.0,-0.12528744,0,0,0,0,0.0033661725,0.003603786,0.011098177,0.0064703743,,minecraft:stained_hardened_clay
1921,2026-08-04T18:33:26.176Z,0.0,0.016064137,0.0,-0.15178722,0,0,0,0,0.003571911,0.0035576273,0.011045251,0.006441068,,minecraft:stained_hardened_clay
1922,2026-08-04T18:33:26.225Z,0.0,0.0070912614,0.0,-0.17629403,0,0,0,0,0.0038528247,0.0034720136,0.010857017,0.006420098,,minecraft:stained_hardened_clay
1923,2026-08-04T18:33:26.276Z,0.0,-0.0010849461,0.0,-0.18861094,0,0,0,0,0.004194688,0.0033862414,0.01061932,0.0064128665,,minecraft:stained_hardened_clay
1924,2026-08-04T18:33:26.325Z,0.0,-0.011531558,0.0,-0.19132027,0,0,0,0,0.004694206,0.0032765763,0.010280055,0.006407481,,minecraft:stained_hardened_clay
1925,2026-08-04T18:33:26.374Z,0.0,-0.02848908,0.0,-0.17277724,0,0,0,0,0.005699305,0.0031176615,0.0097385235,0.006457794,,minecraft:stained_hardened_clay
1926,2026-08-04T18:33:26.425Z,0.0,-0.035771806,0.0,-0.18689942,0,0,0,0,0.0062804017,0.0030743831,0.009601836,0.0065043187,,minecraft:stained_hardened_clay
1927,2026-08-04T18:33:26.476Z,0.0,-0.058702238,0.0,0.020225935,0,0,0,0,0.008497693,0.003128093,0.0090245595,0.0068622925,,minecraft:stained_hardened_clay
1928,2026-08-04T18:33:26.525Z,0.0,-0.020304322,0.0,-0.03875781,0,0,0,0,0.0073581315,0.0024902204,0.007328996,0.005838743,,minecraft:stained_hardened_clay
1929,2026-08-04T18:33:26.576Z,0.0,-0.0020341873,0.0,0.12369675,0,0,0,0,0.0074190088,0.002138597,0.0061812797,0.0054500834,,minecraft:stained_hardened_clay
1930,2026-08-04T18:33:26.624Z,-0.47096252,0.021048687,0.18839264,0.222552,0,0,0,0,0.0061348584,0.0019153996,0.005584176,0.005097605,,minecraft:stained_hardened_clay
1931,2026-08-04T18:33:26.675Z,-1.6012726,0.03234233,0.47097015,0.2651745,0,0,0,0,0.0054520383,0.0018129487,0.005305834,0.0049064904,,minecraft:stained_hardened_clay
1932,2026-08-04T18:33:26.725Z,0.0,0.037435807,0.0,0.30335492,0,0,0,0,0.0055234446,0.0017607094,0.005153309,0.0048677246,,minecraft:stained_hardened_clay
1933,2026-08-04T18:33:26.774Z,-0.18838501,0.03931822,0.18838501,0.32550868,0,0,0,0,0.0059732194,0.0017279116,0.005057276,0.004883797,,minecraft:stained_hardened_clay
1934,2026-08-04T18:33:26.827Z,1.6013031,0.039118297,1.2245331,0.33857274,0,0,0,0,0.006935462,0.0016911291,0.00496702,0.0049348515,,minecraft:stained_hardened_clay
1935,2026-08-04T18:33:26.875Z,14.882767,0.04176546,7.6297913,0.32851836,0,0,0,0,0.008475592,0.001664104,0.004933781,0.0050303536,,minecraft:stained_hardened_clay
1936,2026-08-04T18:33:26.927Z,9.796234,0.040204316,4.89814,0.33591154,0,0,0,0,0.011315066,0.0016258786,0.004866778,0.005188086,,minecraft:stained_hardened_clay
1937,2026-08-04T18:33:26.978Z,0.0,0.043180883,0.18839264,0.3518895,0,0,0,0,0.012868762,0.0016349708,0.0048735095,0.005330468,,minecraft:stained_hardened_clay
1938,2026-08-04T18:33:27.029Z,-67.8203,0.062714525,66.8783,0.8011976,0,0,0,0,0.032993782,0.0018940342,0.0060040024,0.008670942,,minecraft:stained_hardened_clay
1939,2026-08-04T18:33:27.075Z,21.382217,0.14789668,7.4413886,0.52229357,0,0,0,0,0.047859807,0.0018297064,0.005678983,0.009916787,,minecraft:stained_hardened_clay
1940,2026-08-04T18:33:27.127Z,39.185028,0.17834768,12.433716,0.43556407,0,0,0,0,0.09260073,0.0016369264,0.0051263063,0.0116322255,,minecraft:stained_hardened_clay
1941,2026-08-04T18:33:27.175Z,0.0,0.19238561,0.0,0.28969482,0,0,0,0,0.16346753,0.0014211473,0.0046528764,0.0128611745,,minecraft:stained_hardened_clay
1942,2026-08-04T18:33:27.225Z,0.0,0.18820783,0.0,0.024719365,0,0,0,0,0.15050033,0.0012643889,0.004460155,0.012117703,,minecraft:stained_hardened_clay
1943,2026-08-04T18:33:27.276Z,-2.8258514,0.16993144,-1.3187256,-0.1782575,0,0,0,0,0.11911695,0.0012536551,0.004596952,0.011183434,,minecraft:stained_hardened_clay
1944,2026-08-04T18:33:27.327Z,16.107315,0.15607858,-4.709738,-0.27296156,0,0,0,0,0.09217943,0.001323722,0.004861979,0.010601529,,minecraft:stained_hardened_clay
1945,2026-08-04T18:33:27.377Z,9.890472,0.14365324,-10.455623,-0.31907293,0,0,0,0,0.060447555,0.0014891876,0.0053782994,0.009910707,,minecraft:stained_hardened_clay
1946,2026-08-04T18:33:27.425Z,-3.8619843,0.1298163,-0.56516886,-0.28399953,0,0,0,0,0.043512,0.0016589432,0.0058073425,0.009474425,,minecraft:stained_hardened_clay
1947,2026-08-04T18:33:27.474Z,26.657135,0.12553868,-0.47097397,-0.23162913,0,0,0,0,0.03245485,0.0018179261,0.0061569735,0.009149473,,minecraft:stained_hardened_clay
1948,2026-08-04T18:33:27.527Z,50.959396,0.1361846,-2.825844,-0.20014021,0,0,0,0,0.024402745,0.0020033678,0.0065895906,0.008951561,,minecraft:stained_hardened_clay
1949,2026-08-04T18:33:27.574Z,21.570618,0.15314567,-0.6593636,-0.17205097,0,0,0,0,0.023928713,0.0020625226,0.0066800155,0.0090881195,,minecraft:stained_hardened_clay
1950,2026-08-04T18:33:27.628Z,2.9200745,0.12352986,2.5432596,-0.13450095,0,0,0,0,0.03375487,0.0024544203,0.007423273,0.0105293095,,minecraft:stained_hardened_clay
1951,2026-08-04T18:33:27.676Z,10.549774,0.10550583,9.0427,0.06761811,0,0,0,0,0.045019016,0.0027148535,0.0076229665,0.012287157,,minecraft:stained_hardened_clay
1952,2026-08-04T18:33:27.724Z,0.0,0.09134371,0.0,0.2093857,0,0,0,0,0.05155046,0.0028005834,0.0075371577,0.012984953,,minecraft:stained_hardened_clay
1953,2026-08-04T18:33:27.775Z,0.0,0.07915927,0.0,0.29947087,0,0,0,0,0.052214157,0.0028362628,0.007442879,0.013116621,,minecraft:stained_hardened_clay
1954,2026-08-04T18:33:27.825Z,-2.8258362,0.056530602,-1.3187275,0.9705692,1,0,0,0,0.20677449,0.0025117109,0.005450285,0.018408397,,minecraft:stained_hardened_clay
1955,2026-08-04T18:33:27.874Z,-0.28256226,0.045454763,-0.56516933,1.179397,1,0,0,0,0.43308803,0.0018278941,0.00406208,0.020667968,,minecraft:stained_hardened_clay
1956,2026-08-04T18:33:27.924Z,-4.6155396,0.10098716,9.325285,1.1723939,1,0,0,0,0.48545095,0.0013203733,0.0033136539,0.017981485,,minecraft:stained_hardened_clay
1957,2026-08-04T18:33:27.975Z,6.782074,0.09647622,12.151129,1.5180058,1,0,0,0,0.31392223,0.00123205,0.002952627,0.014333561,,minecraft:stained_hardened_clay
1958,2026-08-04T18:33:28.026Z,41.539917,0.06311012,6.4052505,1.6457165,0,0,1,0,0.1787666,0.0011105811,0.0026495263,0.011669487,,minecraft:stained_hardened_clay
1959,2026-08-04T18:33:28.074Z,7.1587524,0.039169982,6.782028,1.5536166,0,0,0,0,0.0721299,0.0011202231,0.0027299644,0.009293622,,minecraft:stained_hardened_clay
1960,2026-08-04T18:33:28.128Z,1.2245178,0.038642064,0.0,1.2657967,0,0,0,0,0.027912645,0.0012187794,0.0031256152,0.0074234763,,minecraft:stained_hardened_clay
1961,2026-08-04T18:33:28.175Z,6.4995117,0.039758027,-0.28258133,1.0059603,0,0,0,0,0.014659102,0.0013261194,0.0035722128,0.006485919,,minecraft:stained_hardened_clay
1962,2026-08-04T18:33:28.225Z,22.418365,0.035207823,5.086521,0.9915616,0,0,0,0,0.025665395,0.0013213891,0.0034054257,0.007508797,,minecraft:stained_hardened_clay
1963,2026-08-04T18:33:28.275Z,40.31537,0.037407495,-4.144573,0.51936597,0,0,0,0,0.036740962,0.0011933527,0.0035209735,0.006930022,,minecraft:stained_hardened_clay
1964,2026-08-04T18:33:28.327Z,1.2245178,0.007472135,-1.8838959,-0.06390053,0,0,1,0,0.051332563,0.0010191022,0.0035388374,0.006516233,,minecraft:stained_hardened_clay
1965,2026-08-04T18:33:28.376Z,0.0,0.008658819,0.0,-0.7450815,0,0,0,0,0.04439201,0.00091218343,0.0037408473,0.006045832,,minecraft:stained_hardened_clay
1966,2026-08-04T18:33:28.425Z,2.6374817,-0.046396643,-15.165363,-1.0250416,0,0,0,0,0.06396903,0.0009895443,0.00416482,0.007396111,,minecraft:stained_hardened_clay
1967,2026-08-04T18:33:28.475Z,8.760101,-0.09952854,-13.2814665,-0.9553761,0,0,1,0,0.08286124,0.0011649827,0.0047091814,0.009220981,,minecraft:stained_hardened_clay
1968,2026-08-04T18:33:28.524Z,5.7458496,-0.14599617,-6.1226606,-0.7937327,0,0,0,0,0.0989283,0.0012424936,0.0048176767,0.0100527955,,minecraft:stained_hardened_clay
1969,2026-08-04T18:33:28.575Z,1.5071106,-0.19280797,-1.5071168,-0.27016053,1,0,0,0,0.31168863,0.0012591154,0.004300131,0.01405224,,minecraft:stained_hardened_clay
1970,2026-08-04T18:33:28.625Z,-6.4994507,-0.21827358,1.1303377,-0.060831565,1,0,0,0,0.66199833,0.0009890336,0.003372948,0.018307218,,minecraft:stained_hardened_clay
1971,2026-08-04T18:33:28.674Z,-25.33844,-0.15818708,1.4129214,-0.21629733,1,0,0,0,0.81112957,0.00080168364,0.002960711,0.01959002,,minecraft:stained_hardened_clay
1972,2026-08-04T18:33:28.725Z,-24.867432,-0.14358577,-0.65936375,-0.27948013,1,0,0,0,0.73152685,0.0006984613,0.002666337,0.015837079,,minecraft:stained_hardened_clay
1973,2026-08-04T18:33:28.775Z,-0.8477783,-0.14561757,0.0,-0.36774898,0,0,0,0,0.52590716,0.00068767555,0.0027029817,0.011936879,,minecraft:stained_hardened_clay
1974,2026-08-04T18:33:28.827Z,-12.056915,-0.1499634,-3.6735973,-0.44445974,0,0,0,0,0.29582718,0.00075414364,0.0029742843,0.0094559705,,minecraft:stained_hardened_clay
1975,2026-08-04T18:33:28.875Z,-9.890442,-0.15311936,-1.2245321,-0.40755484,0,0,0,0,0.14167179,0.0008939765,0.003397694,0.007981592,,minecraft:stained_hardened_clay
1976,2026-08-04T18:33:28.925Z,0.0,-0.15173861,0.0,-0.30291554,0,0,0,0,0.06931019,0.0010747649,0.0038664476,0.007104284,,minecraft:stained_hardened_clay
1977,2026-08-04T18:33:28.978Z,-1.6955261,-0.15133293,-0.75355864,-0.24471208,0,0,0,0,0.09306303,0.0014687134,0.0047928076,0.009552779,,minecraft:stained_hardened_clay
1978,2026-08-04T18:33:29.026Z,-4.7097473,-0.19260482,-0.18838954,-0.1994867,0,0,0,0,0.219647,0.0016774246,0.005284438,0.01389879,,minecraft:stained_hardened_clay
1979,2026-08-04T18:33:29.075Z,-0.09420776,-0.21138752,0.09419489,-0.256233,0,0,0,0,0.44231656,0.0015514857,0.0050827563,0.018264405,,minecraft:stained_hardened_clay
1980,2026-08-04T18:33:29.128Z,0.0,-0.21736845,0.0,-0.42222992,1,0,0,0,0.5742626,0.0014023407,0.0049262745,0.021027165,,minecraft:stained_hardened_clay
1981,2026-08-04T18:33:29.176Z,0.0,-0.20151201,0.09419489,-0.07688021,1,0,0,0,0.8602642,0.0011995101,0.0039193262,0.029210944,,minecraft:stained_hardened_clay
1982,2026-08-04T18:33:29.227Z,-0.18838501,-0.1696445,2.35487,0.030045398,1,0,0,0,0.9266532,0.00096048065,0.0031599968,0.032892562,,minecraft:stained_hardened_clay
1983,2026-08-04T18:33:29.276Z,0.0,-0.113171384,0.0,0.15711665,1,0,0,0,0.9183926,0.0007371637,0.0025538087,0.026363669,,minecraft:stained_hardened_clay
1984,2026-08-04T18:33:29.326Z,0.0,-0.09666176,0.0,0.29610157,1,0,0,0,0.7223684,0.0006877971,0.0023638906,0.016031502,,minecraft:stained_hardened_clay
1985,2026-08-04T18:33:29.377Z,0.0,-0.099731356,0.09419489,0.38043207,0,0,0,0,0.27843666,0.00078758976,0.0026368243,0.009936404,,minecraft:stained_hardened_clay
1986,2026-08-04T18:33:29.427Z,0.0,-0.098040685,0.0,0.45166776,0,0,0,0,0.07149353,0.0009973396,0.0031773597,0.0073102447,,minecraft:stained_hardened_clay
1987,2026-08-04T18:33:29.475Z,-0.4710083,-0.092219666,1.1303382,0.57499385,0,0,0,0,0.021049395,0.0013229903,0.0039272495,0.0061422763,,minecraft:stained_hardened_clay
1988,2026-08-04T18:33:29.524Z,-0.56521606,-0.08665833,1.2245326,0.6269007,0,0,0,0,0.010845118,0.0015519963,0.004463114,0.0058046896,,minecraft:stained_hardened_clay
1989,2026-08-04T18:33:29.576Z,-0.09420776,-0.08871515,0.09419489,0.720219,0,0,0,0,0.015295614,0.0017418906,0.004567499,0.006885019,,minecraft:stained_hardened_clay
1990,2026-08-04T18:33:29.625Z,-0.56521606,-0.099114954,0.09419489,0.7431519,0,0,0,0,0.027113285,0.0016981999,0.0043247514,0.0076502967,,minecraft:stained_hardened_clay
1991,2026-08-04T18:33:29.677Z,-0.7536621,-0.11469435,-0.18838978,0.68274826,0,0,0,0,0.042061858,0.0015032458,0.0039541563,0.007842725,,minecraft:stained_hardened_clay
1992,2026-08-04T18:33:29.726Z,-0.09420776,-0.12899637,-0.09419489,0.4871134,0,0,0,0,0.038181473,0.0014561941,0.004040485,0.0074131326,,minecraft:stained_hardened_clay
1993,2026-08-04T18:33:29.775Z,-9.607849,-0.109336,0.8477526,0.2083002,0,0,0,0,0.024369357,0.0015274254,0.0044221557,0.006672476,,minecraft:stained_hardened_clay
1994,2026-08-04T18:33:29.826Z,-15.447937,-0.12736729,0.37677956,0.18638262,0,0,1,0,0.00966023,0.0019423021,0.0054055895,0.006464678,,minecraft:stained_hardened_clay
1995,2026-08-04T18:33:29.877Z,-2.73172,-0.1098614,0.65936184,0.117033936,0,0,0,0,0.0064925347,0.0021431635,0.005839025,0.0063989507,,minecraft:stained_hardened_clay
1996,2026-08-04T18:33:29.925Z,-15.35376,-0.097184695,1.2245331,0.12731189,0,0,0,0,0.005009046,0.002307212,0.0061057666,0.006446356,,minecraft:stained_hardened_clay
1997,2026-08-04T18:33:29.977Z,-5.274933,-0.093339846,2.354869,0.19920072,0,0,1,0,0.0042522987,0.00242618,0.0062138475,0.0065561286,,minecraft:stained_hardened_clay
1998,2026-08-04T18:33:30.026Z,-2.0722961,-0.09833294,10.926597,0.32129472,0,0,0,0,0.0037806525,0.0024200652,0.005963827,0.006608894,,minecraft:stained_hardened_clay
1999,2026-08-04T18:33:30.076Z,-18.74472,-0.08538278,15.824726,0.3499726,0,0,0,0,0.0036662437,0.0022976964,0.0057173106,0.0062829643,,minecraft:stained_hardened_clay
2000,2026-08-04T18:33:30.124Z,7.7239685,-0.109188035,6.876217,0.5595039,0,0,1,0,0.0032982202,0.0020014208,0.004811154,0.005944393,,minecraft:stained_hardened_clay
2001,2026-08-04T18:33:30.175Z,7.9123535,-0.091785595,0.5651665,0.92854327,0,0,0,0,0.013443063,0.002359645,0.0051204585,0.009847076,,minecraft:stained_hardened_clay
2002,2026-08-04T18:33:30.225Z,-18.74472,-0.1400852,2.6374512,0.88366455,0,0,0,0,0.03695834,0.002099496,0.004367177,0.009770626,,minecraft:stained_hardened_clay
2003,2026-08-04T18:33:30.277Z,-14.506012,-0.15319449,6.593643,0.6766673,0,0,1,0,0.045040496,0.001529967,0.0036412526,0.008166605,,minecraft:stained_hardened_clay
2004,2026-08-04T18:33:30.324Z,0.0,-0.15857391,0.18839264,0.53408366,0,0,0,0,0.04832693,0.0012347014,0.00321902,0.00737441,,minecraft:stained_hardened_clay
2005,2026-08-04T18:33:30.376Z,-6.6878204,-0.21341956,1.6013107,0.7374981,0,0,0,0,0.09653292,0.0011902654,0.0029817612,0.009104294,,minecraft:stained_hardened_clay
2006,2026-08-04T18:33:30.424Z,-19.121597,-0.24637029,1.3187294,0.6839405,0,0,0,0,0.17341691,0.0010562163,0.0027630343,0.010164332,,minecraft:stained_hardened_clay
2007,2026-08-04T18:33:30.476Z,-13.281479,-0.17689133,-0.6593628,0.12399211,0,0,0,0,0.24589017,0.00086271873,0.00267557,0.010321209,,minecraft:stained_hardened_clay
2008,2026-08-04T18:33:30.526Z,-0.47096252,-0.1519008,-0.09419632,-0.24229947,0,0,0,0,0.28930002,0.00076737796,0.0026596906,0.010371152,,minecraft:stained_hardened_clay
2009,2026-08-04T18:33:30.575Z,0.0,-0.14400673,0.0,-0.4653439,0,0,0,0,0.2685956,0.00073725637,0.0027462284,0.00993921,,minecraft:stained_hardened_clay
2010,2026-08-04T18:33:30.624Z,2.6374512,-0.13673471,-4.992325,-0.66139525,0,0,0,0,0.20194629,0.00075707433,0.0029720566,0.009103252,,minecraft:stained_hardened_clay
2011,2026-08-04T18:33:30.677Z,4.0503845,-0.13114053,-3.5794067,-0.8896553,0,0,0,0,0.0760695,0.0008854843,0.003614318,0.0073869275,,minecraft:stained_hardened_clay
2012,2026-08-04T18:33:30.726Z,9.60788,-0.10326387,-1.7896996,-0.72547066,0,0,0,0,0.012800422,0.0011781455,0.0043364423,0.005580473,,minecraft:stained_hardened_clay
2013,2026-08-04T18:33:30.777Z,0.6593628,-0.0719806,-0.18839264,-0.34829,0,0,0,0,0.0043950565,0.0015540327,0.0049885637,0.004873202,,minecraft:stained_hardened_clay
2014,2026-08-04T18:33:30.825Z,-24.302277,-0.0537247,1.6955032,-0.11422687,0,0,0,0,0.0028173993,0.0017696999,0.0052873264,0.004823354,,minecraft:stained_hardened_clay
2015,2026-08-04T18:33:30.875Z,-16.10736,-0.06844048,3.3910065,0.027376987,0,0,0,0,0.0096735,0.0024054032,0.0063580493,0.0077748355,,minecraft:stained_hardened_clay
2016,2026-08-04T18:33:30.925Z,-6.8762054,-0.047390603,-2.6374588,-0.43915597,0,0,0,0,0.037289277,0.0023157254,0.0068950034,0.010796528,,minecraft:stained_hardened_clay
2017,2026-08-04T18:33:30.976Z,-24.679077,-0.06758403,-7.158806,-1.2791873,0,0,0,0,0.018781038,0.0019423132,0.0078053093,0.007637146,,minecraft:stained_hardened_clay
2018,2026-08-04T18:33:31.025Z,-23.737091,-0.08408576,-3.4852028,-1.397233,0,0,0,0,0.011435354,0.0021412116,0.009361301,0.006680917,,minecraft:stained_hardened_clay
2019,2026-08-04T18:33:31.075Z,-8.289154,-0.10102397,-0.6593628,-1.3876305,0,0,0,0,0.02504886,0.0032356787,0.013149755,0.009694275,,minecraft:stained_hardened_clay
2020,2026-08-04T18:33:31.126Z,-0.84775543,-0.12202527,0.09419632,-1.497081,0,0,0,0,0.051120624,0.0038280096,0.014993142,0.01303815,,minecraft:stained_hardened_clay
2021,2026-08-04T18:33:31.176Z,-5.5574875,-0.058080144,-1.7896996,-1.2247571,0,0,0,0,0.07173311,0.0031555328,0.010983492,0.014368843,,minecraft:stained_hardened_clay
2022,2026-08-04T18:33:31.224Z,0.0,-0.015330464,0.0,-1.1090689,0,0,0,0,0.106053434,0.0022455063,0.007882384,0.013920963,,minecraft:stained_hardened_clay
2023,2026-08-04T18:33:31.277Z,0.0,0.008132026,0.0,-0.2801089,0,0,0,0,0.50707644,0.0016086694,0.00472694,0.021883579,,minecraft:stained_hardened_clay
2024,2026-08-04T18:33:31.328Z,0.0,0.05714979,0.0,-0.10907255,1,0,0,0,0.7790515,0.00087580597,0.0026950992,0.023892906,,minecraft:stained_hardened_clay
2025,2026-08-04T18:33:31.377Z,0.0,0.037056923,0.0,0.35269466,1,0,0,0,0.94227606,0.0006174681,0.0018199569,0.031905398,,minecraft:stained_hardened_clay
2026,2026-08-04T18:33:31.427Z,0.0,0.029946394,0.0,0.49864045,1,0,0,0,0.9803437,0.00047293174,0.0013402604,0.03910885,,minecraft:stained_hardened_clay
2027,2026-08-04T18:33:31.474Z,0.0,0.02358266,0.0,0.95568365,1,0,0,0,0.97458774,0.00033644287,0.00095188885,0.028521052,,minecraft:stained_hardened_clay
2028,2026-08-04T18:33:31.524Z,-1.5071106,0.07377746,1.4129295,1.246576,1,0,0,0,0.97435963,0.00028831218,0.0008382465,0.026549378,,minecraft:stained_hardened_clay
2029,2026-08-04T18:33:31.576Z,-1.2245178,0.0884001,1.978096,1.1537693,1,0,0,0,0.9792093,0.00026137964,0.000781848,0.026794722,,minecraft:stained_hardened_clay
2030,2026-08-04T18:33:31.627Z,1.7896957,0.076244794,1.318737,0.8086516,1,0,0,0,0.95253575,0.00021676674,0.0008032278,0.01919238,,minecraft:stained_hardened_clay
2031,2026-08-04T18:33:31.677Z,43.706383,0.13526899,7.912369,-0.15672432,0,0,0,0,0.5969759,0.0001990358,0.00094135274,0.008625792,,minecraft:stained_hardened_clay
2032,2026-08-04T18:33:31.726Z,52.46649,0.14112991,5.5574875,-0.110042624,0,0,0,0,0.11667808,0.00027023788,0.0011301263,0.005032258,,minecraft:stained_hardened_clay
2033,2026-08-04T18:33:31.776Z,13.752457,0.26309374,-0.09419632,0.025898747,0,0,0,0,0.038481157,0.0004984703,0.0018320689,0.0055570323,,minecraft:stained_hardened_clay
2034,2026-08-04T18:33:31.826Z,0.0,0.29795098,0.0,0.13470966,0,0,0,0,0.018094976,0.00077600346,0.0024552436,0.0060375244,,minecraft:stained_hardened_clay
2035,2026-08-04T18:33:31.874Z,6.6878357,0.25902522,5.3691063,0.4047927,0,0,0,0,0.00979023,0.0008603942,0.0024644707,0.0060433047,,minecraft:stained_hardened_clay
2036,2026-08-04T18:33:31.925Z,20.817047,0.2354702,8.76012,0.5807662,0,0,0,0,0.008762357,0.0008884167,0.0023395414,0.00660715,,minecraft:stained_hardened_clay
2037,2026-08-04T18:33:31.974Z,15.7304535,0.17644739,7.6297913,1.0693536,0,0,0,0,0.026654398,0.001191339,0.002558105,0.013032299,,minecraft:stained_hardened_clay
2038,2026-08-04T18:33:32.025Z,5.1807556,0.14657748,2.6374664,1.1481061,0,0,0,0,0.053198665,0.0015143624,0.0030758698,0.020181414,,minecraft:stained_hardened_clay
2039,2026-08-04T18:33:32.074Z,0.0,0.1718089,0.0,0.45610687,0,0,0,0,0.016183736,0.0020271298,0.004550373,0.014956678,,minecraft:stained_hardened_clay
2040,2026-08-04T18:33:32.124Z,0.0,0.15716314,0.0,0.14675614,0,0,0,0,0.006234396,0.002623752,0.006070038,0.012671206,,minecraft:stained_hardened_clay
2041,2026-08-04T18:33:32.175Z,0.0,0.18084916,0.0,0.1777569,0,0,0,0,0.01040471,0.003173117,0.0075934087,0.019014234,,minecraft:stained_hardened_clay
2042,2026-08-04T18:33:32.226Z,0.0,0.16997632,0.0,0.23668966,0,0,0,0,0.01629786,0.0041860966,0.009674386,0.027837427,,minecraft:stained_hardened_clay
2043,2026-08-04T18:33:32.275Z,0.0,0.17940864,0.0,-0.36939764,0,0,0,0,0.008060344,0.003670822,0.009897429,0.015485762,,minecraft:stained_hardened_clay
2044,2026-08-04T18:33:32.324Z,0.0,0.16431108,0.0,-0.24836117,0,0,0,0,0.004590346,0.0032746848,0.008770023,0.011083245,,minecraft:stained_hardened_clay
2045,2026-08-04T18:33:32.374Z,0.0,0.12758785,0.0,0.09020593,0,0,0,0,0.0037176213,0.002907787,0.0071939547,0.010262842,,minecraft:stained_hardened_clay
2046,2026-08-04T18:33:32.425Z,0.0,0.10530352,0.0,0.32172486,0,0,0,0,0.0036584903,0.0026393158,0.0062186434,0.010227351,,minecraft:stained_hardened_clay
2047,2026-08-04T18:33:32.474Z,0.0,0.09705854,0.0,0.4119946,0,0,0,0,0.0036321483,0.002474035,0.0057403287,0.009988808,,minecraft:stained_hardened_clay
2048,2026-08-04T18:33:32.525Z,0.0,0.048396066,0.0,0.30864736,0,0,0,0,0.002332639,0.002038206,0.0049737766,0.0076475497,,minecraft:stained_hardened_clay
2049,2026-08-04T18:33:32.575Z,0.0,0.044227295,0.0,0.14782768,0,0,0,0,0.0018760443,0.0018790793,0.0049250196,0.0064397226,,minecraft:stained_hardened_clay
2050,2026-08-04T18:33:32.624Z,0.0,0.05033946,0.0,0.035205357,0,0,0,0,0.0017478623,0.0018485,0.005030619,0.0059291124,,minecraft:stained_hardened_clay
2051,2026-08-04T18:33:32.674Z,0.0,0.05747793,0.0,-0.040475275,0,0,0,0,0.0017153346,0.001845815,0.005147141,0.005655608,,minecraft:stained_hardened_clay
2052,2026-08-04T18:33:32.724Z,0.0,0.0641344,0.0,-0.10412621,0,0,0,0,0.0017204275,0.001854209,0.00527526,0.005476264,,minecraft:stained_hardened_clay
2053,2026-08-04T18:33:32.774Z,0.0,0.034463026,0.0,0.11490289,0,0,0,0,0.0021059788,0.0017407724,0.0046786084,0.00621105,,minecraft:stained_hardened_clay
2054,2026-08-04T18:33:32.824Z,0.0,0.01665093,0.0,0.21390775,0,0,0,0,0.0024516317,0.0016261758,0.0042907703,0.006419441,,minecraft:stained_hardened_clay
2055,2026-08-04T18:33:32.873Z,0.0,-0.0046428293,0.0,0.3684382,0,0,0,0,0.0034709165,0.0015334206,0.0039329384,0.0071908124,,minecraft:stained_hardened_clay
2056,2026-08-04T18:33:32.924Z,0.0,-0.008214511,0.0,0.35098535,0,0,0,0,0.0042622783,0.0014381642,0.0036808446,0.006875401,,minecraft:stained_hardened_clay
2057,2026-08-04T18:33:32.973Z,0.0,-0.007252954,0.0,0.3362956,0,0,0,0,0.0058618113,0.0013526311,0.0034765156,0.0071061146,,minecraft:stained_hardened_clay
2058,2026-08-04T18:33:33.024Z,0.0,-0.005562775,0.0,0.29055318,0,0,0,0,0.007929306,0.0012929973,0.003363662,0.00738468,,minecraft:stained_hardened_clay
2059,2026-08-04T18:33:33.074Z,0.0,-0.0060512573,0.0,0.21956602,0,0,0,0,0.010487245,0.0012468031,0.0033019732,0.007592887,,minecraft:stained_hardened_clay
2060,2026-08-04T18:33:33.124Z,-1.0361938,-0.0072173923,0.7535553,0.154827,0,0,0,0,0.013713836,0.0012089579,0.0032433465,0.007844517,,minecraft:stained_hardened_clay
2061,2026-08-04T18:33:33.174Z,0.0,-0.0058621764,0.0,0.073996924,0,0,0,0,0.01785919,0.0011595075,0.003158621,0.008118421,,minecraft:stained_hardened_clay
2062,2026-08-04T18:33:33.225Z,0.0,-0.005904332,0.0,-0.0001809746,0,0,0,0,0.02397969,0.0010903068,0.003043898,0.00856756,,minecraft:stained_hardened_clay
2063,2026-08-04T18:33:33.275Z,0.0,-0.005957596,0.0,-0.07926158,0,0,0,0,0.0346853,0.001020125,0.002928827,0.009247636,,minecraft:stained_hardened_clay
2064,2026-08-04T18:33:33.328Z,-178.49866,0.13411734,-80.25402,-1.4388852,0,0,0,0,0.033262823,0.0006865773,0.0033900342,0.007008679,,minecraft:stained_hardened_clay
2065,2026-08-04T18:33:33.380Z,0.0,0.12914339,0.0,-1.4065521,0,0,0,0,0.08700073,0.0007323037,0.0034613733,0.009199394,,minecraft:stained_hardened_clay
2066,2026-08-04T18:33:33.429Z,0.0,0.0822647,0.0,-0.8928855,1,0,0,0,0.3974747,0.0006133509,0.0026060701,0.013279703,,minecraft:stained_hardened_clay
2067,2026-08-04T18:33:33.477Z,0.0,0.069180824,0.0,-0.4324037,1,0,0,0,0.8091609,0.00045724405,0.0018429769,0.018234365,,minecraft:stained_hardened_clay
2068,2026-08-04T18:33:33.526Z,0.0,0.058190234,0.0,-0.47273988,1,0,0,0,0.90304196,0.00034836258,0.0014849692,0.02007768,,minecraft:stained_hardened_clay
2069,2026-08-04T18:33:33.576Z,0.0,0.04734625,0.0,-0.083191305,1,0,0,0,0.9631634,0.0003408928,0.0012619995,0.027904054,,minecraft:stained_hardened_clay
2070,2026-08-04T18:33:33.626Z,0.0,0.030426614,-0.470974,0.046557926,1,0,0,0,0.97971994,0.00031200156,0.001104413,0.03282488,,minecraft:stained_hardened_clay
2071,2026-08-04T18:33:33.675Z,0.0,0.058303423,0.0,-0.2946309,1,0,0,0,0.98721945,0.00030490907,0.0011421846,0.03607177,,minecraft:stained_hardened_clay
2072,2026-08-04T18:33:33.725Z,0.0,0.072461285,0.0,0.11513386,1,0,0,0,0.98700875,0.00031641428,0.001078304,0.034652054,,minecraft:stained_hardened_clay
2073,2026-08-04T18:33:33.774Z,0.0,0.07666864,0.0,0.45175913,1,0,0,0,0.9848683,0.0003111618,0.0010134,0.03229573,,minecraft:stained_hardened_clay
2074,2026-08-04T18:33:33.825Z,0.0,0.085251115,0.0,0.60449713,1,0,0,0,0.97969943,0.00032160545,0.0010244324,0.029341076,,minecraft:stained_hardened_clay
2075,2026-08-04T18:33:33.876Z,0.0,0.083665214,0.0,0.6378672,1,0,0,0,0.9733609,0.00031571218,0.0010227121,0.026516404,,minecraft:stained_hardened_clay
2076,2026-08-04T18:33:33.924Z,0.0,0.09447313,0.0,-0.14101768,1,0,0,0,0.92135346,0.00028970253,0.001274787,0.018404366,,minecraft:stained_hardened_clay
2077,2026-08-04T18:33:33.975Z,0.0,0.12193508,0.0,-0.38386717,1,0,0,0,0.8337628,0.00029515545,0.0013750049,0.014858399,,minecraft:stained_hardened_clay
2078,2026-08-04T18:33:34.026Z,0.0,0.13317499,0.0,-0.39678112,1,0,0,0,0.84027886,0.0003263751,0.0014436748,0.015829775,,minecraft:stained_hardened_clay
2079,2026-08-04T18:33:34.076Z,0.0,0.13095596,0.0,-0.29274854,1,0,0,0,0.865742,0.0003476534,0.001449357,0.017470341,,minecraft:stained_hardened_clay
2080,2026-08-04T18:33:34.126Z,0.0,0.09924332,0.0,-0.054545823,1,0,0,0,0.923503,0.00038873887,0.0014145282,0.022862267,,minecraft:stained_hardened_clay
2081,2026-08-04T18:33:34.176Z,0.0,0.06591665,0.0,0.65696394,1,0,0,0,0.9846228,0.0004382218,0.0012237355,0.043431938,,minecraft:stained_hardened_clay
2082,2026-08-04T18:33:34.226Z,0.0,0.009206735,0.0,0.750696,1,0,0,0,0.99274796,0.00040177835,0.0011114591,0.05642759,,minecraft:stained_hardened_clay
2083,2026-08-04T18:33:34.276Z,0.0,0.06819471,0.0,-0.38547358,1,0,0,0,0.98585296,0.0003423861,0.0013017321,0.039471444,,minecraft:stained_hardened_clay
2084,2026-08-04T18:33:34.325Z,0.0,0.092715494,0.0,-0.61646914,1,0,0,0,0.9694881,0.00036143634,0.0015072541,0.030297955,,minecraft:stained_hardened_clay
2085,2026-08-04T18:33:34.375Z,0.0,0.08869239,0.0,0.22922105,1,0,0,0,0.9641631,0.0004826611,0.0015836172,0.033536516,,minecraft:stained_hardened_clay
2086,2026-08-04T18:33:34.424Z,0.28258514,0.056569614,7.06461,1.2216645,1,0,0,0,0.9681667,0.0005171411,0.0013616974,0.035137355,,minecraft:stained_hardened_clay
2087,2026-08-04T18:33:34.478Z,1.4129333,0.03686311,6.6878314,1.8125225,1,0,0,0,0.9724357,0.00051570375,0.0012036602,0.036944516,,minecraft:stained_hardened_clay
2088,2026-08-04T18:33:34.525Z,0.37677765,0.027852803,1.6013117,1.6345818,1,0,0,0,0.9615908,0.00044718705,0.0011676825,0.030980071,,minecraft:stained_hardened_clay
2089,2026-08-04T18:33:34.574Z,0.0,0.05265946,0.0,0.4958242,1,0,0,0,0.8884735,0.00038918367,0.0013618966,0.020101687,,minecraft:stained_hardened_clay
2090,2026-08-04T18:33:34.624Z,0.0,0.061799355,0.0,-0.1850904,1,0,0,0,0.7430415,0.00042081077,0.0016818206,0.015661385,,minecraft:stained_hardened_clay
2091,2026-08-04T18:33:34.674Z,-3.0142365,0.041305453,6.216855,1.135551,1,0,0,0,0.94170177,0.0005736514,0.0015498793,0.0318374,,minecraft:stained_hardened_clay
2092,2026-08-04T18:33:34.725Z,0.18838501,0.00056396425,6.3110504,2.3016171,1,0,0,0,0.98551995,0.0006073398,0.0012266431,0.057773985,,minecraft:stained_hardened_clay
2093,2026-08-04T18:33:34.774Z,-0.094192505,0.002323009,0.5651665,1.8881481,1,0,0,1,0.9847341,0.00047483502,0.0010892152,0.049586587,minecraft:stained_hardened_clay,minecraft:stained_hardened_clay
2094,2026-08-04T18:33:34.824Z,0.47097015,0.02983886,1.6955013,1.1338719,1,0,0,0,0.96646047,0.0003996687,0.0011491112,0.03374854,,minecraft:stained_hardened_clay
2095,2026-08-04T18:33:34.874Z,0.8477478,0.044146717,0.8477497,0.77231264,1,0,0,0,0.9330664,0.00038546967,0.0012573843,0.025846789,,minecraft:stained_hardened_clay
2096,2026-08-04T18:33:34.923Z,0.0,0.038842775,0.0,0.72479117,1,0,0,0,0.9232666,0.00038113308,0.0012948464,0.024490071,,minecraft:stained_hardened_clay
2097,2026-08-04T18:33:34.974Z,0.0,0.0136384815,0.28258324,1.1853658,1,0,0,1,0.9329969,0.00038231013,0.0011996084,0.025950756,minecraft:stained_hardened_clay,minecraft:stained_hardened_clay
2098,2026-08-04T18:33:35.023Z,-0.7535629,-0.020383883,5.463299,2.044048,1,0,0,0,0.98244345,0.00043801364,0.001077749,0.04753702,,minecraft:stained_hardened_clay
2099,2026-08-04T18:33:35.074Z,-0.47097778,-0.03426154,9.325279,1.8265654,1,0,0,0,0.9889971,0.00043974209,0.0011006638,0.061640345,,minecraft:stained_hardened_clay
2100,2026-08-04T18:33:35.124Z,1.9781036,-0.031419702,7.1588097,1.0463729,1,0,0,0,0.98982096,0.00042137018,0.0012224207,0.06609783,,minecraft:stained_hardened_clay
2101,2026-08-04T18:33:35.174Z,0.0,-0.047781084,6.5936356,1.5608542,1,0,0,0,0.99715626,0.0005018392,0.0012172369,0.11967898,,minecraft:stained_hardened_clay
2102,2026-08-04T18:33:35.225Z,0.47097778,-0.028180573,-4.9923325,0.80420595,1,0,0,0,0.99745756,0.0004724825,0.0013842876,0.13389988,,minecraft:stained_hardened_clay
2103,2026-08-04T18:33:35.275Z,-0.37678528,0.049078308,-14.317604,-1.4490051,1,0,0,0,0.9893198,0.0003977017,0.0018602728,0.073968194,,minecraft:stained_hardened_clay
2104,2026-08-04T18:33:35.326Z,0.18839264,0.117174484,-12.339516,-2.3213208,1,0,0,0,0.94058084,0.00043354242,0.0025713595,0.037524745,,minecraft:stained_hardened_clay
2105,2026-08-04T18:33:35.375Z,0.94195557,0.11516825,-11.491764,-1.8147439,1,0,0,0,0.8855377,0.00058993313,0.0032157383,0.03270593,,minecraft:stained_hardened_clay
2106,2026-08-04T18:33:35.424Z,0.0,0.072065465,-1.41292,-0.8649346,1,0,0,0,0.8508913,0.0007067254,0.0030841846,0.031050015,,minecraft:stained_hardened_clay
2107,2026-08-04T18:33:35.475Z,-0.2825775,0.03571797,0.18838882,-0.08741981,1,0,0,0,0.80429834,0.00074387057,0.0027313018,0.02812244,,minecraft:stained_hardened_clay
2108,2026-08-04T18:33:35.524Z,-0.7535553,0.015082918,1.2245293,0.3136898,1,0,0,0,0.7668537,0.0007430034,0.0025114443,0.026174719,,minecraft:stained_hardened_clay
2109,2026-08-04T18:33:35.574Z,-0.7535629,-0.0015656576,7.723974,0.3245417,1,0,0,0,0.6829235,0.0007705935,0.002636887,0.025002541,,minecraft:stained_hardened_clay
2110,2026-08-04T18:33:35.623Z,-2.9200363,-0.023618441,15.542137,0.6159088,1,0,0,0,0.7020899,0.00084792473,0.0026599523,0.028222516,,minecraft:stained_hardened_clay
2111,2026-08-04T18:33:35.674Z,0.0,-0.01137311,1.695507,1.562563,1,0,0,0,0.94077843,0.0010440657,0.0025062663,0.06006509,,minecraft:stained_hardened_clay
2112,2026-08-04T18:33:35.725Z,0.0,-0.013670206,0.0,1.8644676,1,0,0,0,0.98072827,0.0009676038,0.0021875822,0.08592814,,minecraft:stained_hardened_clay
2113,2026-08-04T18:33:35.774Z,0.0,0.013311408,0.0,1.9252133,1,0,0,0,0.9725927,0.00076395774,0.0018117807,0.056414787,,minecraft:stained_hardened_clay
2114,2026-08-04T18:33:35.825Z,0.0,0.00039518625,0.0,2.026954,1,0,0,0,0.8888389,0.0008017875,0.0018777354,0.034882426,,minecraft:stained_hardened_clay
2115,2026-08-04T18:33:35.874Z,0.0,-0.013233017,0.0,1.7829789,1,0,0,0,0.8139466,0.0007138246,0.0018463851,0.026823668,,minecraft:stained_hardened_clay
2116,2026-08-04T18:33:35.926Z,0.0,-0.02589985,0.0,1.4330412,1,0,0,0,0.68788606,0.00067914417,0.0019390205,0.02077122,,minecraft:stained_hardened_clay
2117,2026-08-04T18:33:35.975Z,0.0,-0.030363709,0.0,1.1659192,1,0,0,0,0.51235145,0.0006932059,0.0020846832,0.016745033,,minecraft:stained_hardened_clay
2118,2026-08-04T18:33:36.026Z,0.0,-0.039309945,0.0,1.0108821,1,0,0,0,0.34783354,0.0007432685,0.0022732553,0.014133466,,minecraft:stained_hardened_clay
2119,2026-08-04T18:33:36.074Z,0.0,-0.10000617,0.0,1.0045409,0,0,0,0,0.3654465,0.0010263695,0.00298307,0.018640617,,minecraft:stained_hardened_clay
2120,2026-08-04T18:33:36.123Z,0.0,-0.10014415,0.0,1.0124272,1,0,0,0,0.44018066,0.0011936056,0.003284595,0.02262717,,minecraft:stained_hardened_clay
2121,2026-08-04T18:33:36.176Z,0.7535553,-0.048531175,0.84775543,1.1583564,1,0,0,0,0.5122442,0.0010481852,0.00282793,0.022085845,,minecraft:stained_hardened_clay
2122,2026-08-04T18:33:36.226Z,0.28258514,-0.05212932,12.151127,1.6970923,1,0,0,0,0.60234135,0.001119069,0.0026605658,0.026881827,,minecraft:stained_hardened_clay
2123,2026-08-04T18:33:36.275Z,-0.18839264,-0.007285483,10.3614235,3.4269254,1,0,0,1,0.9640505,0.001171952,0.001704432,0.080200836,minecraft:stained_hardened_clay,minecraft:stained_hardened_clay
2124,2026-08-04T18:33:36.324Z,0.094192505,0.017175376,2.731636,3.782241,1,0,0,0,0.9895286,0.00089275936,0.0012927921,0.1182583,,minecraft:stained_hardened_clay
2125,2026-08-04T18:33:36.374Z,0.0,0.001757808,0.094192505,3.6201043,1,0,0,0,0.99412847,0.00078293734,0.0011728811,0.13621278,,minecraft:stained_hardened_clay
2126,2026-08-04T18:33:36.424Z,-0.8477402,-0.008395769,1.4129028,3.0848866,1,0,0,0,0.9952296,0.0008258727,0.001328627,0.15145998,,minecraft:stained_hardened_clay
2127,2026-08-04T18:33:36.475Z,-0.7535553,-0.01806143,2.9200287,2.368714,1,0,0,0,0.99614644,0.0007887404,0.0014120619,0.16454567,,minecraft:stained_hardened_clay
2128,2026-08-04T18:33:36.523Z,1.6955032,-0.023696922,2.543251,1.8174359,1,0,0,0,0.99657357,0.0007518127,0.0014882606,0.16951236,,minecraft:stained_hardened_clay
2129,2026-08-04T18:33:36.574Z,2.2606735,-0.03695294,2.6374512,1.4704648,1,0,0,0,0.99682,0.00071017107,0.0015342474,0.16952445,,minecraft:stained_hardened_clay
2130,2026-08-04T18:33:36.623Z,1.2245026,-0.04042911,0.37677002,1.1083876,1,0,0,0,0.9967397,0.0007000587,0.0016275002,0.16624723,,minecraft:stained_hardened_clay
2131,2026-08-04T18:33:36.673Z,0.2825775,-0.041093722,-0.18838501,0.7033237,1,0,0,0,0.99636036,0.00067827385,0.0017252736,0.15785168,,minecraft:stained_hardened_clay
2132,2026-08-04T18:33:36.723Z,0.18838501,-0.040797822,-0.18838501,0.36363435,1,0,0,0,0.99566585,0.00065469975,0.0018035587,0.14570828,,minecraft:stained_hardened_clay
2133,2026-08-04T18:33:36.773Z,0.18838501,-0.041107874,-0.094192505,0.15829372,1,0,0,0,0.9949409,0.00063609844,0.0018450182,0.1346838,,minecraft:stained_hardened_clay
2134,2026-08-04T18:33:36.823Z,0.0,-0.039891023,0.0,-0.2644552,1,0,0,0,0.99266654,0.000649753,0.0020853132,0.11922455,,minecraft:stained_hardened_clay
2135,2026-08-04T18:33:36.874Z,0.0,-0.036505073,0.0,0.04195986,1,0,0,0,0.9927382,0.00064936763,0.0019827613,0.11495275,,minecraft:stained_hardened_clay
2136,2026-08-04T18:33:36.924Z,0.0,-0.04076861,0.0,0.6815793,1,0,0,0,0.9935343,0.0006170233,0.0017320077,0.11599944,,minecraft:stained_hardened_clay
2137,2026-08-04T18:33:36.973Z,0.0,-0.0474804,0.0,0.6085802,1,0,0,0,0.9941454,0.00062685314,0.0018390495,0.127348,,minecraft:stained_hardened_clay
2138,2026-08-04T18:33:37.023Z,0.0,-0.040993586,0.0,0.07683695,1,0,0,0,0.9929582,0.0006278989,0.002045218,0.12108205,,minecraft:stained_hardened_clay
2139,2026-08-04T18:33:37.073Z,0.0,-0.04166316,0.0,-0.28290424,1,0,0,1,0.99466455,0.000756061,0.0024726267,0.15551451,minecraft:stained_hardened_clay,minecraft:stained_hardened_clay
2140,2026-08-04T18:33:37.124Z,0.094192505,-0.005508423,-5.0865173,-1.0597235,1,0,0,0,0.9961034,0.00088153227,0.0033191878,0.18797691,,minecraft:stained_hardened_clay
2141,2026-08-04T18:33:37.175Z,-1.0361557,0.1034612,-19.309929,-2.9484324,1,0,0,0,0.9863782,0.00079511333,0.0045866994,0.122707464,,minecraft:stained_hardened_clay
2142,2026-08-04T18:33:37.224Z,-0.18839264,0.08835196,-4.992321,-2.9874082,1,0,0,0,0.9602353,0.00086294726,0.004996862,0.07048358,,minecraft:stained_hardened_clay
2143,2026-08-04T18:33:37.273Z,0.18839264,0.040020064,3.2968178,-0.8716599,1,0,0,0,0.96333605,0.0009029283,0.0035571998,0.061523564,,minecraft:stained_hardened_clay
2144,2026-08-04T18:33:37.324Z,0.5651779,-0.03777262,8.948494,2.3024678,1,0,0,0,0.9904925,0.0008670853,0.0017788666,0.0911519,,minecraft:stained_hardened_clay
2145,2026-08-04T18:33:37.373Z,-1.6013336,-0.05481098,10.07885,3.5339289,1,0,0,0,0.9963799,0.0005854133,0.001027544,0.12767376,,minecraft:stained_hardened_clay
2146,2026-08-04T18:33:37.424Z,-0.94194794,-0.07598034,5.840088,3.2028701,1,0,0,0,0.9977429,0.0005152014,0.0010058389,0.15721694,,minecraft:stained_hardened_clay
2147,2026-08-04T18:33:37.474Z,0.0,-0.08497081,-0.2825775,2.0736048,1,0,0,0,0.9978841,0.0005386865,0.0012036322,0.17415358,,minecraft:stained_hardened_clay
2148,2026-08-04T18:33:37.523Z,0.37677002,-0.04031021,-2.1664505,0.15822768,1,0,0,0,0.997447,0.0005794405,0.0017792924,0.16204485,,minecraft:stained_hardened_clay
2149,2026-08-04T18:33:37.573Z,0.65935516,-0.015288696,-0.56516266,-0.5580606,1,0,0,0,0.99664587,0.0005650037,0.0020071245,0.13989176,,minecraft:stained_hardened_clay
2150,2026-08-04T18:33:37.623Z,0.0,-0.011662986,0.0,-0.017781995,1,0,0,0,0.99647313,0.000586245,0.0019629744,0.1492307,,minecraft:stained_hardened_clay
2151,2026-08-04T18:33:37.673Z,0.0,-0.00086425245,0.0,-0.10026957,1,0,0,0,0.9967429,0.00060331245,0.002124578,0.16144091,,minecraft:stained_hardened_clay
2152,2026-08-04T18:33:37.723Z,0.0,0.0062490925,0.0,-0.31747353,1,0,0,0,0.99620867,0.00062857434,0.002293185,0.1567922,,minecraft:stained_hardened_clay
2153,2026-08-04T18:33:37.773Z,-0.094192505,-0.02762356,-1.130333,0.40919092,1,0,0,1,0.9967809,0.0007554096,0.0024575114,0.18843342,minecraft:stained_hardened_clay,minecraft:stained_hardened_clay
2154,2026-08-04T18:33:37.824Z,0.0,-0.045841437,-0.47097015,0.573902,1,0,0,0,0.9968585,0.0008794789,0.0026959456,0.21733956,,minecraft:stained_hardened_clay
2155,2026-08-04T18:33:37.874Z,0.28258514,-0.064656734,6.782028,0.83678687,1,0,0,0,0.99760324,0.000893698,0.002613556,0.2447277,,minecraft:stained_hardened_clay
2156,2026-08-04T18:33:37.924Z,1.9781113,-0.08819482,12.289299,0.8937452,1,0,0,0,0.9978502,0.00088745524,0.0025512741,0.26024887,,minecraft:stained_hardened_clay
2157,2026-08-04T18:33:37.973Z,5.557541,-0.050630666,0.0,0.05901473,1,0,0,1,0.99770725,0.00084911054,0.002779727,0.25204027,minecraft:stained_hardened_clay,minecraft:stained_hardened_clay
2158,2026-08-04T18:33:38.024Z,1.507103,-0.017819893,0.0,-0.63024414,1,0,0,0,0.99706775,0.00087664794,0.003256688,0.23989852,,minecraft:stained_hardened_clay
2159,2026-08-04T18:33:38.074Z,0.0,0.0017174706,0.0,-0.9531495,1,0,0,0,0.9964065,0.0009126125,0.0035945212,0.22969104,,minecraft:stained_hardened_clay
2160,2026-08-04T18:33:38.124Z,0.0,0.012629867,0.0,-1.0315677,1,0,0,0,0.9958663,0.00093699497,0.00373545,0.22223683,,minecraft:stained_hardened_clay
2161,2026-08-04T18:33:38.174Z,0.37677765,-0.0042897016,0.0,-0.87858015,1,0,0,1,0.99606496,0.0009849713,0.0038478773,0.23560609,minecraft:stained_hardened_clay,minecraft:stained_hardened_clay
2162,2026-08-04T18:33:38.232Z,1.2245102,0.0009024516,-0.65934753,-1.1329875,1,0,0,0,0.99579936,0.0010182691,0.004123508,0.23514237,,minecraft:stained_hardened_clay
2163,2026-08-04T18:33:38.274Z,1.0361481,0.0699515,-3.7677917,-2.338361,1,0,0,0,0.99011594,0.0010928769,0.0053672097,0.19256227,,minecraft:stained_hardened_clay
2164,2026-08-04T18:33:38.324Z,0.18839264,0.097310595,-18.273819,-3.506979,1,0,0,0,0.95149344,0.0011686716,0.0072442084,0.11641839,,minecraft:stained_hardened_clay
2165,2026-08-04T18:33:38.374Z,-6.3110886,0.08844953,-28.352654,-3.3829448,1,0,0,0,0.91284764,0.0016231912,0.009925827,0.09821565,,minecraft:stained_hardened_clay
2166,2026-08-04T18:33:38.424Z,-4.709755,0.12164531,-17.802814,-2.7479527,1,0,0,0,0.81950325,0.0018722668,0.010803192,0.07381222,,minecraft:stained_hardened_clay
2167,2026-08-04T18:33:38.474Z,-0.28258514,0.12963367,-1.2245331,-1.5810893,0,0,0,0,0.4900275,0.00166582,0.0077540036,0.03658974,,minecraft:stained_hardened_clay
2168,2026-08-04T18:33:38.525Z,0.0,0.09495171,0.0,-0.38776574,0,0,0,0,0.26858833,0.0015439331,0.005641098,0.024457684,,minecraft:stained_hardened_clay
2169,2026-08-04T18:33:38.573Z,0.0,0.06116832,0.0,0.34033832,0,0,0,0,0.15528868,0.0014403914,0.004525769,0.018936308,,minecraft:stained_hardened_clay
2170,2026-08-04T18:33:38.627Z,0.0,0.04778362,0.0,0.69194424,0,0,0,0,0.09624366,0.0013997189,0.0040584607,0.015911192,,minecraft:stained_hardened_clay
2171,2026-08-04T18:33:38.674Z,0.0,0.04238428,0.0,0.8642519,0,0,0,0,0.06507773,0.001408246,0.0038937759,0.01402359,,minecraft:stained_hardened_clay
2172,2026-08-04T18:33:38.725Z,-0.6593704,0.04856936,0.37677956,0.963162,0,0,0,0,0.043697517,0.0016118062,0.004246629,0.0131697245,,minecraft:stained_hardened_clay
2173,2026-08-04T18:33:38.775Z,-2.166481,0.026929826,1.9780884,0.78684664,0,0,0,0,0.019758303,0.0019043111,0.0051137973,0.011662323,,minecraft:stained_hardened_clay
2174,2026-08-04T18:33:38.823Z,0.0,0.0020261034,0.0,0.7821736,0,0,0,0,0.013909395,0.0023018518,0.0059794886,0.011550715,,minecraft:stained_hardened_clay
2175,2026-08-04T18:33:38.877Z,0.0,-0.01829439,0.0,0.89051473,0,0,0,0,0.01399172,0.0025853391,0.0063755126,0.012288539,,minecraft:stained_hardened_clay
2176,2026-08-04T18:33:38.925Z,0.0,-0.027300399,0.0,1.067541,0,0,0,0,0.018534781,0.0027008138,0.0066135284,0.0133715635,,minecraft:stained_hardened_clay
2177,2026-08-04T18:33:38.977Z,0.0,-0.013821404,1.9780903,1.044151,0,0,0,0,0.017549755,0.0027356823,0.006704082,0.013483457,,minecraft:stained_hardened_clay
2178,2026-08-04T18:33:39.023Z,-0.37678528,-0.028918806,9.325283,1.1602038,0,0,0,0,0.019687103,0.0027290776,0.0064850827,0.014408038,,minecraft:stained_hardened_clay
2179,2026-08-04T18:33:39.075Z,-0.84776306,-0.061217565,11.868538,1.4514692,0,0,0,0,0.03282479,0.002563775,0.005708554,0.0171918,,minecraft:stained_hardened_clay
2180,2026-08-04T18:33:39.125Z,0.18839264,-0.0881702,2.1664886,1.7997557,0,0,0,0,0.19532725,0.002436946,0.0048376787,0.026704084,,minecraft:stained_hardened_clay
2181,2026-08-04T18:33:39.174Z,0.0,-0.003539756,0.0,3.107835,1,0,0,0,0.9332207,0.0021782327,0.003047632,0.08797957,,minecraft:stained_hardened_clay
2182,2026-08-04T18:33:39.224Z,-0.18839264,0.03807418,1.1303406,3.3665113,1,0,0,1,0.98503876,0.0015798905,0.0022453184,0.13114278,minecraft:stained_hardened_clay,minecraft:stained_hardened_clay
2183,2026-08-04T18:33:39.274Z,-0.37678528,0.019582234,14.694386,3.440596,1,0,0,0,0.9899312,0.0011517484,0.0017181729,0.13086648,,minecraft:stained_hardened_clay
2184,2026-08-04T18:33:39.324Z,3.5794296,-0.0033987388,11.020805,3.466034,1,0,0,0,0.9935371,0.00090923964,0.0013999189,0.14141601,,minecraft:stained_hardened_clay
2185,2026-08-04T18:33:39.373Z,0.56516266,-0.0143313855,0.8477402,2.9201128,1,0,0,0,0.99455404,0.000899101,0.0014985634,0.1526052,,minecraft:stained_hardened_clay
2186,2026-08-04T18:33:39.423Z,-0.28258514,-0.020094994,2.5432358,2.0646186,1,0,0,1,0.99588984,0.00089502067,0.0017068612,0.18247966,minecraft:stained_hardened_clay,minecraft:stained_hardened_clay
2187,2026-08-04T18:33:39.474Z,0.0,-0.014537793,0.47097015,0.6029121,1,0,0,0,0.9951192,0.00088137557,0.0022253776,0.17942919,,minecraft:stained_hardened_clay
2188,2026-08-04T18:33:39.523Z,0.0,-0.00096295774,0.0,-0.95345026,1,0,0,0,0.9906437,0.00084192835,0.0028858448,0.14628808,,minecraft:stained_hardened_clay
2189,2026-08-04T18:33:39.574Z,-0.094192505,0.04637146,0.47096252,-2.659462,1,0,0,1,0.9568993,0.00078677584,0.0041020443,0.08469151,minecraft:stained_hardened_clay,minecraft:stained_hardened_clay
2190,2026-08-04T18:33:39.624Z,0.0,0.016692303,-1.6013107,-3.169743,1,0,0,0,0.81368756,0.0007708149,0.0050661857,0.042899076,,minecraft:stained_hardened_clay
2191,2026-08-04T18:33:39.674Z,-0.18839264,0.019046359,-11.115013,-1.7151213,1,0,0,0,0.8954189,0.0009927583,0.0047614616,0.0533562,,minecraft:stained_hardened_clay
2192,2026-08-04T18:33:39.724Z,-1.0361481,0.024047107,-5.6516953,-0.21958958,1,0,0,0,0.9297382,0.0009680373,0.0034699135,0.054001044,,minecraft:stained_hardened_clay
2193,2026-08-04T18:33:39.774Z,0.0,0.0004582405,0.0,1.4756653,1,0,0,1,0.95648545,0.00087469426,0.0022402273,0.05698859,minecraft:stained_hardened_clay,minecraft:stained_hardened_clay
2194,2026-08-04T18:33:39.825Z,0.0,-0.018191695,0.09419632,2.2238142,1,0,0,0,0.96357083,0.0007854451,0.0017554915,0.057172455,,minecraft:stained_hardened_clay
2195,2026-08-04T18:33:39.873Z,0.37678528,-0.036394306,6.4052544,2.6478045,1,0,0,0,0.97593987,0.00075423246,0.0015237812,0.067215785,,minecraft:stained_hardened_clay
2196,2026-08-04T18:33:39.924Z,-0.094200134,-0.04071963,3.7678223,2.5463035,1,0,0,1,0.9844483,0.0007558625,0.0015011394,0.087707825,minecraft:stained_hardened_clay,minecraft:stained_hardened_clay
2197,2026-08-04T18:33:39.974Z,-0.2825775,-0.01948791,1.1303253,1.6488259,1,0,0,0,0.9837766,0.00069597026,0.0016501765,0.08870472,,minecraft:stained_hardened_clay
2198,2026-08-04T18:33:40.024Z,-0.094192505,0.004296392,0.65934753,0.6328454,1,0,0,0,0.9750148,0.000627933,0.0018461806,0.0739534,,minecraft:stained_hardened_clay
2199,2026-08-04T18:33:40.074Z,-0.37677002,0.010808162,1.4128952,-0.72352827,1,0,0,1,0.913156,0.0006285599,0.0026095568,0.04895779,minecraft:stained_hardened_clay,minecraft:stained_hardened_clay
2200,2026-08-04T18:33:40.125Z,0.0,-0.021483105,-1.3187408,-1.6940459,1,0,0,0,0.70534086,0.0007306523,0.0037015507,0.03154911,,minecraft:stained_hardened_clay
2201,2026-08-04T18:33:40.175Z,0.28258514,-0.020868603,-17.520233,-0.84282774,1,0,0,0,0.87352824,0.0007881288,0.0033096941,0.03995839,,minecraft:stained_hardened_clay
2202,2026-08-04T18:33:40.225Z,2.825859,0.0024072528,-8.006554,-0.34764156,1,0,0,0,0.9095036,0.0006977022,0.0027652527,0.040923893,,minecraft:stained_hardened_clay
2203,2026-08-04T18:33:40.273Z,0.0,0.040397353,0.0,-0.5735243,1,0,0,1,0.8290527,0.0006213597,0.0026272207,0.028034057,minecraft:stained_hardened_clay,minecraft:stained_hardened_clay
2204,2026-08-04T18:33:40.324Z,-0.37678528,0.02457399,7.912361,0.27552468,1,0,0,0,0.82016855,0.000701738,0.0023772155,0.02853596,,minecraft:stained_hardened_clay
2205,2026-08-04T18:33:40.373Z,-1.1303482,-0.01990768,9.042702,1.5885745,1,0,0,0,0.87601185,0.0007745757,0.0019138029,0.034793217,,minecraft:stained_hardened_clay
2206,2026-08-04T18:33:40.424Z,-1.9781036,-0.05397471,8.571747,2.6320977,1,0,0,1,0.9402247,0.0008570436,0.0016172003,0.05290731,minecraft:stained_hardened_clay,minecraft:stained_hardened_clay
2207,2026-08-04T18:33:40.474Z,-0.84775543,-0.04647281,2.920044,2.6245854,1,0,0,0,0.9604309,0.00097322575,0.0018083947,0.076326914,,minecraft:stained_hardened_clay
2208,2026-08-04T18:33:40.523Z,-0.18838501,-0.015168283,0.094192505,1.4112467,1,0,0,0,0.9563713,0.00092687353,0.0021697257,0.07959415,,minecraft:stained_hardened_clay
2209,2026-08-04T18:33:40.574Z,0.0,0.016014077,0.0,-0.8344698,1,0,0,0,0.83746207,0.0008516455,0.003223405,0.050719038,,minecraft:stained_hardened_clay
2210,2026-08-04T18:33:40.623Z,0.0,-0.024085775,0.0,-2.0305045,1,0,0,0,0.48056543,0.0010010136,0.005062625,0.03139317,,minecraft:stained_hardened_clay
2211,2026-08-04T18:33:40.674Z,0.0,-0.05457186,-0.37677002,-0.700684,1,0,0,0,0.7539264,0.0016536027,0.0056611667,0.059197836,,minecraft:stained_hardened_clay
2212,2026-08-04T18:33:40.724Z,0.0,-0.03745693,-1.5070801,-0.11306258,1,0,0,0,0.8758375,0.0016211162,0.005054698,0.0726188,,minecraft:stained_hardened_clay
2213,2026-08-04T18:33:40.774Z,0.18839264,0.007853687,-2.072258,0.40499696,1,0,0,0,0.8823834,0.0011867406,0.003442773,0.05414963,,minecraft:stained_hardened_clay
2214,2026-08-04T18:33:40.823Z,0.094192505,0.0004607886,-0.18838501,1.0100706,1,0,0,0,0.8587138,0.000981243,0.002643788,0.043218743,,minecraft:stained_hardened_clay
2215,2026-08-04T18:33:40.874Z,1.0361176,-0.018328782,-7.6293945e-06,1.2390159,1,0,0,0,0.8087903,0.00088160863,0.002347153,0.035977673,,minecraft:stained_hardened_clay
2216,2026-08-04T18:33:40.924Z,0.47096252,-0.029401165,0.47097015,1.1132914,1,0,0,0,0.7296505,0.0008270186,0.002301542,0.030020421,,minecraft:stained_hardened_clay
2217,2026-08-04T18:33:40.973Z,0.0,-0.03689965,0.0,0.82336175,0,0,0,0,0.6275728,0.0007897339,0.0023683559,0.024966577,,minecraft:stained_hardened_clay
2218,2026-08-04T18:33:41.024Z,0.0,-0.046031896,0.0,0.55233836,0,0,0,0,0.4858376,0.0007955597,0.0025225936,0.020572023,,minecraft:stained_hardened_clay
2219,2026-08-04T18:33:41.073Z,0.0,-0.065405525,0.0,0.38478327,0,0,0,0,0.35974392,0.00094177935,0.0029934566,0.01934427,,minecraft:stained_hardened_clay
2220,2026-08-04T18:33:41.123Z,0.0,-0.07242464,0.0,0.6046987,0,0,0,0,0.3530714,0.0010832807,0.0031439161,0.020385278,,minecraft:stained_hardened_clay
2221,2026-08-04T18:33:41.174Z,0.0,-0.06478316,0.0,0.74373937,0,0,0,0,0.3343396,0.0011425769,0.0031685776,0.020488804,,minecraft:stained_hardened_clay
2222,2026-08-04T18:33:41.223Z,0.0,-0.052664332,0.0,0.69427276,0,0,0,0,0.26058748,0.0010833886,0.00316673,0.018385837,,minecraft:stained_hardened_clay
2223,2026-08-04T18:33:41.274Z,0.0,-0.044827893,0.0,0.23543724,0,0,0,0,0.1636347,0.001067318,0.00346355,0.01544957,,minecraft:stained_hardened_clay
2224,2026-08-04T18:33:41.323Z,0.0,-0.04366681,0.0,-0.014151327,0,0,0,0,0.11598576,0.001195774,0.0039539835,0.014630036,,minecraft:stained_hardened_clay
2225,2026-08-04T18:33:41.373Z,0.18838501,-0.054887857,-0.47097015,-0.23941079,0,0,0,0,0.09094371,0.0009774282,0.00358357,0.010995822,,minecraft:stained_hardened_clay
2226,2026-08-04T18:33:41.424Z,0.2825775,-0.050468605,-0.47096252,-0.3848072,0,0,0,0,0.09272781,0.0009125846,0.0034995936,0.010324225,,minecraft:stained_hardened_clay
2227,2026-08-04T18:33:41.474Z,0.0,-0.10939934,0.0,-0.6384746,0,0,0,0,0.0631728,0.001205963,0.0044180006,0.011890604,,minecraft:stained_hardened_clay
2228,2026-08-04T18:33:41.524Z,1.8839111,-0.07181018,-6.1226807,-1.3493209,0,0,0,0,0.0343023,0.0014800611,0.0063924626,0.009888022,,minecraft:stained_hardened_clay
2229,2026-08-04T18:33:41.574Z,-0.47097778,-0.030941881,-8.006569,-1.5815492,0,0,0,0,0.01813422,0.0018695768,0.008894684,0.009651015,,minecraft:stained_hardened_clay
2230,2026-08-04T18:33:41.624Z,-2.1664963,-0.016133096,-7.7239723,-1.8693304,0,0,0,0,0.014081941,0.0025183836,0.012716935,0.0103380615,,minecraft:stained_hardened_clay
2231,2026-08-04T18:33:41.676Z,-2.5432663,-0.005423248,-3.7678032,-1.8669399,0,0,0,0,0.010149604,0.0032707404,0.01568592,0.010738206,,minecraft:stained_hardened_clay
2232,2026-08-04T18:33:41.726Z,-0.47097015,-0.030179206,-0.6593628,-1.074055,0,0,0,0,0.004662278,0.0041132583,0.015037352,0.009444797,,minecraft:stained_hardened_clay
2233,2026-08-04T18:33:41.774Z,0.0,-0.05771117,0.0,-0.42118666,0,0,0,0,0.003355406,0.004151106,0.012309642,0.008879824,,minecraft:stained_hardened_clay
2234,2026-08-04T18:33:41.826Z,0.0,-0.067271605,0.0,-0.13305378,0,0,0,0,0.0030069794,0.003717448,0.010320245,0.008716941,,minecraft:stained_hardened_clay
2235,2026-08-04T18:33:41.873Z,0.0,-0.05322355,0.0,0.16173461,0,0,0,0,0.0063076634,0.0035243677,0.008472603,0.010564176,,minecraft:stained_hardened_clay
2236,2026-08-04T18:33:41.925Z,0.0,-0.023554683,0.0,0.007877924,0,0,0,0,0.01033313,0.0028173553,0.0073008905,0.010317377,,minecraft:stained_hardened_clay
2237,2026-08-04T18:33:41.976Z,0.0,-0.07132186,0.0,-0.17804146,0,0,0,0,0.016839268,0.002644236,0.007319181,0.011779997,,minecraft:stained_hardened_clay
2238,2026-08-04T18:33:42.026Z,0.0,-0.09984533,0.0,-0.12565029,0,0,0,0,0.029927215,0.002369831,0.0066577336,0.013446853,,minecraft:stained_hardened_clay
2239,2026-08-04T18:33:42.076Z,3.7678146,-0.06781515,-1.0361404,-0.19937071,0,0,0,0,0.02300846,0.0016241434,0.0050370116,0.011709823,,minecraft:stained_hardened_clay
2240,2026-08-04T18:33:42.125Z,0.5651703,-0.05218673,-0.18839264,-0.16421035,0,0,0,0,0.018243738,0.0014797194,0.004604228,0.011135971,,minecraft:stained_hardened_clay
2241,2026-08-04T18:33:42.174Z,0.0,-0.04158796,0.0,-0.060572717,0,0,0,0,0.014206136,0.0015563996,0.004706507,0.011319216,,minecraft:stained_hardened_clay
2242,2026-08-04T18:33:42.224Z,0.0,-0.04039077,0.0,0.1154704,0,0,0,0,0.011775002,0.0016752157,0.004801385,0.011521544,,minecraft:stained_hardened_clay
2243,2026-08-04T18:33:42.276Z,0.0,0.074792735,0.0,0.27681497,0,0,0,0,0.021486122,0.0020442896,0.0055386196,0.017839069,,minecraft:stained_hardened_clay
2244,2026-08-04T18:33:42.325Z,0.0,0.12889692,0.0,0.46596125,0,0,0,0,0.06322093,0.002260984,0.005700078,0.027672654,,minecraft:stained_hardened_clay
2245,2026-08-04T18:33:42.375Z,0.0,0.16764596,0.0,0.4300184,0,0,0,0,0.16754098,0.002115468,0.005395084,0.036977768,,minecraft:stained_hardened_clay
2246,2026-08-04T18:33:42.426Z,0.0,0.19404131,0.0,0.2501657,0,0,0,0,0.31554264,0.0018627199,0.005049171,0.043727096,,minecraft:stained_hardened_clay
2247,2026-08-04T18:33:42.474Z,0.0,0.19962841,0.0,0.40982231,1,0,0,0,0.51754075,0.0017163868,0.0046034567,0.05251161,,minecraft:stained_hardened_clay
2248,2026-08-04T18:33:42.525Z,0.0,0.19977775,0.0,0.30428714,1,0,0,0,0.48495433,0.001547721,0.004415514,0.04801237,,minecraft:stained_hardened_clay
2249,2026-08-04T18:33:42.574Z,0.0,0.1943155,0.0,0.07663695,1,0,0,0,0.37649944,0.001425619,0.00423706,0.032249413,,minecraft:stained_hardened_clay
2250,2026-08-04T18:33:42.626Z,0.0,0.17532578,0.0,0.13439545,0,0,0,0,0.21155573,0.0010537173,0.0031051107,0.018144224,,minecraft:stained_hardened_clay
2251,2026-08-04T18:33:42.676Z,0.75354767,0.17898455,-0.28258514,-0.19713889,0,0,0,0,0.07346403,0.00085819256,0.002880381,0.010923059,,minecraft:stained_hardened_clay
2252,2026-08-04T18:33:42.724Z,0.2825775,0.17837095,-0.5651779,-0.39268672,0,0,0,0,0.033529527,0.0008429218,0.0029966347,0.008279973,,minecraft:stained_hardened_clay
2253,2026-08-04T18:33:42.776Z,0.0,0.25639057,-0.09419632,-0.9081118,0,0,0,0,0.0074375193,0.0009734245,0.0041824547,0.0058868336,,minecraft:stained_hardened_clay
2254,2026-08-04T18:33:42.824Z,0.7535553,0.2682594,-0.28258896,-0.9084428,0,0,0,0,0.0042294944,0.0012682424,0.0051889056,0.005321675,,minecraft:stained_hardened_clay
2255,2026-08-04T18:33:42.874Z,12.245331,0.27430975,-4.332958,-0.83800054,0,0,0,0,0.0032218962,0.0014799407,0.005673162,0.0050946916,,minecraft:stained_hardened_clay
2256,2026-08-04T18:33:42.925Z,32.779785,0.2808411,-7.2529964,-0.7743586,0,0,0,0,0.002640054,0.001607573,0.005931778,0.0049059945,,minecraft:stained_hardened_clay
2257,2026-08-04T18:33:42.975Z,37.301147,0.3282436,-0.8477516,-0.66210276,0,0,0,0,0.0022521184,0.0018883178,0.00676725,0.005003827,,minecraft:stained_hardened_clay
2258,2026-08-04T18:33:43.024Z,23.17192,0.33427197,-1.7896938,-0.61523587,0,0,0,0,0.0021992852,0.0020166852,0.0069932705,0.0050852187,,minecraft:stained_hardened_clay
2259,2026-08-04T18:33:43.075Z,12.904678,0.2350299,-2.3548622,-0.25606847,0,0,0,0,0.0035311265,0.0029212781,0.008207783,0.008050823,,minecraft:stained_hardened_clay
2260,2026-08-04T18:33:43.123Z,6.0284576,0.2602556,-1.130333,-0.37017986,0,0,0,0,0.002655992,0.0032453912,0.009102083,0.0078613395,,minecraft:stained_hardened_clay
2261,2026-08-04T18:33:43.173Z,0.75354004,0.2461169,-0.09419441,-0.37964186,0,0,0,0,0.0019980813,0.0034010266,0.009347996,0.007539987,,minecraft:stained_hardened_clay
2262,2026-08-04T18:33:43.225Z,0.0,0.22996983,0.0,-0.061132763,0,0,0,0,0.0032928137,0.0038087273,0.009259759,0.011539462,,minecraft:stained_hardened_clay
2263,2026-08-04T18:33:43.275Z,0.0,0.20943913,0.0,0.20595858,0,0,0,0,0.0061711264,0.0037051733,0.008527409,0.01571254,,minecraft:stained_hardened_clay
2264,2026-08-04T18:33:43.325Z,-127.822174,0.21772608,-24.440367,-0.66866976,0,0,0,0,0.0033497023,0.0032375278,0.011030276,0.008928477,,minecraft:stained_hardened_clay
2265,2026-08-04T18:33:43.378Z,0.0,0.15082014,0.0,-0.010977231,0,0,0,0,0.0023165813,0.0038921612,0.009981897,0.010756365,,minecraft:stained_hardened_clay
2266,2026-08-04T18:33:43.425Z,0.0,0.090362094,0.0,0.4164931,0,0,0,0,0.0028893652,0.004338075,0.008951964,0.015164269,,minecraft:stained_hardened_clay
2267,2026-08-04T18:33:43.479Z,0.0,0.06268243,0.0,0.61050606,0,0,0,0,0.0037376424,0.0047257603,0.008644586,0.018740177,,minecraft:stained_hardened_clay
2268,2026-08-04T18:33:43.527Z,0.0,0.05013118,0.0,0.6467306,0,0,0,0,0.0039987057,0.0050620004,0.008906428,0.02093996,,minecraft:stained_hardened_clay
2269,2026-08-04T18:33:43.578Z,0.0,0.04070738,0.0,0.6844981,0,0,0,0,0.0045215264,0.005490097,0.0093003865,0.023418572,,minecraft:stained_hardened_clay
2270,2026-08-04T18:33:43.624Z,0.0,0.035757452,0.0,0.72521055,0,0,0,0,0.00525843,0.005819463,0.009599011,0.02580203,,minecraft:stained_hardened_clay
2271,2026-08-04T18:33:43.678Z,0.0,0.031132095,4.1445713,0.77631706,0,0,0,0,0.0061919396,0.0060820286,0.009742359,0.028353414,,minecraft:stained_hardened_clay
2272,2026-08-04T18:33:43.727Z,2.3548737,0.029944077,14.505999,0.890927,0,0,0,0,0.008521844,0.006158573,0.009478637,0.03223484,,minecraft:stained_hardened_clay
2273,2026-08-04T18:33:43.778Z,2.5432587,0.037810594,11.114986,1.0045599,0,0,0,0,0.012785402,0.006074657,0.009170787,0.036450364,,minecraft:stained_hardened_clay
2274,2026-08-04T18:33:43.825Z,1.2245331,0.05082363,4.1445656,1.0315499,0,0,0,0,0.017825123,0.0059879147,0.0090428805,0.040236875,,minecraft:stained_hardened_clay
2275,2026-08-04T18:33:43.878Z,0.9419403,0.062015615,3.6735992,1.0071995,0,0,0,0,0.022104532,0.005953157,0.009039446,0.04322439,,minecraft:stained_hardened_clay
2276,2026-08-04T18:33:43.928Z,1.5071182,0.07498772,1.4129219,0.943405,0,0,0,1,0.025194736,0.006002884,0.0092272125,0.045479085,minecraft:stained_hardened_clay,minecraft:stained_hardened_clay
2277,2026-08-04T18:33:43.978Z,0.0,0.08646803,0.0,0.86471707,0,0,0,0,0.026904244,0.0061076703,0.009519517,0.047029447,,minecraft:stained_hardened_clay
2278,2026-08-04T18:33:44.026Z,0.28258514,0.09537373,0.0,0.79352295,0,0,0,0,0.028078131,0.0062413863,0.009847392,0.048364744,,minecraft:stained_hardened_clay
2279,2026-08-04T18:33:44.078Z,3.4852142,0.101397,1.6013184,0.7524328,0,0,0,0,0.029917853,0.006365202,0.010095999,0.050040994,,minecraft:stained_hardened_clay
2280,2026-08-04T18:33:44.128Z,0.0,0.10763463,0.09419632,0.7093737,0,0,0,1,0.031375356,0.006466546,0.010344722,0.051303335,minecraft:stained_hardened_clay,minecraft:stained_hardened_clay
2281,2026-08-04T18:33:44.176Z,0.0,0.11109779,0.0,0.66847426,0,0,0,0,0.031352844,0.006563034,0.010599968,0.051851317,,minecraft:stained_hardened_clay
2282,2026-08-04T18:33:44.225Z,-1.6955109,0.11353513,0.6593666,0.63335395,0,0,0,0,0.03238427,0.006666837,0.010853796,0.052953694,,minecraft:stained_hardened_clay
2283,2026-08-04T18:33:44.277Z,0.0,0.08510298,0.0,0.54692143,0,0,0,0,0.020582408,0.00586471,0.010099469,0.042836193,,minecraft:stained_hardened_clay
2284,2026-08-04T18:33:44.328Z,-1.4129257,0.06626246,1.9780922,0.59943956,0,0,0,1,0.016563544,0.0052832253,0.009178096,0.03885575,minecraft:stained_hardened_clay,minecraft:stained_hardened_clay
2285,2026-08-04T18:33:44.376Z,-9.796265,0.045412228,17.04926,0.7772558,0,0,0,0,0.020615472,0.0048962943,0.008130195,0.041039474,,minecraft:stained_hardened_clay
2286,2026-08-04T18:33:44.426Z,-2.4490738,0.032786906,17.049263,0.9144849,0,0,0,0,0.028910179,0.0046548513,0.0074425507,0.044850577,,minecraft:stained_hardened_clay
2287,2026-08-04T18:33:44.476Z,4.4271545,0.035321333,3.0142365,0.8796838,0,0,0,0,0.033724003,0.004606998,0.007418998,0.046903696,,minecraft:stained_hardened_clay
2288,2026-08-04T18:33:44.526Z,0.2825775,0.07574754,-0.18838501,0.43613997,0,0,0,1,0.01858641,0.0049153566,0.009368879,0.04323306,minecraft:stained_hardened_clay,minecraft:stained_hardened_clay
2289,2026-08-04T18:33:44.576Z,0.0,0.08475182,0.0,0.24744517,0,0,0,0,0.013030396,0.0056684595,0.0114934845,0.042706445,,minecraft:stained_hardened_clay
2290,2026-08-04T18:33:44.626Z,0.0,0.08333909,0.0,0.18063053,0,0,0,0,0.012528557,0.006444108,0.013301602,0.04513779,,minecraft:stained_hardened_clay
2291,2026-08-04T18:33:44.678Z,0.0,0.08192406,0.0,0.17418474,0,0,0,0,0.011841437,0.0069692945,0.014230817,0.046160743,,minecraft:stained_hardened_clay
2292,2026-08-04T18:33:44.727Z,0.0,0.080189355,0.0,0.14063618,0,0,0,1,0.012466244,0.0073519414,0.01509127,0.04818051,minecraft:stained_hardened_clay,minecraft:stained_hardened_clay
2293,2026-08-04T18:33:44.778Z,0.0,0.0779962,0.0,0.08998863,0,0,0,0,0.013162545,0.0075873453,0.015828913,0.04995769,,minecraft:stained_hardened_clay
2294,2026-08-04T18:33:44.829Z,0.0,0.07736092,0.0,0.10193341,0,0,0,0,0.012048817,0.007889562,0.016209852,0.049508363,,minecraft:stained_hardened_clay
2295,2026-08-04T18:33:44.880Z,0.0,0.078599505,0.0,0.09726604,0,0,0,0,0.011000847,0.008125163,0.016655087,0.04872764,,minecraft:stained_hardened_clay
2296,2026-08-04T18:33:44.930Z,0.0,0.088287584,0.0,0.035332687,0,0,0,1,0.013024934,0.008325213,0.017239554,0.05186243,minecraft:stained_hardened_clay,minecraft:stained_hardened_clay
2297,2026-08-04T18:33:44.979Z,0.0,0.08789412,0.0,0.027971767,0,0,0,0,0.01285678,0.008344683,0.017348412,0.05156938,,minecraft:stained_hardened_clay
2298,2026-08-04T18:33:45.030Z,0.0,0.08737088,0.0,0.021821834,0,0,0,0,0.012688716,0.008340561,0.017408228,0.05121067,,minecraft:stained_hardened_clay
2299,2026-08-04T18:33:45.078Z,0.0,0.086613335,0.0,0.016595125,0,0,0,0,0.012528753,0.0083216,0.017436333,0.05082073,,minecraft:stained_hardened_clay
2300,2026-08-04T18:33:45.128Z,0.0,0.08581344,0.0,0.012731664,0,0,0,1,0.012397608,0.008282777,0.017420735,0.050406408,minecraft:stained_hardened_clay,minecraft:stained_hardened_clay
2301,2026-08-04T18:33:45.178Z,0.0,0.08490383,0.0,0.009704992,0,0,0,0,0.012282446,0.008231701,0.017376894,0.049980357,,minecraft:stained_hardened_clay
2302,2026-08-04T18:33:45.228Z,0.0,0.08387368,0.0,0.0077542886,0,0,0,0,0.012192576,0.008168443,0.017303249,0.04955847,,minecraft:stained_hardened_clay
2303,2026-08-04T18:33:45.278Z,0.0,0.0828077,0.0,0.0062830374,0,0,0,0,0.012130416,0.008092004,0.017202625,0.04913767,,minecraft:stained_hardened_clay
2304,2026-08-04T18:33:45.328Z,0.0,0.08156013,0.0,0.0057405606,0,0,0,1,0.012087499,0.008010395,0.017086104,0.048734322,minecraft:stained_hardened_clay,minecraft:stained_hardened_clay
2305,2026-08-04T18:33:45.378Z,0.0,0.080155246,0.0,0.0065954924,0,0,0,0,0.0120659815,0.007920533,0.016944554,0.048332684,,minecraft:stained_hardened_clay
2306,2026-08-04T18:33:45.429Z,0.0,0.07867379,0.0,0.0082266405,0,0,0,0,0.012070117,0.0078212,0.016779723,0.047936697,,minecraft:stained_hardened_clay
2307,2026-08-04T18:33:45.477Z,0.0,0.077075355,0.0,0.010824271,0,0,0,0,0.012095996,0.007714258,0.016595248,0.047544796,,minecraft:stained_hardened_clay
2308,2026-08-04T18:33:45.527Z,0.0,0.075376175,0.0,0.014154419,0,0,0,1,0.012144116,0.0075983796,0.016388653,0.04714692,minecraft:stained_hardened_clay,minecraft:stained_hardened_clay
2309,2026-08-04T18:33:45.578Z,0.0,0.074531384,0.0,0.01698587,0,0,0,0,0.012225713,0.0074575827,0.016141796,0.04666161,,minecraft:stained_hardened_clay
2310,2026-08-04T18:33:45.627Z,0.0,0.07430407,0.0,0.0227058,0,0,0,0,0.012378718,0.0072975317,0.015846582,0.04619343,,minecraft:stained_hardened_clay
2311,2026-08-04T18:33:45.677Z,0.0,0.07354406,0.0,0.030717812,0,0,0,0,0.012461977,0.007149447,0.015564187,0.045709085,,minecraft:stained_hardened_clay
2312,2026-08-04T18:33:45.727Z,0.0,0.07322235,0.0,0.037966542,0,0,0,1,0.012393365,0.0069947513,0.015276987,0.044990007,minecraft:stained_hardened_clay,minecraft:stained_hardened_clay
2313,2026-08-04T18:33:45.776Z,0.0,0.07455028,0.0,0.04637211,0,0,0,0,0.012336821,0.0067737116,0.014864285,0.04394588,,minecraft:stained_hardened_clay
2314,2026-08-04T18:33:45.827Z,0.0,0.0125847235,0.0,0.4098594,0,0,0,0,0.04070631,0.0063497103,0.01204611,0.056946866,,minecraft:stained_hardened_clay
2315,2026-08-04T18:33:45.875Z,0.0,0.0014718547,0.0,0.33775777,0,0,0,0,0.082919315,0.00581349,0.0113605205,0.06302037,,minecraft:stained_hardened_clay
2316,2026-08-04T18:33:45.925Z,0.0,-0.0142696835,0.0,0.1687243,0,0,0,1,0.12375931,0.0050501153,0.010613794,0.06534278,minecraft:stained_hardened_clay,minecraft:stained_hardened_clay
2317,2026-08-04T18:33:45.974Z,0.0,-0.035432864,0.0,0.05240809,0,0,0,0,0.16038208,0.004435645,0.009905619,0.06540056,,minecraft:stained_hardened_clay
2318,2026-08-04T18:33:46.024Z,0.0,-0.008397773,0.0,-0.014096856,0,0,0,0,0.19474024,0.0048746495,0.010450144,0.075389065,,minecraft:stained_hardened_clay
2319,2026-08-04T18:33:46.074Z,0.0,0.014712051,0.0,-0.07626215,0,0,0,0,0.21834989,0.005159305,0.01094321,0.08158214,,minecraft:stained_hardened_clay
2320,2026-08-04T18:33:46.124Z,0.0,0.038617216,0.0,-0.1597859,0,0,0,1,0.18244119,0.0055584027,0.011818772,0.08141999,minecraft:stained_hardened_clay,minecraft:stained_hardened_clay
2321,2026-08-04T18:33:46.174Z,0.0,0.052207597,0.0,-0.20411405,0,0,0,0,0.15384394,0.0059810956,0.012648681,0.08078416,,minecraft:stained_hardened_clay
2322,2026-08-04T18:33:46.224Z,0.0,0.06114299,0.0,-0.21230891,0,0,0,0,0.13353944,0.00640023,0.013369067,0.080284745,,minecraft:stained_hardened_clay
2323,2026-08-04T18:33:46.274Z,0.0,0.0674328,0.0,-0.20360065,0,0,0,0,0.117377624,0.006810536,0.014024678,0.07984181,,minecraft:stained_hardened_clay
2324,2026-08-04T18:33:46.324Z,0.0,0.03527648,0.0,-0.7750419,0,0,0,0,0.16440949,0.003402365,0.008045599,0.042252123,,minecraft:stained_hardened_clay
2325,2026-08-04T18:33:46.374Z,0.0,0.023596115,-0.18838501,-0.95255136,0,0,0,0,0.09251557,0.0017519322,0.005227594,0.021478496,,minecraft:stained_hardened_clay
2326,2026-08-04T18:33:46.425Z,0.37677765,0.028043203,-1.1303253,-0.8724391,0,0,0,0,0.04791942,0.0012835347,0.0041822656,0.013639575,,minecraft:stained_hardened_clay
2327,2026-08-04T18:33:46.474Z,0.0,0.03316433,0.0,-0.7587269,0,0,0,0,0.033397526,0.0011393256,0.0037812917,0.010758563,,minecraft:stained_hardened_clay
2328,2026-08-04T18:33:46.525Z,0.0,0.039076246,0.0,-0.7479414,0,0,0,0,0.030178739,0.0010771229,0.0036408287,0.00968009,,minecraft:stained_hardened_clay
2329,2026-08-04T18:33:46.575Z,0.0,0.043743365,0.0,-0.80577844,0,0,0,0,0.03173536,0.0010352071,0.0036007364,0.009367884,,minecraft:stained_hardened_clay
2330,2026-08-04T18:33:46.625Z,-0.84776306,0.06548344,-8.948509,-1.129854,0,0,0,0,0.027025854,0.000959618,0.0037911476,0.0082349405,,minecraft:stained_hardened_clay
2331,2026-08-04T18:33:46.676Z,-4.5213776,0.104787596,-22.229969,-1.6585667,0,0,0,0,0.015310307,0.0009044606,0.004542645,0.0062434217,,minecraft:stained_hardened_clay
2332,2026-08-04T18:33:46.728Z,-1.4129333,0.121783964,-11.114986,-1.6797503,0,0,0,0,0.010556866,0.0009553618,0.005135346,0.0053652935,,minecraft:stained_hardened_clay
2333,2026-08-04T18:33:46.777Z,0.094192505,0.13535807,-3.108429,-1.2938181,0,0,0,0,0.0075814733,0.0010640114,0.005093128,0.005852404,,minecraft:stained_hardened_clay
2334,2026-08-04T18:33:46.830Z,1.7897034,0.15614483,-2.7316475,-0.9983762,0,0,0,0,0.0077928076,0.0010877044,0.0047186133,0.0061634984,,minecraft:stained_hardened_clay
2335,2026-08-04T18:33:46.877Z,0.8477478,0.16843143,-1.41292,-0.90733594,0,0,0,0,0.007686225,0.001084524,0.0045564794,0.006201504,,minecraft:stained_hardened_clay
2336,2026-08-04T18:33:46.927Z,1.4129257,0.16212568,-2.637455,-0.6796868,0,0,0,0,0.01284972,0.0009661277,0.0037767729,0.006583996,,minecraft:stained_hardened_clay
2337,2026-08-04T18:33:46.981Z,1.2245331,0.16120246,-3.6735954,-0.6068424,0,0,0,0,0.015061539,0.0008689429,0.003446846,0.006391821,,minecraft:stained_hardened_clay
2338,2026-08-04T18:33:47.029Z,0.18838501,0.1560309,-0.94194794,-0.5175005,0,0,0,0,0.015706701,0.0008305368,0.0032362863,0.0061918017,,minecraft:stained_hardened_clay
2339,2026-08-04T18:33:47.077Z,0.0,0.15598673,0.0,-0.63087744,0,0,0,0,0.014955618,0.0008851237,0.00343022,0.0064101443,,minecraft:stained_hardened_clay
2340,2026-08-04T18:33:47.127Z,0.0,0.14724037,0.0,-0.5857172,0,0,0,0,0.016071636,0.0009014107,0.0033717407,0.006479445,,minecraft:stained_hardened_clay
2341,2026-08-04T18:33:47.178Z,0.0,0.15001345,0.0,-0.5200785,0,0,0,0,0.018088546,0.00088028115,0.003228505,0.0065516396,,minecraft:stained_hardened_clay
2342,2026-08-04T18:33:47.231Z,0.0,0.15297827,0.0,-0.473128,0,0,0,0,0.02016698,0.0008479522,0.0030849164,0.0065480373,,minecraft:stained_hardened_clay
2343,2026-08-04T18:33:47.276Z,0.0,0.1235115,0.0,-0.17382088,0,0,0,0,0.048550367,0.0008972496,0.0028702752,0.008795768,,minecraft:stained_hardened_clay
2344,2026-08-04T18:33:47.328Z,0.0,0.12509194,0.0,-0.11043833,0,0,0,0,0.10872479,0.0008204827,0.0025722194,0.010704226,,minecraft:stained_hardened_clay
2345,2026-08-04T18:33:47.379Z,0.0,0.11987419,0.0,0.4486067,1,0,0,0,0.5848802,0.00073976745,0.0019875492,0.019626018,,minecraft:stained_hardened_clay
2346,2026-08-04T18:33:47.430Z,0.0,0.07160289,0.0,0.7081107,1,0,0,0,0.9208721,0.0005164992,0.0013813074,0.030255979,,minecraft:stained_hardened_clay
2347,2026-08-04T18:33:47.481Z,0.0,0.12452238,0.0,-0.24568462,1,0,0,0,0.93230003,0.00033326543,0.0012304181,0.022475285,,minecraft:stained_hardened_clay
2348,2026-08-04T18:33:47.530Z,2.4490662,0.14075801,-1.0361423,-0.5256318,1,0,0,0,0.90209514,0.00030530148,0.0013053562,0.018830456,,minecraft:stained_hardened_clay
2349,2026-08-04T18:33:47.582Z,3.6735992,0.1125951,-1.8838959,-0.011160754,1,0,0,0,0.88231343,0.00037478327,0.0013789914,0.01982186,,minecraft:stained_hardened_clay
2350,2026-08-04T18:33:47.633Z,0.0,0.079202466,0.0,0.61571544,1,0,0,0,0.8920076,0.00039248157,0.0012633782,0.020375514,,minecraft:stained_hardened_clay
2351,2026-08-04T18:33:47.678Z,0.0,0.06710387,0.0,0.96131724,1,0,0,0,0.90224624,0.00039287834,0.001179902,0.021132002,,minecraft:stained_hardened_clay
2352,2026-08-04T18:33:47.733Z,-5.2749023,0.06854429,1.6013126,1.2567431,1,0,0,0,0.9387876,0.0004314735,0.0011779706,0.026849171,,minecraft:stained_hardened_clay
2353,2026-08-04T18:33:47.783Z,-3.6735916,0.07895658,1.1303368,0.76528424,1,0,0,0,0.91303813,0.00037610094,0.0012439638,0.023172189,,minecraft:stained_hardened_clay
2354,2026-08-04T18:33:47.836Z,0.0,0.07901319,0.0,0.1460323,1,0,0,0,0.88476723,0.00036251507,0.0013817732,0.020925418,,minecraft:stained_hardened_clay
2355,2026-08-04T18:33:47.882Z,0.0,0.04301823,0.0,1.1342324,1,0,0,0,0.9761227,0.00045091004,0.0012080497,0.043399878,,minecraft:stained_hardened_clay
2356,2026-08-04T18:33:47.933Z,1.2245407,0.012488842,-0.37677765,1.3128017,1,0,0,0,0.99157965,0.00044854087,0.001115348,0.06694138,,minecraft:stained_hardened_clay
2357,2026-08-04T18:33:47.985Z,0.6593628,0.012818962,-0.28258324,0.26454243,1,0,0,0,0.986894,0.0003473072,0.0011341803,0.04912705,,minecraft:stained_hardened_clay
2358,2026-08-04T18:33:48.034Z,0.0,0.048434265,0.0,-0.6502356,1,0,0,0,0.9613397,0.00030547645,0.0013170368,0.03032144,,minecraft:stained_hardened_clay
2359,2026-08-04T18:33:48.079Z,0.0,0.056025796,0.0,-0.6725575,1,0,0,0,0.91692007,0.0003166379,0.0014546806,0.02294012,,minecraft:stained_hardened_clay
2360,2026-08-04T18:33:48.130Z,0.0,0.037521735,0.0,-0.30666843,1,0,0,0,0.85791045,0.00033425502,0.0014621239,0.019154754,,minecraft:stained_hardened_clay
2361,2026-08-04T18:33:48.181Z,0.0,0.018344507,0.0,0.028900288,1,0,0,0,0.7779035,0.0003482173,0.0014354815,0.016412484,,minecraft:stained_hardened_clay
2362,2026-08-04T18:33:48.230Z,-0.8477402,0.007996194,0.37677765,0.55387676,1,0,0,0,0.8662823,0.00040568208,0.0014346909,0.02164594,,minecraft:stained_hardened_clay
2363,2026-08-04T18:33:48.282Z,-0.47096252,0.0075104237,0.18838882,0.27304408,1,0,0,0,0.804947,0.0004378348,0.0015970896,0.020503413,,minecraft:stained_hardened_clay
2364,2026-08-04T18:33:48.330Z,-0.56516266,0.015498534,0.18838882,-0.1373417,1,0,0,0,0.67006075,0.0004914201,0.0019008125,0.017833171,,minecraft:stained_hardened_clay
2365,2026-08-04T18:33:48.380Z,-0.094192505,0.026588254,0.0,0.6906809,1,0,0,0,0.9174826,0.00057288667,0.0017591738,0.03293993,,minecraft:stained_hardened_clay
2366,2026-08-04T18:33:48.428Z,0.0,0.036293864,0.09419441,0.91059834,1,0,0,0,0.95676124,0.00053126254,0.0016035174,0.042814475,,minecraft:stained_hardened_clay
2367,2026-08-04T18:33:48.479Z,-0.094192505,0.07604421,0.0,0.19652686,1,0,0,0,0.9106555,0.0004440247,0.0016124356,0.028363226,,minecraft:stained_hardened_clay
2368,2026-08-04T18:33:48.528Z,0.0,0.088187955,0.0,-0.07827125,1,0,0,0,0.82606536,0.00044932467,0.0017620675,0.022115052,,minecraft:stained_hardened_clay
2369,2026-08-04T18:33:48.575Z,0.0,0.074871995,0.0,0.06645251,0,0,0,0,0.8151849,0.0005165639,0.0019426143,0.02391613,,minecraft:stained_hardened_clay
2370,2026-08-04T18:33:48.626Z,0.0,0.06458301,0.0,0.1381084,0,0,0,0,0.81700647,0.00055062794,0.0020093676,0.024886163,,minecraft:stained_hardened_clay
2371,2026-08-04T18:33:48.677Z,0.0,0.058846988,0.0,0.16368493,0,0,0,0,0.8054992,0.00056014745,0.0020358562,0.024468748,,minecraft:stained_hardened_clay
2372,2026-08-04T18:33:48.724Z,0.0,0.054040797,0.0,0.16550177,0,0,0,0,0.7861617,0.0005636915,0.0020623528,0.023634084,,minecraft:stained_hardened_clay
2373,2026-08-04T18:33:48.777Z,3.4852066,0.05329842,3.202629,-0.16725312,0,0,0,0,0.68306434,0.00059321575,0.0023678592,0.021924986,,minecraft:stained_hardened_clay
2374,2026-08-04T18:33:48.827Z,2.543251,0.06261813,1.41292,0.54108894,1,0,0,0,0.9268589,0.00071654195,0.00232321,0.042602144,,minecraft:stained_hardened_clay
2375,2026-08-04T18:33:48.875Z,0.0,0.062371127,0.0,0.564459,1,0,0,0,0.9610811,0.0007237686,0.00234277,0.05368376,,minecraft:stained_hardened_clay
2376,2026-08-04T18:33:48.925Z,0.0,0.056798823,0.0,0.9358242,1,0,0,0,0.962373,0.0006045316,0.0019155298,0.041902624,,minecraft:stained_hardened_clay
2377,2026-08-04T18:33:48.977Z,-0.18839264,0.02731672,1.3187256,1.5552869,1,0,0,0,0.9638101,0.0005450966,0.0015923423,0.03909021,,minecraft:stained_hardened_clay
2378,2026-08-04T18:33:49.028Z,-0.84775543,-0.00028035045,4.2387657,1.9579401,1,0,0,0,0.8964892,0.00062750856,0.0016607391,0.02973503,,minecraft:stained_hardened_clay
2379,2026-08-04T18:33:49.075Z,-2.5432663,-0.01558378,6.3110504,2.2266154,1,0,0,0,0.90834814,0.0006090397,0.0015240409,0.030889006,,minecraft:stained_hardened_clay
2380,2026-08-04T18:33:49.125Z,-0.6593628,-0.018234383,3.0142403,2.3019543,1,0,0,0,0.9233322,0.0005808253,0.0014335158,0.032552138,,minecraft:stained_hardened_clay
2381,2026-08-04T18:33:49.174Z,0.28258514,-0.015599072,2.44907,2.2351837,1,0,0,0,0.9264882,0.0005605472,0.0014020156,0.032871176,,minecraft:stained_hardened_clay
2382,2026-08-04T18:33:49.223Z,1.9781036,-0.04167292,11.774349,2.5850353,1,0,0,0,0.96750915,0.00072304026,0.0015703457,0.058448713,,minecraft:stained_hardened_clay
2383,2026-08-04T18:33:49.274Z,3.2026367,-0.03484453,10.832409,2.7046177,1,0,0,0,0.9887277,0.00077247893,0.0015486755,0.097045116,,minecraft:stained_hardened_clay
2384,2026-08-04T18:33:49.324Z,0.18839264,-0.010542296,0.094192505,1.8916646,1,0,0,0,0.9913107,0.0007207123,0.001696944,0.11351881,,minecraft:stained_hardened_clay
2385,2026-08-04T18:33:49.375Z,0.0,0.024847113,0.0,0.140639,1,0,0,1,0.9813332,0.0006630303,0.0022238947,0.092734545,minecraft:stained_hardened_clay,minecraft:stained_hardened_clay
2386,2026-08-04T18:33:49.424Z,0.0,0.027264245,0.0,0.48224428,1,0,0,0,0.99153215,0.00082397036,0.0024114272,0.13170302,,minecraft:stained_hardened_clay
2387,2026-08-04T18:33:49.474Z,0.0,0.010317162,0.0,1.3165895,1,0,0,0,0.99462944,0.000912655,0.0022514465,0.15626843,,minecraft:stained_hardened_clay
2388,2026-08-04T18:33:49.524Z,0.0,-0.00022334605,0.0,2.0049057,1,0,0,0,0.99550194,0.00077200064,0.0016279264,0.14333573,,minecraft:stained_hardened_clay
2389,2026-08-04T18:33:49.574Z,0.0,-0.012600817,0.0,2.1026993,1,0,0,0,0.9957612,0.00069848064,0.0014557122,0.14037873,,minecraft:stained_hardened_clay
2390,2026-08-04T18:33:49.625Z,-1.0361404,-0.020714749,0.9419403,1.9161975,1,0,0,0,0.99593025,0.00066255184,0.0014267516,0.13970506,,minecraft:stained_hardened_clay
2391,2026-08-04T18:33:49.674Z,-0.65934753,-0.026700262,1.6954956,1.6623466,1,0,0,0,0.99595094,0.0006357651,0.0014357535,0.13874337,,minecraft:stained_hardened_clay
2392,2026-08-04T18:33:49.724Z,-0.37677002,-0.03302724,0.75354004,1.3905925,1,0,0,0,0.995706,0.0006147499,0.001469014,0.13498266,,minecraft:stained_hardened_clay
2393,2026-08-04T18:33:49.774Z,-0.37677765,-0.03607979,0.565155,1.1358017,1,0,0,0,0.9952369,0.0005973963,0.0015070051,0.12880953,,minecraft:stained_hardened_clay
2394,2026-08-04T18:33:49.823Z,-0.47096252,-0.028475981,1.2245102,0.6346629,1,0,0,0,0.99390584,0.00059176394,0.001642765,0.11563986,,minecraft:stained_hardened_clay
2395,2026-08-04T18:33:49.874Z,-0.094192505,-0.025287967,1.5070877,0.5608267,1,0,0,0,0.9932545,0.00058342586,0.001662895,0.107707076,,minecraft:stained_hardened_clay
2396,2026-08-04T18:33:49.923Z,-0.094192505,-0.035015866,0.2825775,1.0682468,1,0,0,0,0.9922776,0.0005963871,0.0016007738,0.107549146,,minecraft:stained_hardened_clay
2397,2026-08-04T18:33:49.973Z,0.0,-0.03862737,0.0,0.94807094,1,0,0,0,0.9926724,0.0005916963,0.0016387071,0.10870463,,minecraft:stained_hardened_clay
2398,2026-08-04T18:33:50.024Z,0.0,-0.026580758,0.0,0.5858193,1,0,0,0,0.9926918,0.000594625,0.0017622589,0.11141978,,minecraft:stained_hardened_clay
2399,2026-08-04T18:33:50.074Z,0.0,-0.025994424,0.0,0.51705986,1,0,0,0,0.99179864,0.0005859573,0.0017715034,0.10891792,,minecraft:stained_hardened_clay
2400,2026-08-04T18:33:50.124Z,-0.094192505,-0.038881224,0.0,0.19978678,1,0,0,1,0.9936846,0.0006120516,0.0019709799,0.1304937,minecraft:stained_hardened_clay,minecraft:stained_hardened_clay
2401,2026-08-04T18:33:50.173Z,-0.37677765,-0.0362512,0.8477402,-0.013377592,1,0,0,0,0.99425817,0.0006271917,0.0021331527,0.13626148,,minecraft:stained_hardened_clay
2402,2026-08-04T18:33:50.224Z,-0.65934753,-0.06044564,1.1303253,0.7751292,1,0,0,0,0.9973086,0.0006961385,0.0020525975,0.18786554,,minecraft:stained_hardened_clay
2403,2026-08-04T18:33:50.274Z,-0.8477402,-0.029619288,1.1303253,0.25696778,1,0,0,0,0.9964599,0.00078519515,0.0025731262,0.17765877,,minecraft:stained_hardened_clay
2404,2026-08-04T18:33:50.324Z,-0.75354767,-0.07616257,1.4128952,0.8896238,1,0,0,1,0.9967816,0.0007930457,0.0023384744,0.1953025,minecraft:stained_hardened_clay,minecraft:stained_hardened_clay
2405,2026-08-04T18:33:50.374Z,-0.094192505,-0.11456604,0.2825775,1.1644092,1,0,0,0,0.99763393,0.0007749858,0.0022088294,0.22761014,,minecraft:stained_hardened_clay
2406,2026-08-04T18:33:50.424Z,-0.94194794,-0.13661975,4.615547,1.2356824,1,0,0,0,0.9982474,0.00072173745,0.0021305203,0.24608776,,minecraft:stained_hardened_clay
2407,2026-08-04T18:33:50.474Z,-0.6593704,-0.15466298,6.826111,1.1335112,1,0,0,0,0.9983543,0.00071814575,0.0021662652,0.2530272,,minecraft:stained_hardened_clay
2408,2026-08-04T18:33:50.524Z,0.18839264,-0.10001717,0.0,0.26333708,1,0,0,1,0.9981115,0.00081116613,0.0027213695,0.25405356,minecraft:stained_hardened_clay,minecraft:stained_hardened_clay
2409,2026-08-04T18:33:50.573Z,0.37677002,-0.06060413,0.0,-0.12738357,1,0,0,0,0.9976993,0.00091556576,0.0032566618,0.24952437,,minecraft:stained_hardened_clay
2410,2026-08-04T18:33:50.623Z,0.0,-0.04622511,0.0,-0.08633128,1,0,0,0,0.9973974,0.0009803874,0.0034661612,0.2474683,,minecraft:stained_hardened_clay
2411,2026-08-04T18:33:50.673Z,0.0,-0.040406436,0.0,0.05215291,1,0,0,0,0.9971908,0.0010060755,0.0034783215,0.24547249,,minecraft:stained_hardened_clay
2412,2026-08-04T18:33:50.724Z,0.0,-0.0670009,0.0,0.3442881,1,0,0,1,0.99738044,0.0010156367,0.0033634189,0.25789437,minecraft:stained_hardened_clay,minecraft:stained_hardened_clay
2413,2026-08-04T18:33:50.774Z,0.0,-0.071493894,0.0,0.22309864,1,0,0,0,0.9973569,0.0010350597,0.0034741077,0.26152608,,minecraft:stained_hardened_clay
2414,2026-08-04T18:33:50.824Z,0.0,-0.04258307,0.0,-0.49422187,1,0,0,0,0.9959447,0.0012092303,0.00459101,0.2527193,,minecraft:stained_hardened_clay
2415,2026-08-04T18:33:50.873Z,0.0,-0.011076782,0.0,-1.062253,1,0,0,0,0.9935981,0.0014331444,0.005971328,0.23660338,,minecraft:stained_hardened_clay
2416,2026-08-04T18:33:50.923Z,0.37677002,-0.02526405,0.0,-0.31372517,1,0,0,1,0.99575293,0.0014103625,0.005130011,0.25990203,minecraft:stained_hardened_clay,minecraft:stained_hardened_clay
2417,2026-08-04T18:33:50.973Z,0.0,-0.043650962,0.0,0.11394974,1,0,0,0,0.99653363,0.0013490538,0.0045385608,0.2735425,,minecraft:stained_hardened_clay
2418,2026-08-04T18:33:51.023Z,0.0,-0.03481358,0.0,0.084974386,1,0,0,0,0.9966787,0.0012524126,0.004045306,0.2770635,,minecraft:stained_hardened_clay
2419,2026-08-04T18:33:51.073Z,0.0,-0.025243737,0.0,0.030999862,1,0,0,0,0.9964644,0.0012440148,0.0040076603,0.27316457,,minecraft:stained_hardened_clay
2420,2026-08-04T18:33:51.124Z,0.0,-0.051082633,0.0,0.2142382,1,0,0,1,0.99680567,0.0012255027,0.0038489923,0.2814891,minecraft:stained_hardened_clay,minecraft:stained_hardened_clay
2421,2026-08-04T18:33:51.173Z,0.0,-0.060171496,0.0,0.14158776,1,0,0,0,0.9969879,0.0011836811,0.0037748716,0.28128746,,minecraft:stained_hardened_clay
2422,2026-08-04T18:33:51.224Z,0.0,-0.058332067,0.0,-0.0011106804,1,0,0,0,0.99702376,0.0011677047,0.0038113734,0.27941585,,minecraft:stained_hardened_clay
2423,2026-08-04T18:33:51.273Z,0.0,-0.0564138,0.0,-0.09031491,1,0,0,0,0.9970291,0.0011582171,0.0038385962,0.27737603,,minecraft:stained_hardened_clay
2424,2026-08-04T18:33:51.324Z,-2.449089,-0.033184562,0.0,-0.535818,1,0,0,1,0.9961552,0.001275051,0.004519473,0.27320394,minecraft:stained_hardened_clay,minecraft:stained_hardened_clay
2425,2026-08-04T18:33:51.373Z,-0.094192505,-0.016595144,0.0,-0.8023694,1,0,0,0,0.9951841,0.0014120168,0.0052139466,0.26877484,,minecraft:stained_hardened_clay
2426,2026-08-04T18:33:51.423Z,0.0,-0.026623867,0.0,-0.3509693,1,0,0,0,0.99636275,0.0013757639,0.0047098226,0.28011835,,minecraft:stained_hardened_clay
2427,2026-08-04T18:33:51.474Z,0.0,-0.03854042,0.0,-0.09430912,1,0,0,0,0.99678826,0.001297976,0.004311064,0.28430918,,minecraft:stained_hardened_clay
2428,2026-08-04T18:33:51.523Z,0.0,-0.00077714026,0.0,-0.37340003,1,0,0,1,0.9961785,0.0011190104,0.003992138,0.25453642,minecraft:stained_hardened_clay,minecraft:stained_hardened_clay
2429,2026-08-04T18:33:51.574Z,0.0,0.011305213,0.0,-0.40161324,1,0,0,0,0.995867,0.0010165141,0.0036506772,0.23742396,,minecraft:stained_hardened_clay
2430,2026-08-04T18:33:51.624Z,0.0,0.008033216,0.0,-0.3049023,1,0,0,0,0.99608934,0.00093653577,0.003326613,0.23045571,,minecraft:stained_hardened_clay
2431,2026-08-04T18:33:51.673Z,0.0,0.0032046586,0.0,-0.26376536,1,0,0,0,0.9963331,0.000882902,0.0031359072,0.22747749,,minecraft:stained_hardened_clay
2432,2026-08-04T18:33:51.723Z,-1.8839188,0.013533704,-5.651718,-0.49677074,1,0,0,0,0.9960062,0.0008647804,0.0032097294,0.21753462,,minecraft:stained_hardened_clay
2433,2026-08-04T18:33:51.773Z,-1.2245331,0.02904354,-4.050377,-0.74791586,1,0,0,0,0.99534434,0.00086447725,0.0033550728,0.2037702,,minecraft:stained_hardened_clay
2434,2026-08-04T18:33:51.823Z,-0.094192505,-0.025494888,-0.2825775,-0.09738358,1,0,0,0,0.9970759,0.00094629097,0.0033287103,0.2498512,,minecraft:stained_hardened_clay
2435,2026-08-04T18:33:51.874Z,0.094192505,-0.036476992,-3.2026062,-0.21109742,1,0,0,0,0.9971808,0.0010124143,0.0035778352,0.26069254,,minecraft:stained_hardened_clay
2436,2026-08-04T18:33:51.924Z,5.1807327,-0.0053447336,-7.629799,-0.7875976,1,0,0,0,0.9962818,0.0011358238,0.0043853666,0.2530982,,minecraft:stained_hardened_clay
2437,2026-08-04T18:33:51.975Z,7.4413986,0.11128191,-27.881668,-2.6553125,1,0,0,0,0.98546994,0.0013671395,0.0074270507,0.18206596,,minecraft:stained_hardened_clay
2438,2026-08-04T18:33:52.024Z,0.18838501,0.110875316,-2.5432587,-2.0528634,1,0,0,0,0.9864037,0.0019058372,0.008921817,0.19772787,,minecraft:stained_hardened_clay
2439,2026-08-04T18:33:52.074Z,-6.5936584,0.019967258,32.968178,0.35874897,1,0,0,0,0.9940999,0.00187176,0.0056404136,0.2552008,,minecraft:stained_hardened_clay
2440,2026-08-04T18:33:52.124Z,-6.405281,-0.00965333,18.273827,1.552322,1,0,0,0,0.99632215,0.0011854052,0.0029550057,0.24622291,,minecraft:stained_hardened_clay
2441,2026-08-04T18:33:52.173Z,2.731659,-0.034147926,0.0,1.5014092,1,0,0,1,0.99744654,0.00087167457,0.0023357694,0.25313675,minecraft:stained_hardened_clay,minecraft:stained_hardened_clay
2442,2026-08-04T18:33:52.224Z,0.0,-0.054558046,0.0,0.6356692,1,0,0,0,0.9978549,0.00081330846,0.0025179775,0.26204073,,minecraft:stained_hardened_clay
2443,2026-08-04T18:33:52.274Z,-3.2968369,-0.04392004,-3.3910217,-0.25243217,1,0,0,0,0.99770194,0.000844162,0.0030306906,0.25633588,,minecraft:stained_hardened_clay
2444,2026-08-04T18:33:52.325Z,3.0142593,0.030204363,-23.077774,-1.732553,1,0,0,0,0.9956239,0.00093292794,0.004339066,0.21158506,,minecraft:stained_hardened_clay
2445,2026-08-04T18:33:52.375Z,1.2245407,0.10152022,-40.597954,-3.4762843,1,0,0,0,0.9715825,0.0008695,0.0058307434,0.10716071,,minecraft:stained_hardened_clay
2446,2026-08-04T18:33:52.424Z,-4.0503845,0.07072442,-11.774349,-3.5477908,1,0,0,0,0.85703325,0.0010913288,0.007956689,0.0569862,,minecraft:stained_hardened_clay
2447,2026-08-04T18:33:52.476Z,0.0,0.09856447,0.0,-2.7775145,1,0,0,0,0.6844117,0.0013460771,0.008536159,0.04015222,,minecraft:stained_hardened_clay
2448,2026-08-04T18:33:52.526Z,0.0,0.088132866,0.0,-0.70566654,1,0,0,0,0.90568185,0.001583535,0.0064760386,0.06347596,,minecraft:stained_hardened_clay
2449,2026-08-04T18:33:52.576Z,0.0,0.1530031,0.0,-0.5481076,1,0,0,0,0.931951,0.0012492958,0.005220289,0.059921943,,minecraft:stained_hardened_clay
2450,2026-08-04T18:33:52.624Z,0.0,0.17982265,0.0,-1.1803685,1,0,0,0,0.84109354,0.0009361432,0.004633277,0.033965517,,minecraft:stained_hardened_clay
2451,2026-08-04T18:33:52.677Z,0.0,0.18031159,0.0,-1.3342576,1,0,0,0,0.695941,0.00089715683,0.0046401587,0.024799902,,minecraft:stained_hardened_clay
2452,2026-08-04T18:33:52.728Z,3.8620071,0.16766214,-2.354869,-1.3159806,1,0,0,0,0.49666557,0.0009412084,0.0048372513,0.01948108,,minecraft:stained_hardened_clay
2453,2026-08-04T18:33:52.776Z,1.8839035,0.15279841,-4.238766,-1.2465849,0,0,0,0,0.28893465,0.0010299875,0.005130167,0.0154692605,,minecraft:stained_hardened_clay
2454,2026-08-04T18:33:52.826Z,0.18839264,0.13708141,-0.65936375,-1.0747416,0,0,0,0,0.15126458,0.0011611915,0.0054394705,0.0127619505,,minecraft:stained_hardened_clay
2455,2026-08-04T18:33:52.875Z,0.0,0.12339615,0.0,-0.8865995,0,0,0,0,0.07705228,0.0013073755,0.0057280576,0.0107528595,,minecraft:stained_hardened_clay
2456,2026-08-04T18:33:52.924Z,0.0,0.120245464,0.0,-0.92669564,0,0,0,0,0.025030514,0.0015381639,0.006637644,0.008609058,,minecraft:stained_hardened_clay
2457,2026-08-04T18:33:52.978Z,0.84775543,0.10585485,4.050376,-0.7653579,0,0,0,0,0.011408407,0.001903068,0.0076796855,0.0076421197,,minecraft:stained_hardened_clay
2458,2026-08-04T18:33:53.024Z,0.5651779,0.0952222,2.8258433,-0.5596382,0,0,0,0,0.008052101,0.002178019,0.008073168,0.007466734,,minecraft:stained_hardened_clay
2459,2026-08-04T18:33:53.076Z,0.0,0.09203825,0.0,-0.43894035,0,0,0,0,0.006581913,0.0023563998,0.008294955,0.0073504793,,minecraft:stained_hardened_clay
2460,2026-08-04T18:33:53.123Z,0.0,0.0840456,0.0,-0.28740808,0,0,0,0,0.0070805745,0.0027120921,0.008841164,0.00792727,,minecraft:stained_hardened_clay
2461,2026-08-04T18:33:53.177Z,1.7897034,0.069304876,-0.75355625,-0.20172028,0,0,0,0,0.008016763,0.0029689737,0.009136672,0.008397946,,minecraft:stained_hardened_clay
2462,2026-08-04T18:33:53.223Z,1.3187332,0.06419458,-0.28258324,-0.18417478,0,0,0,0,0.00910194,0.0032094948,0.009538122,0.009512914,,minecraft:stained_hardened_clay
2463,2026-08-04T18:33:53.274Z,1.0361328,0.007900901,-0.28258324,0.032257892,0,0,0,0,0.009764368,0.0036544828,0.0103387,0.010097228,,minecraft:stained_hardened_clay
2464,2026-08-04T18:33:53.328Z,2.0722885,-0.014571618,-7.629778,0.07171833,0,0,0,0,0.00855112,0.0037587478,0.010634711,0.009976852,,minecraft:stained_hardened_clay
2465,2026-08-04T18:33:53.374Z,4.7097397,-0.015740834,-14.411804,0.026001103,0,0,0,0,0.007902636,0.0037891888,0.010900246,0.009838093,,minecraft:stained_hardened_clay
2466,2026-08-04T18:33:53.423Z,3.2026138,-0.02642497,-3.6735964,0.41305295,0,0,1,0,0.020789826,0.0041986853,0.011139743,0.012707415,,minecraft:stained_hardened_clay
2467,2026-08-04T18:33:53.476Z,0.0,-0.014523406,0.0,0.5160208,0,0,0,0,0.037740186,0.0038308657,0.010109943,0.01415252,,minecraft:stained_hardened_clay
2468,2026-08-04T18:33:53.528Z,0.0,-0.02218593,0.0,0.41703632,0,0,0,0,0.06038715,0.0029807594,0.008290328,0.014235528,,minecraft:stained_hardened_clay
2469,2026-08-04T18:33:53.578Z,-2.6374588,-0.0053532347,11.020791,0.40025344,0,0,0,0,0.067922845,0.00243872,0.007127686,0.013345262,,minecraft:stained_hardened_clay
2470,2026-08-04T18:33:53.626Z,0.6593704,0.003229782,2.0722854,0.3845786,0,0,0,0,0.06316912,0.0021244565,0.006416738,0.012085904,,minecraft:stained_hardened_clay
2471,2026-08-04T18:33:53.675Z,6.970421,-0.013723042,17.143454,0.60839003,0,0,0,0,0.06699598,0.0019952918,0.005803591,0.011695897,,minecraft:stained_hardened_clay
2472,2026-08-04T18:33:53.724Z,-0.18838501,-0.032644376,11.491764,0.83127755,0,0,0,0,0.08407797,0.0017698928,0.0050113895,0.011618211,,minecraft:stained_hardened_clay
2473,2026-08-04T18:33:53.777Z,-0.2825775,-0.02979663,0.09419441,0.70604855,0,0,0,0,0.07346698,0.0015922171,0.004723462,0.010495264,,minecraft:stained_hardened_clay
2474,2026-08-04T18:33:53.827Z,1.2245331,-0.020408504,-2.0722866,0.44490364,0,0,0,0,0.05226905,0.001533864,0.0048425295,0.009268618,,minecraft:stained_hardened_clay
2475,2026-08-04T18:33:53.873Z,0.0,-0.005098708,0.0,0.95517105,0,0,0,0,0.06713702,0.0017672015,0.004837837,0.010432038,,minecraft:stained_hardened_clay
2476,2026-08-04T18:33:53.926Z,-0.7535553,-0.0036129802,-10.549818,0.9557249,0,0,0,0,0.071491726,0.0016716588,0.004600833,0.009851731,,minecraft:stained_hardened_clay
2477,2026-08-04T18:33:53.977Z,-3.1084366,0.0068227276,-17.04926,0.12596977,0,0,0,0,0.022024317,0.0017042706,0.005591513,0.0074900608,,minecraft:stained_hardened_clay
2478,2026-08-04T18:33:54.024Z,-0.18839264,-0.013551887,-0.47097397,0.018736817,0,0,0,0,0.013844729,0.001997821,0.0065042665,0.007046162,,minecraft:stained_hardened_clay
2479,2026-08-04T18:33:54.076Z,0.0,-0.03822233,0.0,0.12385345,0,0,0,0,0.010213706,0.0023236023,0.007098256,0.0070372694,,minecraft:stained_hardened_clay
2480,2026-08-04T18:33:54.129Z,0.0,-0.05327467,0.0,0.23152256,0,0,0,0,0.007927547,0.0025798131,0.0074557154,0.0069537456,,minecraft:stained_hardened_clay
2481,2026-08-04T18:33:54.174Z,-1.978096,-0.063431196,6.311052,0.3196594,0,0,0,0,0.0063151573,0.0027898585,0.0076693143,0.0069677993,,minecraft:stained_hardened_clay
2482,2026-08-04T18:33:54.225Z,-0.47097778,-0.08165588,11.303375,0.42971483,0,0,0,0,0.0063077887,0.002734383,0.0073078815,0.0071053132,,minecraft:stained_hardened_clay
2483,2026-08-04T18:33:54.277Z,1.7897034,-0.09454597,6.4994392,0.47720584,0,0,0,0,0.0061947685,0.0026599169,0.007011407,0.007092653,,minecraft:stained_hardened_clay
2484,2026-08-04T18:33:54.324Z,0.0,-0.094430715,0.0,0.41275516,0,0,0,0,0.005556672,0.002616098,0.0069895694,0.0068426793,,minecraft:stained_hardened_clay
2485,2026-08-04T18:33:54.376Z,0.0,-0.104081474,0.0,0.53770274,0,0,0,0,0.008297081,0.0026509154,0.006860733,0.0076894006,,minecraft:stained_hardened_clay
2486,2026-08-04T18:33:54.425Z,0.0,-0.08824715,0.0,0.48332003,0,0,0,0,0.009137403,0.0025651727,0.006761721,0.0077060424,,minecraft:stained_hardened_clay
2487,2026-08-04T18:33:54.475Z,0.0,-0.05492936,0.0,0.19805509,0,0,0,0,0.00853877,0.0026121195,0.0073200897,0.0067748926,,minecraft:stained_hardened_clay
2488,2026-08-04T18:33:54.527Z,-1.6013107,-0.05500376,3.7677937,-0.07369141,0,0,0,0,0.01725048,0.0027542543,0.008238381,0.007971646,,minecraft:stained_hardened_clay
2489,2026-08-04T18:33:54.576Z,-1.5071182,-0.038815606,2.4490623,-0.28338152,0,0,0,0,0.030900002,0.002850804,0.009121663,0.009803145,,minecraft:stained_hardened_clay
2490,2026-08-04T18:33:54.624Z,-0.094192505,-0.033554878,0.09419441,-0.32937202,0,0,0,0,0.042695165,0.002944222,0.009594946,0.011030651,,minecraft:stained_hardened_clay
2491,2026-08-04T18:33:54.673Z,-0.84775543,-0.10633992,-1.6955051,0.8215375,0,0,0,0,0.09014388,0.0041757114,0.0094846515,0.017422482,,minecraft:stained_hardened_clay
2492,2026-08-04T18:33:54.725Z,-4.1445923,-0.14896345,-9.607868,0.9873472,0,0,0,0,0.13167974,0.0040162704,0.008816432,0.019707121,,minecraft:stained_hardened_clay
2493,2026-08-04T18:33:54.777Z,-0.37677765,-0.092404366,-2.354869,0.025047235,0,0,0,0,0.24704638,0.0032910896,0.0095459055,0.022309616,,minecraft:stained_hardened_clay
2494,2026-08-04T18:33:54.825Z,1.9780884,-0.038050696,-6.122662,-0.47218758,1,0,0,0,0.3187147,0.0034336336,0.011030474,0.025231963,,minecraft:stained_hardened_clay
2495,2026-08-04T18:33:54.876Z,0.6593628,-0.011496019,-1.6955066,-0.7364823,1,0,0,0,0.3468452,0.003854212,0.012944705,0.028417772,,minecraft:stained_hardened_clay
2496,2026-08-04T18:33:54.926Z,0.0,-0.016033974,0.0,-0.08107835,1,0,0,0,0.6324803,0.00471222,0.01311582,0.04428645,,minecraft:stained_hardened_clay
2497,2026-08-04T18:33:54.978Z,0.6593628,-0.0016124845,1.4129219,0.27604473,1,0,0,0,0.761601,0.0045369044,0.01157894,0.05310781,,minecraft:stained_hardened_clay
2498,2026-08-04T18:33:55.027Z,1.2245255,-0.06266441,2.1664805,0.93161553,1,0,0,0,0.92697424,0.003961453,0.008515681,0.07553833,,minecraft:stained_hardened_clay
2499,2026-08-04T18:33:55.075Z,0.0,-0.08766955,0.09419489,0.85758704,1,0,0,0,0.9437994,0.0028164575,0.006744127,0.07160153,,minecraft:stained_hardened_clay
2500,2026-08-04T18:33:55.123Z,0.094192505,-0.08244669,-0.9419484,0.42478576,1,0,0,0,0.9312156,0.002182895,0.0062381784,0.059866834,,minecraft:stained_hardened_clay
2501,2026-08-04T18:33:55.179Z,0.0,-0.08249579,-0.28258467,0.14547664,1,0,0,0,0.9104915,0.0019439,0.006222646,0.051751073,,minecraft:stained_hardened_clay
2502,2026-08-04T18:33:55.228Z,-3.1084213,-0.08954528,-1.6955061,0.015830852,1,0,0,0,0.8822111,0.0018596604,0.006314637,0.045837425,,minecraft:stained_hardened_clay
2503,2026-08-04T18:33:55.275Z,-4.6155396,-0.07187774,0.56516886,-0.27826634,0,0,0,0,0.68696225,0.0018446485,0.007076734,0.032235004,,minecraft:stained_hardened_clay
2504,2026-08-04T18:33:55.328Z,-0.6593628,-0.08298984,0.5651684,-0.40222135,0,0,0,0,0.32147193,0.0024057706,0.009119905,0.024043635,,minecraft:stained_hardened_clay
2505,2026-08-04T18:33:55.374Z,0.0,-0.1133628,0.0,0.55019796,1,0,0,0,0.5743363,0.0033566023,0.009787563,0.036607757,,minecraft:stained_hardened_clay
2506,2026-08-04T18:33:55.425Z,2.166481,-0.11948675,2.9200387,0.927515,1,0,0,0,0.68378556,0.0034184353,0.009157556,0.043978028,,minecraft:stained_hardened_clay
2507,2026-08-04T18:33:55.473Z,3.1084442,-0.13887922,6.216856,1.0290227,1,0,0,0,0.65326524,0.0024455506,0.006414519,0.034383878,,minecraft:stained_hardened_clay
2508,2026-08-04T18:33:55.524Z,0.7535553,-0.12611331,2.0722837,0.86219984,1,0,0,0,0.51319385,0.0018626278,0.005314524,0.025557982,,minecraft:stained_hardened_clay
2509,2026-08-04T18:33:55.576Z,3.1084442,-0.13651907,6.028469,0.7141381,0,0,0,0,0.34070536,0.0016713183,0.0050088484,0.019603122,,minecraft:stained_hardened_clay
2510,2026-08-04T18:33:55.625Z,0.18839264,-0.14382525,0.47097397,0.46278605,0,0,1,0,0.19048919,0.0016019495,0.005094465,0.015122111,,minecraft:stained_hardened_clay
2511,2026-08-04T18:33:55.676Z,0.0,-0.15300086,0.0,0.2891161,0,0,0,0,0.10957501,0.0016563553,0.005406592,0.012573268,,minecraft:stained_hardened_clay
2512,2026-08-04T18:33:55.725Z,0.0,-0.16517545,0.0,0.30029258,0,0,0,0,0.05549198,0.0021187398,0.006559102,0.011524629,,minecraft:stained_hardened_clay
2513,2026-08-04T18:33:55.774Z,-1.6955032,-0.18542439,0.6593609,0.13293347,0,0,1,0,0.020484263,0.0028367876,0.008592904,0.010268181,,minecraft:stained_hardened_clay
2514,2026-08-04T18:33:55.825Z,0.0,-0.19186755,0.0,0.05593591,0,0,0,0,0.012020243,0.0036442396,0.010405216,0.010155709,,minecraft:stained_hardened_clay
2515,2026-08-04T18:33:55.877Z,3.6736069,-0.18287155,-2.7316494,-0.0010457486,0,0,0,0,0.009641066,0.00425368,0.011905214,0.010503656,,minecraft:stained_hardened_clay
2516,2026-08-04T18:33:55.927Z,6.4994583,-0.1463831,-10.549816,-0.19724369,0,0,1,0,0.008014734,0.004604569,0.013582759,0.010468587,,minecraft:stained_hardened_clay
2517,2026-08-04T18:33:55.975Z,0.37678528,-0.1299824,-3.956181,-0.22429785,0,0,0,0,0.0072331405,0.0051797614,0.015205348,0.01079799,,minecraft:stained_hardened_clay
2518,2026-08-04T18:33:56.027Z,-1.5071106,-0.119797155,-3.0142322,-0.2022001,0,0,0,0,0.006822242,0.0056426977,0.016273826,0.011089738,,minecraft:stained_hardened_clay
2519,2026-08-04T18:33:56.074Z,-1.6955032,-0.09140517,-1.8838959,-0.2830946,0,0,1,0,0.006671405,0.005887213,0.01751324,0.011340651,,minecraft:stained_hardened_clay
2520,2026-08-04T18:33:56.124Z,0.0,-0.068200134,0.0,-0.31388852,0,0,0,0,0.006506436,0.0061948397,0.018557908,0.011637183,,minecraft:stained_hardened_clay
2521,2026-08-04T18:33:56.174Z,0.0,-0.057173688,0.0,-0.31338897,0,0,0,0,0.0065088226,0.006395204,0.019079065,0.01182743,,minecraft:stained_hardened_clay
2522,2026-08-04T18:33:56.226Z,0.0,-0.049079735,-0.8477533,-0.30610988,0,0,0,0,0.0065362607,0.0064404793,0.019149855,0.011864967,,minecraft:stained_hardened_clay
2523,2026-08-04T18:33:56.274Z,0.18839264,-0.033633534,-9.60787,-0.34542945,0,0,0,0,0.0060265632,0.0063701468,0.019280689,0.011534133,,minecraft:stained_hardened_clay
2524,2026-08-04T18:33:56.326Z,0.0,-0.020718232,-7.06461,-0.34784207,0,0,0,0,0.005589448,0.006432907,0.019530363,0.011366879,,minecraft:stained_hardened_clay
2525,2026-08-04T18:33:56.377Z,-0.18838501,-0.01696293,-0.2825842,-0.3018426,0,0,0,0,0.0054428177,0.006480793,0.019354813,0.011311417,,minecraft:stained_hardened_clay
2526,2026-08-04T18:33:56.425Z,-1.9781036,-0.01651267,4.238765,-0.2189363,0,0,0,0,0.0052469564,0.006474805,0.018811833,0.0111860605,,minecraft:stained_hardened_clay
2527,2026-08-04T18:33:56.473Z,-1.1303482,-0.02249122,8.100752,-0.095395714,0,0,0,0,0.0051095122,0.006368403,0.017794978,0.011003473,,minecraft:stained_hardened_clay
2528,2026-08-04T18:33:56.524Z,-1.0361481,-0.025866479,4.5213504,-0.021727502,0,0,0,0,0.004943006,0.0061225058,0.01668828,0.010730469,,minecraft:stained_hardened_clay
2529,2026-08-04T18:33:56.575Z,0.0,-0.024684805,0.0,-0.008032754,0,0,0,0,0.004735045,0.0058655776,0.015983485,0.010405736,,minecraft:stained_hardened_clay
2530,2026-08-04T18:33:56.625Z,0.6593704,-0.018666193,-4.8981295,-0.054793786,0,0,0,0,0.00479017,0.005570968,0.015553706,0.010143431,,minecraft:stained_hardened_clay
2531,2026-08-04T18:33:56.674Z,0.094192505,-0.018119607,-1.0361426,-0.07099883,0,0,0,0,0.005004794,0.005414788,0.015222171,0.010047401,,minecraft:stained_hardened_clay
2532,2026-08-04T18:33:56.724Z,0.0,-0.021192145,0.0,-0.062230688,0,0,0,0,0.005292174,0.0052637677,0.014764347,0.009973343,,minecraft:stained_hardened_clay
2533,2026-08-04T18:33:56.773Z,0.0,-0.024348442,0.0,-0.047542933,0,0,0,0,0.005591911,0.0050721574,0.014179709,0.009854973,,minecraft:stained_hardened_clay
2534,2026-08-04T18:33:56.824Z,-1.6955032,-0.028448287,0.47097445,-0.030711077,0,0,0,0,0.0059326636,0.00487666,0.013582668,0.009743448,,minecraft:stained_hardened_clay
2535,2026-08-04T18:33:56.875Z,0.0,-0.026407454,0.0,-0.041303538,0,0,0,0,0.0058554485,0.0049056686,0.013695145,0.00974597,,minecraft:stained_hardened_clay
2536,2026-08-04T18:33:56.925Z,-1.2245331,-0.06704969,0.37677956,0.23554388,0,0,0,0,0.0067742374,0.0047094943,0.011988245,0.00997607,,minecraft:stained_hardened_clay
2537,2026-08-04T18:33:56.974Z,-0.094192505,-0.07590185,0.0,0.39265263,0,0,0,0,0.0073790615,0.0040196097,0.010086448,0.009567768,,minecraft:stained_hardened_clay
2538,2026-08-04T18:33:57.025Z,0.0,-0.07424121,0.0,0.44163212,0,0,0,0,0.0070927,0.0035803383,0.009078417,0.009015673,,minecraft:stained_hardened_clay
2539,2026-08-04T18:33:57.075Z,0.0,-0.077495985,0.0,0.49788418,0,0,0,0,0.007355283,0.003258845,0.008301253,0.008674456,,minecraft:stained_hardened_clay
2540,2026-08-04T18:33:57.124Z,-1.8839111,-0.08132434,0.09419489,0.548451,0,0,0,0,0.007806133,0.0030324531,0.0077588432,0.008488401,,minecraft:stained_hardened_clay
2541,2026-08-04T18:33:57.178Z,-1.8838959,-0.08737646,0.75355864,0.60037553,0,0,0,0,0.008371498,0.0028609135,0.007330821,0.008391222,,minecraft:stained_hardened_clay
2542,2026-08-04T18:33:57.224Z,-0.56516266,0.000513047,0.09419489,0.21452793,0,0,0,0,0.005423922,0.0026454015,0.0073596328,0.007413523,,minecraft:stained_hardened_clay
2543,2026-08-04T18:33:57.275Z,0.0,0.033490583,0.0,0.10395139,0,0,0,0,0.004598755,0.0027420775,0.0077746087,0.0073240614,,minecraft:stained_hardened_clay
2544,2026-08-04T18:33:57.326Z,0.0,0.0429274,0.0,0.11870558,0,0,0,0,0.0043525323,0.0029148932,0.008146804,0.007408001,,minecraft:stained_hardened_clay
2545,2026-08-04T18:33:57.374Z,0.0,0.0455798,0.0,0.14618632,0,0,0,0,0.004354484,0.0029747724,0.008186311,0.0074382657,,minecraft:stained_hardened_clay
2546,2026-08-04T18:33:57.424Z,0.0,-0.0037137717,0.0,0.36367598,0,0,0,0,0.004767248,0.00319309,0.00828172,0.0077457014,,minecraft:stained_hardened_clay
2547,2026-08-04T18:33:57.475Z,0.0,-0.028273176,0.0,0.5010658,0,0,0,0,0.0058588665,0.0031543241,0.007908462,0.008169652,,minecraft:stained_hardened_clay
2548,2026-08-04T18:33:57.525Z,-0.94194794,-0.03514864,0.09419489,0.52911013,0,0,0,0,0.006533084,0.0030648632,0.007691126,0.008281575,,minecraft:stained_hardened_clay
2549,2026-08-04T18:33:57.574Z,0.0,-0.039658055,0.0,0.5149825,0,0,0,0,0.0067860414,0.0030235685,0.0076456065,0.008283592,,minecraft:stained_hardened_clay
2550,2026-08-04T18:33:57.624Z,0.0,-0.042980492,0.0,0.4985995,0,0,0,0,0.0069037923,0.0030102045,0.0076562073,0.00828038,,minecraft:stained_hardened_clay
2551,2026-08-04T18:33:57.674Z,0.0,-0.04488451,0.0,0.48204842,0,0,0,0,0.006864841,0.0030179007,0.0077020144,0.008273417,,minecraft:stained_hardened_clay
2552,2026-08-04T18:33:57.725Z,0.0,-0.046306197,0.0,0.4696996,0,0,0,0,0.006791736,0.0030274072,0.0077425144,0.008265588,,minecraft:stained_hardened_clay
2553,2026-08-04T18:33:57.775Z,0.0,-0.047934033,0.0,0.4613882,0,0,0,0,0.0066702426,0.0030403838,0.0077793873,0.00825823,,minecraft:stained_hardened_clay
2554,2026-08-04T18:33:57.825Z,0.0,-0.04940823,0.0,0.45419958,0,0,0,0,0.0064973375,0.003058003,0.007821097,0.008249768,,minecraft:stained_hardened_clay
2555,2026-08-04T18:33:57.874Z,0.0,-0.050946563,0.09419489,0.44957116,0,0,0,0,0.006331168,0.003076376,0.00785852,0.008245329,,minecraft:stained_hardened_clay
2556,2026-08-04T18:33:57.925Z,-1.0361404,-0.05235165,0.8477534,0.45180318,0,0,0,0,0.0062540276,0.0030821783,0.00785777,0.008250678,,minecraft:stained_hardened_clay
2557,2026-08-04T18:33:57.977Z,-1.5071259,-0.053780917,1.1303375,0.4580787,0,0,0,0,0.006247894,0.0030737212,0.007820749,0.008256153,,minecraft:stained_hardened_clay
2558,2026-08-04T18:33:58.023Z,-1.4129181,-0.055426836,1.4129219,0.46652803,0,0,0,0,0.0062831403,0.003055836,0.0077619934,0.0082617225,,minecraft:stained_hardened_clay
2559,2026-08-04T18:33:58.076Z,-2.1664886,-0.08505322,3.579402,0.6232172,0,0,0,0,0.006335892,0.0028023738,0.006824508,0.008140937,,minecraft:stained_hardened_clay
2560,2026-08-04T18:33:58.127Z,-0.8477478,-0.103473455,1.6955066,0.6884133,0,0,0,0,0.00642641,0.0025566733,0.0061939377,0.007821752,,minecraft:stained_hardened_clay
2561,2026-08-04T18:33:58.174Z,0.0,-0.10814284,0.0,0.69137776,0,0,0,0,0.00642624,0.0024288555,0.0059158118,0.0076015084,,minecraft:stained_hardened_clay
2562,2026-08-04T18:33:58.225Z,0.0,-0.11052039,0.0,0.67928886,0,0,0,0,0.006330082,0.0023739652,0.0058066514,0.0074653807,,minecraft:stained_hardened_clay
2563,2026-08-04T18:33:58.273Z,0.0,-0.111981094,0.0,0.6664807,0,0,0,0,0.006188009,0.0023513853,0.0057627237,0.0073773987,,minecraft:stained_hardened_clay
2564,2026-08-04T18:33:58.326Z,0.0,-0.11339779,0.56516886,0.6586872,0,0,0,0,0.006042752,0.002341569,0.005737616,0.0073240227,,minecraft:stained_hardened_clay
2565,2026-08-04T18:33:58.375Z,1.2245331,-0.10506848,4.4271574,0.59917665,0,0,0,0,0.005901337,0.0024373946,0.006055748,0.007422886,,minecraft:stained_hardened_clay
2566,2026-08-04T18:33:58.426Z,0.9419403,-0.09153354,2.3548698,0.4969932,0,0,0,0,0.0051107705,0.0025257105,0.0063911094,0.0072964584,,minecraft:stained_hardened_clay
2567,2026-08-04T18:33:58.474Z,0.0,-0.08077028,0.09419441,0.40655354,0,0,0,0,0.004529558,0.0025953995,0.0066757984,0.0071831397,,minecraft:stained_hardened_clay
2568,2026-08-04T18:33:58.525Z,0.0,-0.073807105,0.0,0.33375254,0,0,0,0,0.0041033183,0.0027216724,0.0070589813,0.007196909,,minecraft:stained_hardened_clay
2569,2026-08-04T18:33:58.574Z,0.18838501,-0.07034459,0.5651674,0.29461613,0,0,0,0,0.003967963,0.0028200343,0.007353543,0.0072543593,,minecraft:stained_hardened_clay
2570,2026-08-04T18:33:58.625Z,0.0,-0.068034574,0.0,0.26480842,0,0,0,0,0.0039056246,0.002901749,0.0075931456,0.00731399,,minecraft:stained_hardened_clay
2571,2026-08-04T18:33:58.674Z,0.0,-0.066547155,0.0,0.24318182,0,0,0,0,0.0038891362,0.002968041,0.00778304,0.0073742573,,minecraft:stained_hardened_clay
2572,2026-08-04T18:33:58.723Z,0.0,-0.06571901,0.0,0.22839889,0,0,0,0,0.0039039352,0.0030217783,0.007934375,0.0074355802,,minecraft:stained_hardened_clay
2573,2026-08-04T18:33:58.775Z,0.0,-0.06484474,0.0,0.21586284,0,0,0,0,0.003911053,0.003080223,0.008094836,0.007507262,,minecraft:stained_hardened_clay
2574,2026-08-04T18:33:58.824Z,0.0,-0.06391387,0.0,0.19766784,0,0,0,0,0.0039047603,0.0031218007,0.008222395,0.0075368085,,minecraft:stained_hardened_clay
2575,2026-08-04T18:33:58.874Z,0.0,-0.06322216,0.0,0.18187651,0,0,0,0,0.0039057303,0.0031555507,0.008330356,0.0075620245,,minecraft:stained_hardened_clay
2576,2026-08-04T18:33:58.923Z,0.0,-0.0627864,0.0,0.16740835,0,0,0,0,0.0038961899,0.0031896452,0.008438087,0.0075870943,,minecraft:stained_hardened_clay
2577,2026-08-04T18:33:58.974Z,0.0,-0.06268455,0.0,0.15523207,0,0,0,0,0.0038689661,0.0032224245,0.008539097,0.0076100994,,minecraft:stained_hardened_clay
2578,2026-08-04T18:33:59.023Z,0.0,-0.06288734,0.0,0.15183473,0,0,0,0,0.0038347961,0.0032388482,0.0085880915,0.0076208063,,minecraft:stained_hardened_clay
2579,2026-08-04T18:33:59.074Z,0.0,-0.06200549,0.0,0.14112276,0,0,0,0,0.0037284791,0.0032706936,0.008691091,0.00762464,,minecraft:stained_hardened_clay
2580,2026-08-04T18:33:59.125Z,0.0,-0.06139343,0.0,0.13333753,0,0,0,0,0.0036836732,0.003303582,0.008784879,0.007645049,,minecraft:stained_hardened_clay
2581,2026-08-04T18:33:59.175Z,0.0,-0.025996856,0.0,-0.101171166,0,0,0,0,0.0048412494,0.0031258245,0.008949425,0.0077746557,,minecraft:stained_hardened_clay
2582,2026-08-04T18:33:59.223Z,0.0,0.0032363608,0.0,-0.15049864,0,0,0,0,0.005325947,0.0030649435,0.008939906,0.007898038,,minecraft:stained_hardened_clay
2583,2026-08-04T18:33:59.276Z,0.0,0.007640533,0.0,0.046736233,0,0,0,0,0.017809443,0.0032618279,0.00905262,0.010704473,,minecraft:stained_hardened_clay
2584,2026-08-04T18:33:59.324Z,0.0,0.017349653,0.0,0.0045064017,0,0,0,0,0.045730744,0.0028201323,0.008297403,0.012918836,,minecraft:stained_hardened_clay
2585,2026-08-04T18:33:59.375Z,0.0,0.026634306,0.0,-0.030238621,0,0,0,0,0.07757044,0.0024331375,0.007518202,0.014161244,,minecraft:stained_hardened_clay
2586,2026-08-04T18:33:59.427Z,1.0361404,0.034616306,-1.4129219,-0.057543244,0,0,0,0,0.098184206,0.0021834758,0.007008725,0.014480084,,minecraft:stained_hardened_clay
2587,2026-08-04T18:33:59.474Z,0.0,0.072265424,-0.09419441,-0.31909424,0,0,0,0,0.078072265,0.0021351622,0.007193638,0.013830401,,minecraft:stained_hardened_clay
2588,2026-08-04T18:33:59.523Z,0.0,0.014814563,0.0,0.042142756,0,0,0,0,0.06785251,0.0023151592,0.007214288,0.013250101,,minecraft:stained_hardened_clay
2589,2026-08-04T18:33:59.574Z,0.0,0.017398663,0.0,0.08027441,0,0,0,0,0.081166215,0.0021370773,0.0065160757,0.014386182,,minecraft:stained_hardened_clay
2590,2026-08-04T18:33:59.624Z,0.0,0.019427806,0.0,0.27372605,0,0,0,0,0.108927414,0.0020044558,0.005869079,0.015782895,,minecraft:stained_hardened_clay
2591,2026-08-04T18:33:59.674Z,0.0,0.028639808,0.0,0.35088316,0,0,0,0,0.12472674,0.0018429321,0.0054089436,0.016181398,,minecraft:stained_hardened_clay
2592,2026-08-04T18:33:59.725Z,0.0,0.03602115,0.0,0.35095283,0,0,0,0,0.13088939,0.0017357781,0.0051760776,0.01609477,,minecraft:stained_hardened_clay
2593,2026-08-04T18:33:59.776Z,0.0,0.026154287,0.0,1.1366669,1,0,0,0,0.4994177,0.0017871564,0.0044359653,0.02822457,,minecraft:stained_hardened_clay
2594,2026-08-04T18:33:59.825Z,0.0,0.041289076,0.0,1.366963,1,0,0,0,0.75496966,0.0014882038,0.0036111511,0.03733728,,minecraft:stained_hardened_clay
2595,2026-08-04T18:33:59.874Z,0.0,0.113038845,0.0,0.3250796,1,0,0,0,0.5498625,0.0010764075,0.0035121273,0.022001037,,minecraft:stained_hardened_clay
2596,2026-08-04T18:33:59.924Z,0.0,0.07369242,0.0,-0.032554008,0,0,0,0,0.27961135,0.0010546127,0.0037441505,0.014270941,,minecraft:stained_hardened_clay
2597,2026-08-04T18:33:59.976Z,0.0,0.014348969,0.0,0.06981454,0,0,0,0,0.15311603,0.0011588648,0.00407948,0.0115398485,,minecraft:stained_hardened_clay
2598,2026-08-04T18:34:00.024Z,0.0,-0.028555404,0.0,0.2803126,0,0,0,0,0.108761065,0.0012638103,0.0042135967,0.010452368,,minecraft:stained_hardened_clay
2599,2026-08-04T18:34:00.075Z,0.0,-0.051147304,0.0,0.39553934,0,0,0,0,0.08171856,0.0013000655,0.0042246794,0.009505101,,minecraft:stained_hardened_clay
2600,2026-08-04T18:34:00.124Z,0.0,-0.0527586,0.0,0.5490348,0,0,0,0,0.06201694,0.0015237428,0.004670404,0.009391401,,minecraft:stained_hardened_clay
2601,2026-08-04T18:34:00.174Z,-0.56516266,-0.07533007,0.18838882,0.48847875,0,0,0,0,0.031628523,0.0018498534,0.005561862,0.008737058,,minecraft:stained_hardened_clay
2602,2026-08-04T18:34:00.228Z,-0.565155,-0.107385196,0.18838882,0.63815206,0,0,0,0,0.020148577,0.0021836397,0.006085962,0.008325839,,minecraft:stained_hardened_clay
2603,2026-08-04T18:34:00.276Z,-0.8477402,-0.12319362,0.75355625,0.73324156,0,0,0,0,0.016305132,0.0023431703,0.0062954156,0.008298388,,minecraft:stained_hardened_clay
2604,2026-08-04T18:34:00.323Z,-1.8839035,-0.12868562,1.5071154,0.7469349,0,0,0,0,0.020261524,0.0024782573,0.0066920267,0.008748638,,minecraft:stained_hardened_clay
2605,2026-08-04T18:34:00.375Z,-0.2825775,-0.12270683,0.3767786,0.744156,0,0,0,0,0.022208242,0.0025879152,0.0069379616,0.0090638725,,minecraft:stained_hardened_clay
2606,2026-08-04T18:34:00.427Z,0.0,-0.12747213,0.0,0.7057955,0,0,0,0,0.022532392,0.002675972,0.0071903933,0.009122667,,minecraft:stained_hardened_clay
2607,2026-08-04T18:34:00.476Z,0.0,-0.1345873,0.0,0.6480152,0,0,0,0,0.022415077,0.0027657382,0.0074726474,0.0091380505,,minecraft:stained_hardened_clay
2608,2026-08-04T18:34:00.526Z,-0.094192505,-0.14300844,0.56516933,0.8340549,0,0,0,0,0.05806902,0.0022703542,0.005988579,0.009792685,,minecraft:stained_hardened_clay
2609,2026-08-04T18:34:00.573Z,0.0,-0.14626771,4.709738,1.749456,1,0,0,0,0.53130925,0.001972701,0.0042676264,0.020408912,,minecraft:stained_hardened_clay
2610,2026-08-04T18:34:00.626Z,3.108429,-0.10832991,6.876219,2.2405877,1,0,0,0,0.8539385,0.0013981916,0.0028799593,0.029902048,,minecraft:stained_hardened_clay
2611,2026-08-04T18:34:00.673Z,1.8838959,-0.09103909,3.6735973,1.9670758,1,0,0,0,0.808517,0.0010003386,0.0024306364,0.02344729,,minecraft:stained_hardened_clay
2612,2026-08-04T18:34:00.725Z,0.47097015,-0.100189984,1.318737,1.5589327,1,0,0,0,0.6689052,0.0008597464,0.0023814396,0.017165989,,minecraft:stained_hardened_clay
2613,2026-08-04T18:34:00.776Z,0.0,-0.120558865,0.0,1.2203804,1,0,0,0,0.48702386,0.00079529366,0.0023933551,0.012905869,,minecraft:stained_hardened_clay
2614,2026-08-04T18:34:00.824Z,-0.18839264,-0.13875574,0.6593704,0.9291764,0,0,0,0,0.33477405,0.0007772586,0.002512688,0.010439317,,minecraft:stained_hardened_clay
2615,2026-08-04T18:34:00.874Z,-0.2825775,-0.14845222,0.84776306,0.71364856,0,0,0,0,0.21113046,0.0008275277,0.002767843,0.00888739,,minecraft:stained_hardened_clay
2616,2026-08-04T18:34:00.925Z,-0.9419327,-0.15367706,0.9419594,0.55840427,0,0,0,0,0.13053598,0.00090904953,0.0030757575,0.007830512,,minecraft:stained_hardened_clay
2617,2026-08-04T18:34:00.974Z,0.0,-0.15821432,0.0,0.29277962,0,0,0,0,0.073153876,0.0010202806,0.0034966646,0.0075748498,,minecraft:stained_hardened_clay
2618,2026-08-04T18:34:01.024Z,0.0,-0.118643254,0.0,0.24530178,0,0,0,0,0.047548555,0.0012853753,0.004234182,0.0076161884,,minecraft:stained_hardened_clay
2619,2026-08-04T18:34:01.075Z,-0.65935516,-0.12160726,1.6955109,0.18254837,0,0,0,0,0.032838617,0.001525713,0.0048935306,0.0075631663,,minecraft:stained_hardened_clay
2620,2026-08-04T18:34:01.125Z,-0.56516266,-0.13178456,1.318737,0.16151488,0,0,0,0,0.023129309,0.0018986461,0.005878198,0.007934408,,minecraft:stained_hardened_clay
2621,2026-08-04T18:34:01.173Z,-0.094192505,-0.15909417,0.4709816,0.3665506,0,0,1,0,0.038050205,0.0022279646,0.0064350558,0.009126883,,minecraft:stained_hardened_clay
2622,2026-08-04T18:34:01.223Z,0.37677765,-0.15176567,2.3548737,0.4162663,0,0,0,0,0.048029713,0.0023272033,0.0065360405,0.009997125,,minecraft:stained_hardened_clay
2623,2026-08-04T18:34:01.275Z,-0.2825775,-0.14504097,1.5071297,0.35675538,0,0,0,0,0.047280386,0.0023591006,0.006646793,0.010059769,,minecraft:stained_hardened_clay
2624,2026-08-04T18:34:01.323Z,-1.5071182,-0.137061,3.9561844,0.28114468,0,0,1,0,0.03835243,0.0024622688,0.006928643,0.009772653,,minecraft:stained_hardened_clay
2625,2026-08-04T18:34:01.373Z,0.94195557,-0.11372174,6.970421,0.058894493,0,0,0,0,0.031009829,0.0025983858,0.0076966053,0.009758441,,minecraft:stained_hardened_clay
2626,2026-08-04T18:34:01.424Z,0.094192505,-0.10693142,0.09419632,0.33179894,0,0,0,0,0.07463453,0.0031890948,0.008463442,0.014333876,,minecraft:stained_hardened_clay
2627,2026-08-04T18:34:01.474Z,-0.094192505,-0.09749441,0.6593704,0.25571713,0,0,1,0,0.117948435,0.002945538,0.007976987,0.016224617,,minecraft:stained_hardened_clay
2628,2026-08-04T18:34:01.525Z,0.0,-0.08568986,0.0,-0.021724671,0,0,0,0,0.13263085,0.0024618686,0.007356871,0.015604934,,minecraft:stained_hardened_clay
2629,2026-08-04T18:34:01.574Z,-5.840088,-0.042460203,0.94194794,-0.45343038,0,0,0,0,0.058790687,0.0023217495,0.0077844933,0.01299865,,minecraft:stained_hardened_clay
2630,2026-08-04T18:34:01.624Z,-3.956192,-0.046659414,-0.18839264,-0.5887479,0,0,1,0,0.034704503,0.0025753765,0.008793644,0.011804786,,minecraft:stained_hardened_clay
2631,2026-08-04T18:34:01.673Z,5.6516876,-0.03161198,-10.926598,-0.8403693,0,0,0,0,0.019840935,0.0028187206,0.010308777,0.010508321,,minecraft:stained_hardened_clay
2632,2026-08-04T18:34:01.724Z,6.8762283,-0.005201392,-12.810499,-1.0099777,0,0,0,0,0.013192463,0.0030724471,0.012018398,0.009699248,,minecraft:stained_hardened_clay
2633,2026-08-04T18:34:01.775Z,0.18839264,-0.0035504848,-1.1303368,-0.93273056,0,0,0,0,0.011441917,0.0034741045,0.013152613,0.009800521,,minecraft:stained_hardened_clay
2634,2026-08-04T18:34:01.823Z,0.0,0.0019011497,-0.8477516,-0.8858155,0,0,0,0,0.0122047,0.0038885027,0.014163334,0.010585186,,minecraft:stained_hardened_clay
2635,2026-08-04T18:34:01.875Z,-7.912384,0.024285495,-16.578285,-1.1270776,0,0,0,0,0.009984763,0.004254987,0.016976435,0.010695457,,minecraft:stained_hardened_clay
2636,2026-08-04T18:34:01.924Z,-0.28258514,0.025115654,-0.47097397,-1.1104268,0,0,0,0,0.009564213,0.005097958,0.019984812,0.011721145,,minecraft:stained_hardened_clay
2637,2026-08-04T18:34:01.974Z,0.0,0.020140894,0.0,-0.9869559,0,0,0,0,0.009769995,0.0059072655,0.02179805,0.012706822,,minecraft:stained_hardened_clay
2638,2026-08-04T18:34:02.023Z,0.94194794,0.020672254,-3.2026224,-0.9161512,0,0,0,0,0.009897615,0.0063309763,0.022624686,0.013166466,,minecraft:stained_hardened_clay
2639,2026-08-04T18:34:02.075Z,0.094192505,0.019810252,0.0,-0.84271437,0,0,0,0,0.0100771645,0.006606336,0.022892218,0.013483324,,minecraft:stained_hardened_clay
2640,2026-08-04T18:34:02.124Z,0.6593628,-0.027065799,-0.09419441,-0.58224833,0,0,0,0,0.016430499,0.0069939997,0.021069134,0.0149232475,,minecraft:stained_hardened_clay
2641,2026-08-04T18:34:02.173Z,0.0,-0.029841918,0.0,-0.5825714,0,0,0,0,0.021210797,0.0062016654,0.018604534,0.015105509,,minecraft:stained_hardened_clay
2642,2026-08-04T18:34:02.226Z,2.731659,-0.035104506,5.6516886,-0.574937,0,0,0,0,0.02459705,0.0056931823,0.017124511,0.015055359,,minecraft:stained_hardened_clay
2643,2026-08-04T18:34:02.274Z,-0.2825775,-0.036308955,0.6593628,-0.6378195,0,0,0,0,0.027375301,0.005203865,0.016155602,0.014758328,,minecraft:stained_hardened_clay
2644,2026-08-04T18:34:02.327Z,0.0,-0.077870786,0.0,0.07644188,1,0,0,0,0.40648428,0.0043546017,0.01142815,0.030088177,,minecraft:stained_hardened_clay
2645,2026-08-04T18:34:02.373Z,0.0,0.005378917,0.0,1.2321097,1,0,0,0,0.8938974,0.002686964,0.005654224,0.059996728,,minecraft:stained_hardened_clay
2646,2026-08-04T18:34:02.426Z,-0.28258514,0.05722206,3.108428,1.7164416,1,0,0,0,0.9152702,0.0015161906,0.0032930903,0.046464708,,minecraft:stained_hardened_clay
2647,2026-08-04T18:34:02.473Z,-0.6593704,0.04236328,12.245323,2.3792565,1,0,0,0,0.9494088,0.0011253393,0.0022225988,0.047383823,,minecraft:stained_hardened_clay
2648,2026-08-04T18:34:02.525Z,-0.18839264,0.016849324,14.129217,3.154793,1,0,0,0,0.982176,0.0009325414,0.0015562687,0.065541886,,minecraft:stained_hardened_clay
2649,2026-08-04T18:34:02.574Z,6.5936356,-0.004287839,16.484093,3.7935064,1,0,0,0,0.9945733,0.00060970406,0.00095087994,0.104934394,,minecraft:stained_hardened_clay
2650,2026-08-04T18:34:02.625Z,9.32531,-0.021531377,14.3176155,3.824237,1,0,0,0,0.9969553,0.00047368585,0.0008013976,0.12543862,,minecraft:stained_hardened_clay
2651,2026-08-04T18:34:02.673Z,1.2245331,-0.058681328,2.6374664,3.3077478,1,0,0,1,0.9976947,0.0005433728,0.0009934225,0.1550807,minecraft:stained_hardened_clay,minecraft:stained_hardened_clay
2652,2026-08-04T18:34:02.723Z,-0.37677002,-0.0707044,-0.2825775,1.5126635,1,0,0,0,0.9974045,0.00065655896,0.001512198,0.17454946,,minecraft:stained_hardened_clay
2653,2026-08-04T18:34:02.773Z,-2.8258667,0.022542894,-11.491806,-1.7618666,1,0,0,0,0.9864834,0.00051742926,0.0023321551,0.08728816,,minecraft:stained_hardened_clay
2654,2026-08-04T18:34:02.823Z,-0.94195557,0.052504547,-7.253002,-1.8109968,1,0,0,0,0.9855546,0.0006010715,0.0027188058,0.07839749,,minecraft:stained_hardened_clay
2655,2026-08-04T18:34:02.877Z,0.0,0.038676895,0.0,-0.47729087,1,0,0,0,0.9882904,0.0006044927,0.0022142585,0.07536713,,minecraft:stained_hardened_clay
2656,2026-08-04T18:34:02.926Z,-2.2606812,0.010572903,5.0865135,1.4078612,1,0,0,0,0.9937576,0.00060583634,0.0015131292,0.08661022,,minecraft:stained_hardened_clay
2657,2026-08-04T18:34:02.973Z,-1.8839111,-0.058575515,7.7239914,2.9807723,1,0,0,0,0.99686086,0.00052832,0.0010161331,0.113664016,,minecraft:stained_hardened_clay
2658,2026-08-04T18:34:03.023Z,-1.6954956,-0.07628023,1.507103,3.1158044,1,0,0,0,0.99778444,0.00046168067,0.0009008363,0.13263492,,minecraft:stained_hardened_clay
2659,2026-08-04T18:34:03.073Z,-2.9200287,-0.08823165,0.6593628,2.5615716,1,0,0,1,0.9980951,0.00044917004,0.00095850544,0.14554423,minecraft:stained_hardened_clay,minecraft:stained_hardened_clay
2660,2026-08-04T18:34:03.123Z,-0.9419327,-0.086624525,-0.094192505,1.8489308,1,0,0,0,0.99809164,0.00045113298,0.0010832321,0.14745346,,minecraft:stained_hardened_clay
2661,2026-08-04T18:34:03.174Z,-3.6735764,-0.07513177,-0.9419403,1.242832,1,0,0,0,0.9978315,0.0004706833,0.0012261893,0.14091088,,minecraft:stained_hardened_clay
2662,2026-08-04T18:34:03.224Z,-5.7459183,-0.067236595,4.615555,0.3284528,1,0,0,1,0.99714583,0.00051954895,0.0015871208,0.14259748,minecraft:stained_hardened_clay,minecraft:stained_hardened_clay
2663,2026-08-04T18:34:03.274Z,-0.47097778,-0.030543372,3.2968063,-1.1132752,1,0,0,0,0.99386203,0.0005329751,0.0021311662,0.11723162,,minecraft:stained_hardened_clay
2664,2026-08-04T18:34:03.324Z,0.5651703,0.0060809776,-1.3187256,-0.95493925,1,0,0,0,0.99575704,0.000630885,0.002380393,0.13496697,,minecraft:stained_hardened_clay
2665,2026-08-04T18:34:03.374Z,2.449089,0.049264163,-14.411804,-1.7998867,1,0,0,0,0.9909616,0.0005819549,0.002692253,0.10004054,,minecraft:stained_hardened_clay
2666,2026-08-04T18:34:03.423Z,0.0,0.102741726,-14.9769745,-2.0913074,1,0,0,0,0.9533888,0.0005692114,0.0030612755,0.047682382,,minecraft:stained_hardened_clay
2667,2026-08-04T18:34:03.474Z,0.0,0.07295268,-1.3187294,-0.8907811,1,0,0,0,0.9134549,0.00061198743,0.0027480193,0.034431614,,minecraft:stained_hardened_clay
2668,2026-08-04T18:34:03.523Z,-0.37677765,0.025884293,1.7897034,0.43676654,1,0,0,0,0.9030669,0.00060127204,0.0021226783,0.030129492,,minecraft:stained_hardened_clay
2669,2026-08-04T18:34:03.575Z,0.18839264,-0.0051353276,1.2245483,1.1244302,1,0,0,0,0.89425164,0.0005705422,0.0017733275,0.027670916,,minecraft:stained_hardened_clay
2670,2026-08-04T18:34:03.625Z,0.28258514,-0.011073884,6.782028,1.5406948,1,0,0,1,0.9286349,0.0005838447,0.0015883937,0.033132132,minecraft:stained_hardened_clay,minecraft:stained_hardened_clay
2671,2026-08-04T18:34:03.673Z,-0.094192505,-0.033648558,10.173046,2.2857978,1,0,0,0,0.95635724,0.0006405596,0.001423178,0.044832997,,minecraft:stained_hardened_clay
2672,2026-08-04T18:34:03.724Z,1.1303253,-0.02443574,3.2026215,2.3490376,1,0,0,0,0.9831408,0.0007201802,0.0015407673,0.08412851,,minecraft:stained_hardened_clay
2673,2026-08-04T18:34:03.773Z,0.37677765,0.013339579,-1.6013031,1.4403468,1,0,0,0,0.9872416,0.00068266777,0.0017251341,0.101983026,,minecraft:stained_hardened_clay
2674,2026-08-04T18:34:03.825Z,2.354889,0.066353254,-10.738205,-0.4723235,1,0,0,0,0.96928096,0.0005704095,0.0022272756,0.07121463,,minecraft:stained_hardened_clay
2675,2026-08-04T18:34:03.875Z,1.1303253,0.084123515,-2.1664886,-2.1196578,1,0,0,0,0.87633795,0.00061552966,0.0034051507,0.042253233,,minecraft:stained_hardened_clay
2676,2026-08-04T18:34:03.925Z,0.0,0.08028682,0.09419632,-1.1786591,1,0,0,0,0.9454644,0.0008382034,0.0036540765,0.059862062,,minecraft:stained_hardened_clay
2677,2026-08-04T18:34:03.974Z,1.601326,0.044730403,6.5936317,0.14167857,1,0,0,0,0.9705319,0.0009338186,0.003088648,0.07907408,,minecraft:stained_hardened_clay
2678,2026-08-04T18:34:04.024Z,2.9200363,0.048581168,4.615555,0.97338027,1,0,0,0,0.97112083,0.00072816835,0.0020815043,0.05942461,,minecraft:stained_hardened_clay
2679,2026-08-04T18:34:04.074Z,0.18838501,0.025651358,0.094192505,1.7551007,1,0,0,0,0.9733751,0.00063000957,0.0015742509,0.054584377,,minecraft:stained_hardened_clay
2680,2026-08-04T18:34:04.123Z,0.0,0.011874646,-0.2825775,1.9729209,1,0,0,0,0.97391933,0.000571845,0.0013915123,0.052882213,,minecraft:stained_hardened_clay
2681,2026-08-04T18:34:04.173Z,0.0,0.010289073,-0.094192505,1.7472707,1,0,0,0,0.9704357,0.0005212715,0.0013511395,0.04875892,,minecraft:stained_hardened_clay
2682,2026-08-04T18:34:04.225Z,-1.2245255,0.008370765,1.6954956,1.4859756,1,0,0,0,0.9668923,0.0004892901,0.0013492595,0.04548516,,minecraft:stained_hardened_clay
2683,2026-08-04T18:34:04.274Z,-1.1303253,0.0026104674,2.543251,1.3586605,1,0,0,0,0.96211624,0.0004828332,0.0013661678,0.042958044,,minecraft:stained_hardened_clay
2684,2026-08-04T18:34:04.325Z,-0.2825775,-0.0047875643,1.130333,0.7934708,1,0,0,0,0.9624326,0.00054423633,0.0017278403,0.050723836,,minecraft:stained_hardened_clay
2685,2026-08-04T18:34:04.374Z,0.0,0.012386106,0.28258514,-0.07424356,1,0,0,0,0.9354657,0.00051212515,0.0019849741,0.04147954,,minecraft:stained_hardened_clay
2686,2026-08-04T18:34:04.425Z,-1.1303406,-0.00039178133,4.615547,-0.07364676,1,0,0,1,0.9308787,0.0006153352,0.0022951302,0.04715198,minecraft:stained_hardened_clay,minecraft:stained_hardened_clay
2687,2026-08-04T18:34:04.474Z,-0.094192505,-0.0051005557,0.9419403,-0.62196815,1,0,0,0,0.8924033,0.000711492,0.0029309345,0.047223233,,minecraft:stained_hardened_clay
2688,2026-08-04T18:34:04.524Z,-1.3187103,0.026385516,1.3187103,0.24410787,1,0,0,0,0.96788174,0.00081577396,0.0026289043,0.07164393,,minecraft:stained_hardened_clay
2689,2026-08-04T18:34:04.574Z,0.18839264,0.03521809,-1.3187103,1.023933,1,0,0,0,0.981927,0.0007789072,0.0021680417,0.086862825,,minecraft:stained_hardened_clay
2690,2026-08-04T18:34:04.625Z,0.37677002,0.037975416,-1.695488,1.6818467,1,0,0,0,0.9883531,0.0006761093,0.0015986566,0.08790241,,minecraft:stained_hardened_clay
2691,2026-08-04T18:34:04.675Z,0.0,0.02250252,-0.18838501,1.8465524,1,0,0,0,0.9897148,0.00061796466,0.001425566,0.08697469,,minecraft:stained_hardened_clay
2692,2026-08-04T18:34:04.724Z,0.0,0.010379896,0.0,1.761408,1,0,0,0,0.99038637,0.00057445565,0.0013550486,0.0859624,,minecraft:stained_hardened_clay
2693,2026-08-04T18:34:04.774Z,0.0,0.002530545,0.0,1.5836668,1,0,0,0,0.99055535,0.0005403854,0.0013286832,0.08405957,,minecraft:stained_hardened_clay
2694,2026-08-04T18:34:04.824Z,0.0,-0.0040889755,0.0,1.378478,1,0,0,0,0.9898645,0.0005114368,0.0013233116,0.07955432,,minecraft:stained_hardened_clay
2695,2026-08-04T18:34:04.875Z,0.0,-0.008157387,0.0,1.1712329,1,0,0,0,0.9880046,0.00048708904,0.0013328431,0.072488256,,minecraft:stained_hardened_clay
2696,2026-08-04T18:34:04.924Z,0.18838501,-0.013005897,0.47096252,1.0500638,1,0,0,0,0.98260456,0.0004905351,0.0014292934,0.06628994,,minecraft:stained_hardened_clay
2697,2026-08-04T18:34:04.975Z,0.0,-0.01455934,0.0,1.0079089,1,0,0,0,0.98333746,0.00046430266,0.0013364003,0.06206869,,minecraft:stained_hardened_clay
2698,2026-08-04T18:34:05.025Z,0.0,-0.011143301,0.0,0.8155574,1,0,0,0,0.9799959,0.00044660433,0.0013623396,0.05639741,,minecraft:stained_hardened_clay
2699,2026-08-04T18:34:05.075Z,0.47097015,-0.013662346,1.1303177,0.71807986,1,0,0,0,0.97701854,0.000437975,0.0013761157,0.052048188,,minecraft:stained_hardened_clay
2700,2026-08-04T18:34:05.125Z,1.507103,-0.01720059,2.0722733,0.7628553,1,0,0,0,0.9772929,0.00043750976,0.0013630651,0.051441003,,minecraft:stained_hardened_clay
2701,2026-08-04T18:34:05.175Z,0.37677002,-0.008202001,0.84773254,0.7932892,1,0,0,0,0.97831,0.0004116522,0.0013309562,0.05036334,,minecraft:stained_hardened_clay
2702,2026-08-04T18:34:05.225Z,0.0,0.0074490085,0.75354767,0.4089997,1,0,0,0,0.9744708,0.00041220157,0.001391501,0.049660783,,minecraft:stained_hardened_clay
2703,2026-08-04T18:34:05.274Z,0.0,0.00909815,1.6954727,0.061829917,1,0,0,0,0.98143953,0.00039236783,0.0013901627,0.054578725,,minecraft:stained_hardened_clay
2704,2026-08-04T18:34:05.324Z,0.0,-0.02204527,1.0361176,0.17335296,1,0,0,1,0.9923637,0.00035196013,0.0011965517,0.0687444,minecraft:stained_hardened_clay,minecraft:stained_hardened_clay
2705,2026-08-04T18:34:05.374Z,-0.094192505,-0.039427035,0.2825775,0.69288063,1,0,0,0,0.99692255,0.00036614828,0.0010924642,0.09418338,,minecraft:stained_hardened_clay
2706,2026-08-04T18:34:05.425Z,0.0,-0.02436123,0.0,-0.07985847,1,0,0,0,0.99620193,0.000362696,0.0012718902,0.09402724,,minecraft:stained_hardened_clay
2707,2026-08-04T18:34:05.474Z,0.0,0.011804029,0.0,-0.5278265,1,0,0,1,0.996467,0.00039330067,0.0015484337,0.09767099,minecraft:stained_hardened_clay,minecraft:stained_hardened_clay
2708,2026-08-04T18:34:05.525Z,-0.094192505,0.017791823,0.37677002,-0.6453621,1,0,0,0,0.99505496,0.00039716766,0.0015740861,0.08456356,,minecraft:stained_hardened_clay
2709,2026-08-04T18:34:05.574Z,0.0,-0.01674483,0.0,0.6163663,1,0,0,0,0.9966575,0.0004207811,0.0012258564,0.10128888,,minecraft:stained_hardened_clay
2710,2026-08-04T18:34:05.625Z,-0.094192505,-0.016721874,-0.75354767,0.9625229,1,0,0,0,0.996988,0.0004026844,0.0011160919,0.10880462,,minecraft:stained_hardened_clay
2711,2026-08-04T18:34:05.674Z,-0.18839264,-0.0021342635,-2.354828,0.5498406,1,0,0,0,0.99662846,0.00038990204,0.0011676986,0.10702573,,minecraft:stained_hardened_clay
2712,2026-08-04T18:34:05.724Z,-0.094192505,0.056348734,-3.014206,-0.8741063,1,0,0,0,0.9947354,0.00039568907,0.0016429956,0.08958964,,minecraft:stained_hardened_clay
2713,2026-08-04T18:34:05.775Z,-0.47097778,0.08246649,-9.136925,-1.8356316,1,0,0,0,0.98388046,0.0003428733,0.0018509825,0.05611874,,minecraft:stained_hardened_clay
2714,2026-08-04T18:34:05.826Z,-2.731659,0.124992885,-18.933159,-2.393839,1,0,0,0,0.9673507,0.0003255466,0.0021069532,0.038872905,,minecraft:stained_hardened_clay
2715,2026-08-04T18:34:05.876Z,1.5071335,0.13601884,-9.513672,-2.1819232,1,0,0,0,0.94376427,0.00035213618,0.0022137044,0.029606486,,minecraft:stained_hardened_clay
2716,2026-08-04T18:34:05.925Z,-2.731659,0.15362495,-1.1303406,-1.7864149,1,0,0,0,0.9059044,0.00035398925,0.0021011834,0.02355845,,minecraft:stained_hardened_clay
2717,2026-08-04T18:34:05.974Z,0.0,0.16342059,0.0,-0.74197286,1,0,0,0,0.9606709,0.0003769851,0.0016950268,0.031834874,,minecraft:stained_hardened_clay
2718,2026-08-04T18:34:06.024Z,0.0,0.13129482,0.0,0.090954505,1,0,0,0,0.9865866,0.00036676854,0.0012645472,0.04426059,,minecraft:stained_hardened_clay
2719,2026-08-04T18:34:06.076Z,0.0,0.17770752,0.0,-0.58407146,1,0,0,0,0.9841986,0.00032974692,0.0013147872,0.037780087,,minecraft:stained_hardened_clay
2720,2026-08-04T18:34:06.126Z,0.0,0.17423695,0.0,-0.5022091,1,0,0,0,0.9726256,0.0003264448,0.0013369743,0.028992351,,minecraft:stained_hardened_clay
2721,2026-08-04T18:34:06.175Z,0.0,0.1735701,0.0,-0.2856925,1,0,0,0,0.9534925,0.0003116279,0.0013019287,0.022988116,,minecraft:stained_hardened_clay
2722,2026-08-04T18:34:06.226Z,0.0,0.17584181,0.0,-0.23187038,1,0,0,0,0.9240885,0.00030612134,0.0013188099,0.019018259,,minecraft:stained_hardened_clay
2723,2026-08-04T18:34:06.277Z,0.0,0.18051746,0.0,-0.2585853,1,0,0,0,0.8863614,0.00031014887,0.00137021,0.01652645,,minecraft:stained_hardened_clay
2724,2026-08-04T18:34:06.326Z,0.2825775,0.18837702,-0.18839264,-0.30981547,1,0,0,0,0.8408685,0.00031931317,0.0014344021,0.014898448,,minecraft:stained_hardened_clay
2725,2026-08-04T18:34:06.376Z,0.56518555,0.23621133,-0.8477478,-0.45222297,1,0,0,0,0.79024315,0.00030649602,0.0014726516,0.014127349,,minecraft:stained_hardened_clay
2726,2026-08-04T18:34:06.426Z,-0.094192505,0.20611331,0.0,-0.08554805,1,0,0,0,0.9126865,0.00033702253,0.0013430659,0.020139804,,minecraft:stained_hardened_clay
2727,2026-08-04T18:34:06.475Z,0.0,0.1762051,0.0,0.008824475,1,0,0,0,0.95565766,0.000311363,0.0011841982,0.024207475,,minecraft:stained_hardened_clay
2728,2026-08-04T18:34:06.526Z,0.0,0.18434191,0.0,-0.35701331,1,0,0,0,0.9508749,0.00028896658,0.001206241,0.022905122,,minecraft:stained_hardened_clay
2729,2026-08-04T18:34:06.576Z,0.0,0.17077741,0.0,-0.27935174,1,0,0,0,0.97480583,0.0003448841,0.0013494503,0.032044522,,minecraft:stained_hardened_clay
2730,2026-08-04T18:34:06.624Z,0.0,0.16781798,0.0,-0.48802763,1,0,0,0,0.9750872,0.00036465595,0.0014683973,0.033408884,,minecraft:stained_hardened_clay
2731,2026-08-04T18:34:06.674Z,6.6878357,0.16959167,0.18838882,-0.39177185,1,0,0,0,0.9715379,0.00034945857,0.0013651515,0.028507423,,minecraft:stained_hardened_clay
2732,2026-08-04T18:34:06.724Z,33.815926,0.17391163,-0.18838882,-0.362362,1,0,0,0,0.9277524,0.00032134005,0.0013962009,0.019457052,,minecraft:stained_hardened_clay
2733,2026-08-04T18:34:06.775Z,50.017456,0.19891849,-1.6955032,-0.42301348,0,0,0,0,0.80293113,0.00032347534,0.001492516,0.013724016,,minecraft:stained_hardened_clay
2734,2026-08-04T18:34:06.825Z,42.481827,0.2045944,2.6374512,-0.32091582,0,0,0,0,0.6480371,0.00035039213,0.0015809941,0.011160515,,minecraft:stained_hardened_clay
2735,2026-08-04T18:34:06.875Z,20.534485,0.1974433,1.2245293,-0.1955055,0,0,0,0,0.5310417,0.00037703305,0.0016262456,0.010055306,,minecraft:stained_hardened_clay
2736,2026-08-04T18:34:06.926Z,4.9922943,0.19977689,-0.84775543,-0.20298544,0,0,0,0,0.39315304,0.00041097446,0.001736645,0.009001068,,minecraft:stained_hardened_clay
2737,2026-08-04T18:34:06.974Z,0.65934753,0.1956026,-0.28258896,-0.55738056,0,0,0,0,0.09225354,0.0005452104,0.0023915218,0.0063970257,,minecraft:stained_hardened_clay
2738,2026-08-04T18:34:07.027Z,1.6954651,0.18285158,-0.4709816,-1.0111912,0,0,0,0,0.028015595,0.00073017064,0.00330881,0.005293226,,minecraft:stained_hardened_clay
2739,2026-08-04T18:34:07.077Z,4.332947,0.19211942,-1.0361443,-1.2026783,0,0,0,0,0.010615778,0.0010462686,0.0047720913,0.004947113,,minecraft:stained_hardened_clay
2740,2026-08-04T18:34:07.126Z,8.854309,0.24550039,-1.4129219,-1.3135784,0,0,0,0,0.008347616,0.0015161248,0.00726612,0.006646954,,minecraft:stained_hardened_clay
2741,2026-08-04T18:34:07.177Z,9.136871,0.23558173,-3.9561768,-1.3248272,0,0,0,0,0.008559067,0.0020000592,0.0092136655,0.008111324,,minecraft:stained_hardened_clay
2742,2026-08-04T18:34:07.225Z,1.4129639,0.2007547,-1.4129219,-0.8665564,0,0,0,0,0.007121813,0.0028044428,0.009840806,0.008439599,,minecraft:stained_hardened_clay
2743,2026-08-04T18:34:07.277Z,0.0,0.07701423,0.0,-0.7527558,0,0,0,0,0.008725688,0.0024550299,0.0075965314,0.007009535,,minecraft:stained_hardened_clay
2744,2026-08-04T18:34:07.326Z,0.28259277,0.035327308,-1.9780922,-0.8461124,0,0,0,0,0.010432049,0.0018736183,0.0062929518,0.006486487,,minecraft:stained_hardened_clay
2745,2026-08-04T18:34:07.377Z,0.47097778,-0.009067275,-3.579399,-1.3651872,0,0,0,0,0.009595335,0.0013213244,0.0060941097,0.004812186,,minecraft:stained_hardened_clay
2746,2026-08-04T18:34:07.424Z,0.0,-0.026669323,-1.9780827,-1.6990399,0,0,0,0,0.009531764,0.0013414238,0.007050994,0.004787407,,minecraft:stained_hardened_clay
2747,2026-08-04T18:34:07.475Z,0.2826233,-0.04977805,-2.354868,-1.8207586,0,0,0,0,0.008754259,0.0016409163,0.008565583,0.005052265,,minecraft:stained_hardened_clay
2748,2026-08-04T18:34:07.525Z,-0.09420776,-0.069255285,-1.6013088,-1.7666129,0,0,0,0,0.008328517,0.0020371103,0.009957343,0.0056143953,,minecraft:stained_hardened_clay
2749,2026-08-04T18:34:07.576Z,-0.09420776,-0.07649579,-0.47097397,-1.655672,0,0,0,0,0.00786591,0.0023878023,0.010951651,0.0061143693,,minecraft:stained_hardened_clay
2750,2026-08-04T18:34:07.624Z,-0.7536011,-0.076761276,-3.108429,-1.5477314,0,0,0,0,0.007389242,0.0026935874,0.011682896,0.006497442,,minecraft:stained_hardened_clay
2751,2026-08-04T18:34:07.676Z,-0.4710083,-0.07450429,-0.8477516,-1.4586323,0,0,0,0,0.0069929897,0.0029265606,0.012150581,0.0067745806,,minecraft:stained_hardened_clay
2752,2026-08-04T18:34:07.728Z,0.0,-0.058633737,0.0,-1.0067592,0,0,0,0,0.0051936507,0.003132222,0.011103663,0.0068636835,,minecraft:stained_hardened_clay
2753,2026-08-04T18:34:07.776Z,-0.18841553,-0.046859555,0.18838882,-0.6559634,0,0,0,0,0.004158512,0.00302975,0.009663989,0.00650733,,minecraft:stained_hardened_clay
2754,2026-08-04T18:34:07.827Z,-0.09420776,-0.03997858,0.09419441,-0.4720432,0,0,0,0,0.0037161736,0.0027924057,0.008483052,0.006190924,,minecraft:stained_hardened_clay
2755,2026-08-04T18:34:07.876Z,0.0,-0.03259331,0.0,-0.41665277,0,0,0,0,0.003732974,0.002690863,0.008057934,0.006172782,,minecraft:stained_hardened_clay
2756,2026-08-04T18:34:07.925Z,0.0,-0.030411936,0.0,-0.3946269,0,0,0,0,0.0038788458,0.0026610012,0.007867541,0.0062173144,,minecraft:stained_hardened_clay
2757,2026-08-04T18:34:07.980Z,0.0,-0.0315531,0.0,-0.36478654,0,0,0,0,0.004032026,0.0025670768,0.0075076316,0.006169486,,minecraft:stained_hardened_clay
2758,2026-08-04T18:34:08.026Z,0.0,-0.03478792,0.0,-0.34571603,0,0,0,0,0.0042043375,0.002477213,0.007200224,0.006102572,,minecraft:stained_hardened_clay
2759,2026-08-04T18:34:08.075Z,0.0,-0.034249377,-0.28258324,-0.6235157,0,0,0,0,0.012200528,0.002379571,0.007149007,0.0065342328,,minecraft:stained_hardened_clay
2760,2026-08-04T18:34:08.125Z,-0.09420776,-0.016365863,-1.4129181,-0.9565842,0,0,0,0,0.03261912,0.0019346478,0.00654676,0.0076824804,,minecraft:stained_hardened_clay
2761,2026-08-04T18:34:08.174Z,1.3188171,-0.008990899,-3.2968168,-1.2388762,0,0,0,0,0.05656289,0.0017139422,0.0063752164,0.008554269,,minecraft:stained_hardened_clay
2762,2026-08-04T18:34:08.229Z,0.6593933,-0.008505695,-5.2749095,-1.4157827,0,0,0,0,0.06817747,0.0016598832,0.006540079,0.009033783,,minecraft:stained_hardened_clay
2763,2026-08-04T18:34:08.275Z,0.565155,0.059254877,-9.513676,-1.8926877,0,0,0,0,0.041601025,0.0016557366,0.007479477,0.008448159,,minecraft:stained_hardened_clay
2764,2026-08-04T18:34:08.327Z,0.47097778,0.06743715,-3.861987,-1.7488457,0,0,0,0,0.024133056,0.001953427,0.00834264,0.007723016,,minecraft:stained_hardened_clay
2765,2026-08-04T18:34:08.379Z,0.0,0.05052454,0.0,-1.1323504,0,0,0,0,0.011932071,0.0022492218,0.008111654,0.007970749,,minecraft:stained_hardened_clay
2766,2026-08-04T18:34:08.425Z,0.0,0.04686778,0.0,-0.6115634,0,0,0,0,0.006046456,0.0024548583,0.00788373,0.007181344,,minecraft:stained_hardened_clay
2767,2026-08-04T18:34:08.474Z,0.0,0.05125992,0.0,-0.3933777,0,0,0,0,0.0038596236,0.0024529358,0.0074493773,0.006229272,,minecraft:stained_hardened_clay
2768,2026-08-04T18:34:08.525Z,0.0,0.035363913,0.0,-0.34868786,0,0,0,0,0.003682319,0.0024385045,0.007272293,0.0059875343,,minecraft:stained_hardened_clay
2769,2026-08-04T18:34:08.576Z,0.0,0.049864613,0.0,-0.057017185,0,0,0,0,0.0035649962,0.0025275333,0.0065374095,0.0071999417,,minecraft:stained_hardened_clay
2770,2026-08-04T18:34:08.624Z,0.0,0.058343165,0.0,0.03328625,0,0,0,0,0.0033443912,0.002569483,0.006370699,0.007904136,,minecraft:stained_hardened_clay
2771,2026-08-04T18:34:08.676Z,0.0,0.03856516,0.0,0.05689963,0,0,0,0,0.0039799274,0.0023147045,0.0055093574,0.007204898,,minecraft:stained_hardened_clay
2772,2026-08-04T18:34:08.724Z,0.0,0.071002506,0.0,-0.061188262,0,0,0,0,0.0029561454,0.002291338,0.0058440072,0.006471585,,minecraft:stained_hardened_clay
2773,2026-08-04T18:34:08.776Z,0.0,0.11563227,0.0,0.009415768,0,0,0,0,0.004086523,0.002326477,0.0060267798,0.008046102,,minecraft:stained_hardened_clay
2774,2026-08-04T18:34:08.827Z,0.0,0.13562167,0.0,0.1330064,0,0,0,0,0.0068368227,0.0024658933,0.006229553,0.01043867,,minecraft:stained_hardened_clay
2775,2026-08-04T18:34:08.978Z,175.18973,0.04628133,5.607772,0.1626608,0,0,0,0,0.0037503329,0.0024620374,0.0065598944,0.008234945,,minecraft:stained_hardened_clay
2776,2026-08-04T18:34:08.980Z,0.0,0.06041237,0.0,0.003661573,0,0,0,0,0.003089532,0.0017425142,0.0053356937,0.0057732295,,minecraft:stained_hardened_clay
2777,2026-08-04T18:34:08.981Z,0.0,0.068422236,0.0,0.049447484,0,0,0,0,0.0039852895,0.0015723528,0.004780142,0.0054934984,,minecraft:stained_hardened_clay
2778,2026-08-04T18:34:09.024Z,0.0,0.07875397,0.0,0.05353842,0,0,0,0,0.0054282947,0.0013777005,0.00429492,0.0052860677,,minecraft:stained_hardened_clay
2779,2026-08-04T18:34:09.074Z,0.0,0.08108006,0.0,-0.049003366,0,0,0,0,0.0030984464,0.0013061434,0.004179685,0.004571008,,minecraft:stained_hardened_clay
2780,2026-08-04T18:34:09.125Z,0.0,0.082395606,0.0,-0.056633662,0,0,0,0,0.002316619,0.0013010238,0.004157148,0.004194634,,minecraft:stained_hardened_clay
2781,2026-08-04T18:34:09.177Z,0.0,0.0865043,0.0,-0.05900134,0,0,0,0,0.0020337424,0.0013085247,0.0041719438,0.0040463936,,minecraft:stained_hardened_clay
2782,2026-08-04T18:34:09.225Z,0.0,0.08849282,0.0,-0.06345207,0,0,0,0,0.001887123,0.0013181468,0.0041884645,0.003964211,,minecraft:stained_hardened_clay
2783,2026-08-04T18:34:09.277Z,0.0,0.0885812,0.0,-0.06492781,0,0,0,0,0.0018048123,0.0013247202,0.0041948333,0.003913844,,minecraft:stained_hardened_clay
2784,2026-08-04T18:34:09.326Z,0.0,0.08694982,0.0,-0.063547045,0,0,0,0,0.0017626641,0.0013300672,0.004197294,0.00389167,,minecraft:stained_hardened_clay
2785,2026-08-04T18:34:09.375Z,0.0,0.08468125,0.0,-0.060339373,0,0,0,0,0.0017418632,0.001332963,0.0041915462,0.003881686,,minecraft:stained_hardened_clay
2786,2026-08-04T18:34:09.428Z,0.0,0.08239374,0.0,-0.05524245,0,0,0,0,0.0017341262,0.001334019,0.0041792304,0.003878219,,minecraft:stained_hardened_clay
2787,2026-08-04T18:34:09.477Z,0.0,0.08013549,0.0,-0.049142845,0,0,0,0,0.0017339373,0.0013344937,0.0041651404,0.0038803678,,minecraft:stained_hardened_clay
2788,2026-08-04T18:34:09.525Z,0.0,0.07799316,0.0,-0.042337406,0,0,0,0,0.0017393718,0.0013345985,0.0041502956,0.0038869036,,minecraft:stained_hardened_clay
2789,2026-08-04T18:34:09.577Z,0.0,0.075819395,0.0,-0.034988806,0,0,0,0,0.0017508658,0.0013358258,0.004137723,0.003901173,,minecraft:stained_hardened_clay
2790,2026-08-04T18:34:09.626Z,0.0,0.07354451,0.0,-0.02775836,0,0,0,0,0.0017684064,0.0013381431,0.0041269613,0.003921663,,minecraft:stained_hardened_clay
2791,2026-08-04T18:34:09.676Z,0.0,0.07191191,0.0,-0.022384115,0,0,0,0,0.0017756444,0.00133408,0.0041002156,0.0039195903,,minecraft:stained_hardened_clay
2792,2026-08-04T18:34:09.726Z,0.0,0.07041063,0.0,-0.017056912,0,0,0,0,0.0017839387,0.0013298683,0.0040737265,0.003918788,,minecraft:stained_hardened_clay
2793,2026-08-04T18:34:09.776Z,0.0,0.06906832,0.0,-0.011765838,0,0,0,0,0.0017939908,0.0013254838,0.0040470855,0.0039187637,,minecraft:stained_hardened_clay
2794,2026-08-04T18:34:09.826Z,0.0,0.06781735,0.0,-0.0067624524,0,0,0,0,0.0018036109,0.0013210305,0.0040212977,0.003919002,,minecraft:stained_hardened_clay
2795,2026-08-04T18:34:09.875Z,0.0,0.066567294,0.0,-0.002399817,0,0,0,0,0.0018121386,0.0013186936,0.0040028417,0.003922816,,minecraft:stained_hardened_clay
2796,2026-08-04T18:34:09.925Z,0.0,0.065436624,0.0,3.6150217e-05,0,0,0,0,0.0018211806,0.0013178185,0.0039902385,0.003928016,,minecraft:stained_hardened_clay
2797,2026-08-04T18:34:09.975Z,0.0,0.063781045,0.0,0.0039558634,0,0,0,0,0.0018244245,0.001317567,0.0039756577,0.0039319224,,minecraft:stained_hardened_clay
2798,2026-08-04T18:34:10.028Z,0.0,0.0619841,0.0,0.008647345,0,0,0,0,0.0018247389,0.0013195084,0.0039657983,0.0039392165,,minecraft:stained_hardened_clay
2799,2026-08-04T18:34:10.075Z,0.0,0.060573734,0.0,0.016448207,0,0,0,0,0.0018309122,0.0013132872,0.003933729,0.0039412268,,minecraft:stained_hardened_clay
2800,2026-08-04T18:34:10.128Z,0.0,0.05820536,0.0,0.025448404,0,0,0,0,0.0018642854,0.0012994987,0.0038810922,0.0039476748,,minecraft:stained_hardened_clay
2801,2026-08-04T18:34:10.178Z,0.0,0.05764144,0.0,0.026475169,0,0,0,0,0.0018934737,0.0013000594,0.0038718637,0.003957076,,minecraft:stained_hardened_clay
2802,2026-08-04T18:34:10.227Z,0.0,0.058805473,0.0,0.01689101,0,0,0,0,0.0019242844,0.0013240982,0.003925722,0.0039960262,,minecraft:stained_hardened_clay
2803,2026-08-04T18:34:10.277Z,0.0,0.057639144,0.0,-0.00428582,0,0,0,0,0.0020346213,0.0013240858,0.0039352407,0.0039970535,,minecraft:stained_hardened_clay
2804,2026-08-04T18:34:10.328Z,0.0,0.053755604,0.0,0.0043367073,0,0,0,0,0.0020972777,0.0013219531,0.0039022642,0.0040123486,,minecraft:stained_hardened_clay
2805,2026-08-04T18:34:10.380Z,0.0,0.047151558,0.0,-0.003045179,0,0,0,0,0.0017857661,0.0014581034,0.0042400965,0.004059206,,minecraft:stained_hardened_clay
2806,2026-08-04T18:34:10.425Z,0.0,0.030998588,0.0,-0.039396837,0,0,0,0,0.0015446895,0.0018012141,0.005061455,0.0042646304,,minecraft:stained_hardened_clay
2807,2026-08-04T18:34:10.477Z,0.0,0.029982403,0.0,-0.034355335,0,0,0,0,0.0015495238,0.0017948279,0.005043942,0.004252646,,minecraft:stained_hardened_clay
2808,2026-08-04T18:34:10.525Z,0.0,0.029900096,0.0,-0.036967576,0,0,0,0,0.0015492251,0.0017979941,0.0050568637,0.004253609,,minecraft:stained_hardened_clay
2809,2026-08-04T18:34:10.577Z,0.0,0.029768288,0.0,-0.039838172,0,0,0,0,0.0015493644,0.0018002327,0.0050677727,0.0042523895,,minecraft:stained_hardened_clay
2810,2026-08-04T18:34:10.627Z,0.0,0.029554456,0.0,-0.04288601,0,0,0,0,0.0015512198,0.0018000475,0.0050738803,0.0042490815,,minecraft:stained_hardened_clay
2811,2026-08-04T18:34:10.677Z,0.0,0.02954521,0.0,-0.04278714,0,0,0,0,0.0015514105,0.0018000125,0.0050735604,0.004249185,,minecraft:stained_hardened_clay
2812,2026-08-04T18:34:10.730Z,0.0,0.029515296,0.0,-0.04259389,0,0,0,0,0.0015518086,0.0017997657,0.005072398,0.0042490046,,minecraft:stained_hardened_clay
2813,2026-08-04T18:34:10.776Z,0.0,0.02947627,0.0,-0.042409964,0,0,0,0,0.0015522408,0.0017994831,0.005071209,0.004248765,,minecraft:stained_hardened_clay
2814,2026-08-04T18:34:10.827Z,0.0,0.029454514,0.0,-0.04231395,0,0,0,0,0.0015524685,0.0017993279,0.005070473,0.004248555,,minecraft:stained_hardened_clay
2815,2026-08-04T18:34:10.880Z,0.0,0.029455394,0.0,-0.042304635,0,0,0,0,0.0015524678,0.0017993015,0.005070372,0.004248499,,minecraft:stained_hardened_clay
2816,2026-08-04T18:34:10.927Z,0.0,0.02943524,0.0,-0.04223412,0,0,0,0,0.0015525448,0.0017992157,0.0050699944,0.004248448,,minecraft:stained_hardened_clay
2817,2026-08-04T18:34:10.980Z,0.0,0.029427245,0.0,-0.042188328,0,0,0,0,0.0015526467,0.0017991926,0.0050697895,0.0042484743,,minecraft:stained_hardened_clay
2818,2026-08-04T18:34:11.028Z,0.0,0.029424682,0.0,-0.042187102,0,0,0,0,0.0015526675,0.0017992064,0.0050698095,0.0042484542,,minecraft:stained_hardened_clay
2819,2026-08-04T18:34:11.078Z,0.0,0.02942694,0.0,-0.04218337,0,0,0,0,0.0015526704,0.0017991738,0.0050697275,0.0042484216,,minecraft:stained_hardened_clay
2820,2026-08-04T18:34:11.129Z,0.0,0.02942694,0.0,-0.04218337,0,0,0,0,0.0015526704,0.0017991738,0.0050697275,0.0042484216,,minecraft:stained_hardened_clay
2821,2026-08-04T18:34:11.182Z,0.0,0.02942694,0.0,-0.04218337,0,0,0,0,0.0015526704,0.0017991738,0.0050697275,0.0042484216,,minecraft:stained_hardened_clay
2822,2026-08-04T18:34:11.226Z,0.0,0.02942694,0.0,-0.04218337,0,0,0,0,0.0015526704,0.0017991738,0.0050697275,0.0042484216,,minecraft:stained_hardened_clay
2823,2026-08-04T18:34:11.279Z,0.0,0.02942694,0.0,-0.04218337,0,0,0,0,0.0015526704,0.0017991738,0.0050697275,0.0042484216,,minecraft:stained_hardened_clay
2824,2026-08-04T18:34:11.328Z,0.0,0.02942694,0.0,-0.04218337,0,0,0,0,0.0015526704,0.0017991738,0.0050697275,0.0042484216,,minecraft:stained_hardened_clay
2825,2026-08-04T18:34:11.377Z,0.0,0.02942694,0.0,-0.04218337,0,0,0,0,0.0015526704,0.0017991738,0.0050697275,0.0042484216,,minecraft:stained_hardened_clay
2826,2026-08-04T18:34:11.436Z,0.0,0.02942694,0.0,-0.04218337,0,0,0,0,0.0015526704,0.0017991738,0.0050697275,0.0042484216,,minecraft:stained_hardened_clay
2827,2026-08-04T18:34:11.479Z,0.0,0.02942694,0.0,-0.04218337,0,0,0,0,0.0015526704,0.0017991738,0.0050697275,0.0042484216,,minecraft:stained_hardened_clay
2828,2026-08-04T18:34:11.533Z,0.0,0.02942694,0.0,-0.04218337,0,0,0,0,0.0015526704,0.0017991738,0.0050697275,0.0042484216,,minecraft:stained_hardened_clay
2829,2026-08-04T18:34:11.586Z,0.0,0.02942694,0.0,-0.04218337,0,0,0,0,0.0015526704,0.0017991738,0.0050697275,0.0042484216,,minecraft:stained_hardened_clay
2830,2026-08-04T18:34:11.630Z,0.0,0.02942694,0.0,-0.04218337,0,0,0,0,0.0015526704,0.0017991738,0.0050697275,0.0042484216,,minecraft:stained_hardened_clay
2831,2026-08-04T18:34:11.682Z,0.0,0.02942694,0.0,-0.04218337,0,0,0,0,0.0015526704,0.0017991738,0.0050697275,0.0042484216,,minecraft:stained_hardened_clay
2832,2026-08-04T18:34:11.733Z,0.0,0.02942694,0.0,-0.04218337,0,0,0,0,0.0015526704,0.0017991738,0.0050697275,0.0042484216,,minecraft:stained_hardened_clay
2833,2026-08-04T18:34:11.783Z,0.0,0.02942694,0.0,-0.04218337,0,0,0,0,0.0015526704,0.0017991738,0.0050697275,0.0042484216,,minecraft:stained_hardened_clay
2834,2026-08-04T18:34:11.834Z,0.0,0.02942694,0.0,-0.04218337,0,0,0,0,0.0015526704,0.0017991738,0.0050697275,0.0042484216,,minecraft:stained_hardened_clay
2835,2026-08-04T18:34:11.884Z,0.0,0.02942694,0.0,-0.04218337,0,0,0,0,0.0015526704,0.0017991738,0.0050697275,0.0042484216,,minecraft:stained_hardened_clay
2836,2026-08-04T18:34:11.933Z,0.0,0.02942694,0.0,-0.04218337,0,0,0,0,0.0015526704,0.0017991738,0.0050697275,0.0042484216,,minecraft:stained_hardened_clay
2837,2026-08-04T18:34:11.982Z,0.0,0.02942694,0.0,-0.04218337,0,0,0,0,0.0015526704,0.0017991738,0.0050697275,0.0042484216,,minecraft:stained_hardened_clay
2838,2026-08-04T18:34:12.032Z,0.0,0.02942694,0.0,-0.04218337,0,0,0,0,0.0015526704,0.0017991738,0.0050697275,0.0042484216,,minecraft:stained_hardened_clay
2839,2026-08-04T18:34:12.082Z,0.0,0.02942694,0.0,-0.04218337,0,0,0,0,0.0015526704,0.0017991738,0.0050697275,0.0042484216,,minecraft:stained_hardened_clay
2840,2026-08-04T18:34:12.131Z,0.0,0.02942694,0.0,-0.04218337,0,0,0,0,0.0015526704,0.0017991738,0.0050697275,0.0042484216,,minecraft:stained_hardened_clay
2841,2026-08-04T18:34:12.178Z,0.0,0.02942694,0.0,-0.04218337,0,0,0,0,0.0015526704,0.0017991738,0.0050697275,0.0042484216,,minecraft:stained_hardened_clay
2842,2026-08-04T18:34:12.234Z,0.0,0.02942694,0.0,-0.04218337,0,0,0,0,0.0015526704,0.0017991738,0.0050697275,0.0042484216,,minecraft:stained_hardened_clay
2843,2026-08-04T18:34:12.283Z,0.0,0.02942694,0.0,-0.04218337,0,0,0,0,0.0015526704,0.0017991738,0.0050697275,0.0042484216,,minecraft:stained_hardened_clay
2844,2026-08-04T18:34:12.332Z,0.0,0.02942694,0.0,-0.04218337,0,0,0,0,0.0015526704,0.0017991738,0.0050697275,0.0042484216,,minecraft:stained_hardened_clay
2845,2026-08-04T18:34:12.381Z,0.0,0.02942694,0.0,-0.04218337,0,0,0,0,0.0015526704,0.0017991738,0.0050697275,0.0042484216,,minecraft:stained_hardened_clay
2846,2026-08-04T18:34:12.437Z,0.0,0.02942694,0.0,-0.04218337,0,0,0,0,0.0015526704,0.0017991738,0.0050697275,0.0042484216,,minecraft:stained_hardened_clay
2847,2026-08-04T18:34:12.484Z,0.0,0.02942694,0.0,-0.04218337,0,0,0,0,0.0015526704,0.0017991738,0.0050697275,0.0042484216,,minecraft:stained_hardened_clay
2848,2026-08-04T18:34:12.537Z,0.0,0.02942694,0.0,-0.04218337,0,0,0,0,0.0015526704,0.0017991738,0.0050697275,0.0042484216,,minecraft:stained_hardened_clay
2849,2026-08-04T18:34:12.584Z,0.0,0.02942694,0.0,-0.04218337,0,0,0,0,0.0015526704,0.0017991738,0.0050697275,0.0042484216,,minecraft:stained_hardened_clay
2850,2026-08-04T18:34:12.636Z,0.0,0.02942694,0.0,-0.04218337,0,0,0,0,0.0015526704,0.0017991738,0.0050697275,0.0042484216,,minecraft:stained_hardened_clay
2851,2026-08-04T18:34:12.680Z,0.0,0.02942694,0.0,-0.04218337,0,0,0,0,0.0015526704,0.0017991738,0.0050697275,0.0042484216,,minecraft:stained_hardened_clay
2852,2026-08-04T18:34:12.733Z,0.0,0.02942694,0.0,-0.04218337,0,0,0,0,0.0015526704,0.0017991738,0.0050697275,0.0042484216,,minecraft:stained_hardened_clay
2853,2026-08-04T18:34:12.778Z,0.0,0.02942694,0.0,-0.04218337,0,0,0,0,0.0015526704,0.0017991738,0.0050697275,0.0042484216,,minecraft:stained_hardened_clay
2854,2026-08-04T18:34:12.827Z,0.0,0.02942694,0.0,-0.04218337,0,0,0,0,0.0015526704,0.0017991738,0.0050697275,0.0042484216,,minecraft:stained_hardened_clay
2855,2026-08-04T18:34:12.880Z,0.0,0.02942694,0.0,-0.04218337,0,0,0,0,0.0015526704,0.0017991738,0.0050697275,0.0042484216,,minecraft:stained_hardened_clay
2856,2026-08-04T18:34:12.939Z,0.0,0.02942694,0.0,-0.04218337,0,0,0,0,0.0015526704,0.0017991738,0.0050697275,0.0042484216,,minecraft:stained_hardened_clay
2857,2026-08-04T18:34:12.979Z,0.0,0.02942694,0.0,-0.04218337,0,0,0,0,0.0015526704,0.0017991738,0.0050697275,0.0042484216,,minecraft:stained_hardened_clay
2858,2026-08-04T18:34:13.029Z,0.0,0.02942694,0.0,-0.04218337,0,0,0,0,0.0015526704,0.0017991738,0.0050697275,0.0042484216,,minecraft:stained_hardened_clay
2859,2026-08-04T18:34:13.079Z,0.0,0.02942694,0.0,-0.04218337,0,0,0,0,0.0015526704,0.0017991738,0.0050697275,0.0042484216,,minecraft:stained_hardened_clay
2860,2026-08-04T18:34:13.127Z,0.0,0.02942694,0.0,-0.04218337,0,0,0,0,0.0015526704,0.0017991738,0.0050697275,0.0042484216,,minecraft:stained_hardened_clay
2861,2026-08-04T18:34:13.180Z,0.0,0.02942694,0.0,-0.04218337,0,0,0,0,0.0015526704,0.0017991738,0.0050697275,0.0042484216,,minecraft:stained_hardened_clay
2862,2026-08-04T18:34:13.231Z,0.0,0.02942694,0.0,-0.04218337,0,0,0,0,0.0015526704,0.0017991738,0.0050697275,0.0042484216,,minecraft:stained_hardened_clay
2863,2026-08-04T18:34:13.277Z,0.0,0.02942694,0.0,-0.04218337,0,0,0,0,0.0015526704,0.0017991738,0.0050697275,0.0042484216,,minecraft:stained_hardened_clay
2864,2026-08-04T18:34:13.327Z,0.0,0.02942694,0.0,-0.04218337,0,0,0,0,0.0015526704,0.0017991738,0.0050697275,0.0042484216,,minecraft:stained_hardened_clay
2865,2026-08-04T18:34:13.377Z,0.0,0.02942694,0.0,-0.04218337,0,0,0,0,0.0015526704,0.0017991738,0.0050697275,0.0042484216,,minecraft:stained_hardened_clay
2866,2026-08-04T18:34:13.427Z,0.0,0.02942694,0.0,-0.04218337,0,0,0,0,0.0015526704,0.0017991738,0.0050697275,0.0042484216,,minecraft:stained_hardened_clay
2867,2026-08-04T18:34:13.480Z,0.0,0.02942694,0.0,-0.04218337,0,0,0,0,0.0015526704,0.0017991738,0.0050697275,0.0042484216,,minecraft:stained_hardened_clay
2868,2026-08-04T18:34:13.526Z,0.0,0.02942694,0.0,-0.04218337,0,0,0,0,0.0015526704,0.0017991738,0.0050697275,0.0042484216,,minecraft:stained_hardened_clay
2869,2026-08-04T18:34:13.578Z,0.0,0.02942694,0.0,-0.04218337,0,0,0,0,0.0015526704,0.0017991738,0.0050697275,0.0042484216,,minecraft:stained_hardened_clay
2870,2026-08-04T18:34:13.628Z,0.0,0.02942694,0.0,-0.04218337,0,0,0,0,0.0015526704,0.0017991738,0.0050697275,0.0042484216,,minecraft:stained_hardened_clay
2871,2026-08-04T18:34:13.676Z,0.0,0.02942694,0.0,-0.04218337,0,0,0,0,0.0015526704,0.0017991738,0.0050697275,0.0042484216,,minecraft:stained_hardened_clay
2872,2026-08-04T18:34:13.725Z,0.0,0.02942694,0.0,-0.04218337,0,0,0,0,0.0015526704,0.0017991738,0.0050697275,0.0042484216,,minecraft:stained_hardened_clay
2873,2026-08-04T18:34:13.775Z,0.0,0.02942694,0.0,-0.04218337,0,0,0,0,0.0015526704,0.0017991738,0.0050697275,0.0042484216,,minecraft:stained_hardened_clay
2874,2026-08-04T18:34:13.828Z,0.0,0.02942694,0.0,-0.04218337,0,0,0,0,0.0015526704,0.0017991738,0.0050697275,0.0042484216,,minecraft:stained_hardened_clay
2875,2026-08-04T18:34:13.875Z,0.0,0.02942694,0.0,-0.04218337,0,0,0,0,0.0015526704,0.0017991738,0.0050697275,0.0042484216,,minecraft:stained_hardened_clay
2876,2026-08-04T18:34:13.927Z,0.0,0.02942694,0.0,-0.04218337,0,0,0,0,0.0015526704,0.0017991738,0.0050697275,0.0042484216,,minecraft:stained_hardened_clay
2877,2026-08-04T18:34:13.976Z,0.0,0.02942694,0.0,-0.04218337,0,0,0,0,0.0015526704,0.0017991738,0.0050697275,0.0042484216,,minecraft:stained_hardened_clay
2878,2026-08-04T18:34:14.026Z,0.0,0.02942694,0.0,-0.04218337,0,0,0,0,0.0015526704,0.0017991738,0.0050697275,0.0042484216,,minecraft:stained_hardened_clay
2879,2026-08-04T18:34:14.080Z,0.0,0.02942694,0.0,-0.04218337,0,0,0,0,0.0015526704,0.0017991738,0.0050697275,0.0042484216,,minecraft:stained_hardened_clay
2880,2026-08-04T18:34:14.126Z,0.0,0.02942694,0.0,-0.04218337,0,0,0,0,0.0015526704,0.0017991738,0.0050697275,0.0042484216,,minecraft:stained_hardened_clay
2881,2026-08-04T18:34:14.176Z,0.0,0.02942694,0.0,-0.04218337,0,0,0,0,0.0015526704,0.0017991738,0.0050697275,0.0042484216,,minecraft:stained_hardened_clay
2882,2026-08-04T18:34:14.229Z,0.0,0.02942694,0.0,-0.04218337,0,0,0,0,0.0015526704,0.0017991738,0.0050697275,0.0042484216,,minecraft:stained_hardened_clay
2883,2026-08-04T18:34:14.275Z,0.0,0.02942694,0.0,-0.04218337,0,0,0,0,0.0015526704,0.0017991738,0.0050697275,0.0042484216,,minecraft:stained_hardened_clay
2884,2026-08-04T18:34:14.328Z,0.0,0.02942694,0.0,-0.04218337,0,0,0,0,0.0015526704,0.0017991738,0.0050697275,0.0042484216,,minecraft:stained_hardened_clay
2885,2026-08-04T18:34:14.375Z,0.0,0.02942694,0.0,-0.04218337,0,0,0,0,0.0015526704,0.0017991738,0.0050697275,0.0042484216,,minecraft:stained_hardened_clay
2886,2026-08-04T18:34:14.430Z,0.0,0.02942694,0.0,-0.04218337,0,0,0,0,0.0015526704,0.0017991738,0.0050697275,0.0042484216,,minecraft:stained_hardened_clay
2887,2026-08-04T18:34:14.478Z,0.0,0.02942694,0.0,-0.04218337,0,0,0,0,0.0015526704,0.0017991738,0.0050697275,0.0042484216,,minecraft:stained_hardened_clay
2888,2026-08-04T18:34:14.525Z,0.0,0.02942694,0.0,-0.04218337,0,0,0,0,0.0015526704,0.0017991738,0.0050697275,0.0042484216,,minecraft:stained_hardened_clay
2889,2026-08-04T18:34:14.579Z,0.0,0.02942694,0.0,-0.04218337,0,0,0,0,0.0015526704,0.0017991738,0.0050697275,0.0042484216,,minecraft:stained_hardened_clay
2890,2026-08-04T18:34:14.628Z,0.0,0.02942694,0.0,-0.04218337,0,0,0,0,0.0015526704,0.0017991738,0.0050697275,0.0042484216,,minecraft:stained_hardened_clay
